kpi_id,measure,unit,level,scope,period,formula,inputs,calculation,result,inputs_built_from
OPS-001,Production vs plan,%,Plant,Plant 01,2026-04,good_output_t / planned_production_t x 100,good_output_t=87087; planned_production_t=88515,(100*87087/88515),98.39,plant input (mock)
OPS-001,Production vs plan,%,Plant,Plant 01,2026-05,good_output_t / planned_production_t x 100,good_output_t=80872; planned_production_t=88139,(100*80872/88139),91.76,plant input (mock)
OPS-001,Production vs plan,%,Plant,Plant 01,2026-06,good_output_t / planned_production_t x 100,good_output_t=81129; planned_production_t=88801,(100*81129/88801),91.36,plant input (mock)
OPS-001,Production vs plan,%,Plant,Plant 01,2026-07,good_output_t / planned_production_t x 100,good_output_t=83254; planned_production_t=88152,(100*83254/88152),94.44,plant input (mock)
OPS-001,Production vs plan,%,Plant,Plant 01,2026-08,good_output_t / planned_production_t x 100,good_output_t=87527; planned_production_t=91424,(100*87527/91424),95.74,plant input (mock)
OPS-001,Production vs plan,%,Plant,Plant 01,2026-09,good_output_t / planned_production_t x 100,good_output_t=81854; planned_production_t=85234,(100*81854/85234),96.03,plant input (mock)
OPS-001,Production vs plan,%,Plant,Plant 02,2026-04,good_output_t / planned_production_t x 100,good_output_t=98478; planned_production_t=117160,(100*98478/117160),84.05,plant input (mock)
OPS-001,Production vs plan,%,Plant,Plant 02,2026-05,good_output_t / planned_production_t x 100,good_output_t=96839; planned_production_t=118660,(100*96839/118660),81.61,plant input (mock)
OPS-001,Production vs plan,%,Plant,Plant 02,2026-06,good_output_t / planned_production_t x 100,good_output_t=91848; planned_production_t=120521,(100*91848/120521),76.21,plant input (mock)
OPS-001,Production vs plan,%,Plant,Plant 02,2026-07,good_output_t / planned_production_t x 100,good_output_t=97731; planned_production_t=122135,(100*97731/122135),80.02,plant input (mock)
OPS-001,Production vs plan,%,Plant,Plant 02,2026-08,good_output_t / planned_production_t x 100,good_output_t=86596; planned_production_t=109907,(100*86596/109907),78.79,plant input (mock)
OPS-001,Production vs plan,%,Plant,Plant 02,2026-09,good_output_t / planned_production_t x 100,good_output_t=95233; planned_production_t=121475,(100*95233/121475),78.4,plant input (mock)
OPS-001,Production vs plan,%,Plant,Plant 03,2026-04,good_output_t / planned_production_t x 100,good_output_t=135597; planned_production_t=140381,(100*135597/140381),96.59,plant input (mock)
OPS-001,Production vs plan,%,Plant,Plant 03,2026-05,good_output_t / planned_production_t x 100,good_output_t=123727; planned_production_t=139327,(100*123727/139327),88.8,plant input (mock)
OPS-001,Production vs plan,%,Plant,Plant 03,2026-06,good_output_t / planned_production_t x 100,good_output_t=129167; planned_production_t=141008,(100*129167/141008),91.6,plant input (mock)
OPS-001,Production vs plan,%,Plant,Plant 03,2026-07,good_output_t / planned_production_t x 100,good_output_t=141110; planned_production_t=143590,(100*141110/143590),98.27,plant input (mock)
OPS-001,Production vs plan,%,Plant,Plant 03,2026-08,good_output_t / planned_production_t x 100,good_output_t=138449; planned_production_t=151538,(100*138449/151538),91.36,plant input (mock)
OPS-001,Production vs plan,%,Plant,Plant 03,2026-09,good_output_t / planned_production_t x 100,good_output_t=139711; planned_production_t=140379,(100*139711/140379),99.52,plant input (mock)
OPS-001,Production vs plan,%,Plant,Plant 04,2026-04,good_output_t / planned_production_t x 100,good_output_t=77084; planned_production_t=79171,(100*77084/79171),97.36,plant input (mock)
OPS-001,Production vs plan,%,Plant,Plant 04,2026-05,good_output_t / planned_production_t x 100,good_output_t=76321; planned_production_t=84525,(100*76321/84525),90.29,plant input (mock)
OPS-001,Production vs plan,%,Plant,Plant 04,2026-06,good_output_t / planned_production_t x 100,good_output_t=75177; planned_production_t=81891,(100*75177/81891),91.8,plant input (mock)
OPS-001,Production vs plan,%,Plant,Plant 04,2026-07,good_output_t / planned_production_t x 100,good_output_t=77695; planned_production_t=82701,(100*77695/82701),93.95,plant input (mock)
OPS-001,Production vs plan,%,Plant,Plant 04,2026-08,good_output_t / planned_production_t x 100,good_output_t=77594; planned_production_t=76728,(100*77594/76728),101.13,plant input (mock)
OPS-001,Production vs plan,%,Plant,Plant 04,2026-09,good_output_t / planned_production_t x 100,good_output_t=81694; planned_production_t=79048,(100*81694/79048),103.35,plant input (mock)
OPS-001,Production vs plan,%,Plant,Plant 05,2026-04,good_output_t / planned_production_t x 100,good_output_t=129454; planned_production_t=129763,(100*129454/129763),99.76,plant input (mock)
OPS-001,Production vs plan,%,Plant,Plant 05,2026-05,good_output_t / planned_production_t x 100,good_output_t=121753; planned_production_t=121141,(100*121753/121141),100.51,plant input (mock)
OPS-001,Production vs plan,%,Plant,Plant 05,2026-06,good_output_t / planned_production_t x 100,good_output_t=123027; planned_production_t=131151,(100*123027/131151),93.81,plant input (mock)
OPS-001,Production vs plan,%,Plant,Plant 05,2026-07,good_output_t / planned_production_t x 100,good_output_t=136982; planned_production_t=137952,(100*136982/137952),99.3,plant input (mock)
OPS-001,Production vs plan,%,Plant,Plant 05,2026-08,good_output_t / planned_production_t x 100,good_output_t=123607; planned_production_t=126640,(100*123607/126640),97.61,plant input (mock)
OPS-001,Production vs plan,%,Plant,Plant 05,2026-09,good_output_t / planned_production_t x 100,good_output_t=132787; planned_production_t=130881,(100*132787/130881),101.46,plant input (mock)
OPS-001,Production vs plan,%,Plant,Plant 06,2026-04,good_output_t / planned_production_t x 100,good_output_t=101956; planned_production_t=99263,(100*101956/99263),102.71,plant input (mock)
OPS-001,Production vs plan,%,Plant,Plant 06,2026-05,good_output_t / planned_production_t x 100,good_output_t=90953; planned_production_t=93083,(100*90953/93083),97.71,plant input (mock)
OPS-001,Production vs plan,%,Plant,Plant 06,2026-06,good_output_t / planned_production_t x 100,good_output_t=97786; planned_production_t=101737,(100*97786/101737),96.12,plant input (mock)
OPS-001,Production vs plan,%,Plant,Plant 06,2026-07,good_output_t / planned_production_t x 100,good_output_t=100958; planned_production_t=103750,(100*100958/103750),97.31,plant input (mock)
OPS-001,Production vs plan,%,Plant,Plant 06,2026-08,good_output_t / planned_production_t x 100,good_output_t=97315; planned_production_t=105368,(100*97315/105368),92.36,plant input (mock)
OPS-001,Production vs plan,%,Plant,Plant 06,2026-09,good_output_t / planned_production_t x 100,good_output_t=94388; planned_production_t=98037,(100*94388/98037),96.28,plant input (mock)
OPS-001,Production vs plan,%,Entity,Entity A1,2026-04,good_output_t / planned_production_t x 100,good_output_t=321162; planned_production_t=346056,(100*321162/346056),92.81,"good_output_t = SUM of [Plant 01, Plant 02, Plant 03]; planned_production_t = SUM of [Plant 01, Plant 02, Plant 03]"
OPS-001,Production vs plan,%,Entity,Entity A1,2026-05,good_output_t / planned_production_t x 100,good_output_t=301438; planned_production_t=346126,(100*301438/346126),87.09,"good_output_t = SUM of [Plant 01, Plant 02, Plant 03]; planned_production_t = SUM of [Plant 01, Plant 02, Plant 03]"
OPS-001,Production vs plan,%,Entity,Entity A1,2026-06,good_output_t / planned_production_t x 100,good_output_t=302144; planned_production_t=350330,(100*302144/350330),86.25,"good_output_t = SUM of [Plant 01, Plant 02, Plant 03]; planned_production_t = SUM of [Plant 01, Plant 02, Plant 03]"
OPS-001,Production vs plan,%,Entity,Entity A1,2026-07,good_output_t / planned_production_t x 100,good_output_t=322095; planned_production_t=353877,(100*322095/353877),91.02,"good_output_t = SUM of [Plant 01, Plant 02, Plant 03]; planned_production_t = SUM of [Plant 01, Plant 02, Plant 03]"
OPS-001,Production vs plan,%,Entity,Entity A1,2026-08,good_output_t / planned_production_t x 100,good_output_t=312572; planned_production_t=352869,(100*312572/352869),88.58,"good_output_t = SUM of [Plant 01, Plant 02, Plant 03]; planned_production_t = SUM of [Plant 01, Plant 02, Plant 03]"
OPS-001,Production vs plan,%,Entity,Entity A1,2026-09,good_output_t / planned_production_t x 100,good_output_t=316798; planned_production_t=347088,(100*316798/347088),91.27,"good_output_t = SUM of [Plant 01, Plant 02, Plant 03]; planned_production_t = SUM of [Plant 01, Plant 02, Plant 03]"
OPS-001,Production vs plan,%,Entity,Entity A2,2026-04,good_output_t / planned_production_t x 100,good_output_t=308494; planned_production_t=308197,(100*308494/308197),100.1,"good_output_t = SUM of [Plant 04, Plant 05, Plant 06]; planned_production_t = SUM of [Plant 04, Plant 05, Plant 06]"
OPS-001,Production vs plan,%,Entity,Entity A2,2026-05,good_output_t / planned_production_t x 100,good_output_t=289027; planned_production_t=298749,(100*289027/298749),96.75,"good_output_t = SUM of [Plant 04, Plant 05, Plant 06]; planned_production_t = SUM of [Plant 04, Plant 05, Plant 06]"
OPS-001,Production vs plan,%,Entity,Entity A2,2026-06,good_output_t / planned_production_t x 100,good_output_t=295990; planned_production_t=314779,(100*295990/314779),94.03,"good_output_t = SUM of [Plant 04, Plant 05, Plant 06]; planned_production_t = SUM of [Plant 04, Plant 05, Plant 06]"
OPS-001,Production vs plan,%,Entity,Entity A2,2026-07,good_output_t / planned_production_t x 100,good_output_t=315635; planned_production_t=324403,(100*315635/324403),97.3,"good_output_t = SUM of [Plant 04, Plant 05, Plant 06]; planned_production_t = SUM of [Plant 04, Plant 05, Plant 06]"
OPS-001,Production vs plan,%,Entity,Entity A2,2026-08,good_output_t / planned_production_t x 100,good_output_t=298516; planned_production_t=308736,(100*298516/308736),96.69,"good_output_t = SUM of [Plant 04, Plant 05, Plant 06]; planned_production_t = SUM of [Plant 04, Plant 05, Plant 06]"
OPS-001,Production vs plan,%,Entity,Entity A2,2026-09,good_output_t / planned_production_t x 100,good_output_t=308869; planned_production_t=307966,(100*308869/307966),100.29,"good_output_t = SUM of [Plant 04, Plant 05, Plant 06]; planned_production_t = SUM of [Plant 04, Plant 05, Plant 06]"
OPS-001,Production vs plan,%,Group,Group,2026-04,good_output_t / planned_production_t x 100,good_output_t=629656; planned_production_t=654253,(100*629656/654253),96.24,"good_output_t = SUM of [Entity A1, Entity A2]; planned_production_t = SUM of [Entity A1, Entity A2]"
OPS-001,Production vs plan,%,Group,Group,2026-05,good_output_t / planned_production_t x 100,good_output_t=590465; planned_production_t=644875,(100*590465/644875),91.56,"good_output_t = SUM of [Entity A1, Entity A2]; planned_production_t = SUM of [Entity A1, Entity A2]"
OPS-001,Production vs plan,%,Group,Group,2026-06,good_output_t / planned_production_t x 100,good_output_t=598134; planned_production_t=665109,(100*598134/665109),89.93,"good_output_t = SUM of [Entity A1, Entity A2]; planned_production_t = SUM of [Entity A1, Entity A2]"
OPS-001,Production vs plan,%,Group,Group,2026-07,good_output_t / planned_production_t x 100,good_output_t=637730; planned_production_t=678280,(100*637730/678280),94.02,"good_output_t = SUM of [Entity A1, Entity A2]; planned_production_t = SUM of [Entity A1, Entity A2]"
OPS-001,Production vs plan,%,Group,Group,2026-08,good_output_t / planned_production_t x 100,good_output_t=611088; planned_production_t=661605,(100*611088/661605),92.36,"good_output_t = SUM of [Entity A1, Entity A2]; planned_production_t = SUM of [Entity A1, Entity A2]"
OPS-001,Production vs plan,%,Group,Group,2026-09,good_output_t / planned_production_t x 100,good_output_t=625667; planned_production_t=655054,(100*625667/655054),95.51,"good_output_t = SUM of [Entity A1, Entity A2]; planned_production_t = SUM of [Entity A1, Entity A2]"
OPS-003,Capacity utilization,%,Plant,Plant 01,2026-04,good_output_t / installed_capacity_t x 100,good_output_t=87087; installed_capacity_t=98712,(100*87087/98712),88.22,plant input (mock)
OPS-003,Capacity utilization,%,Plant,Plant 01,2026-05,good_output_t / installed_capacity_t x 100,good_output_t=80872; installed_capacity_t=102002,(100*80872/102002),79.28,plant input (mock)
OPS-003,Capacity utilization,%,Plant,Plant 01,2026-06,good_output_t / installed_capacity_t x 100,good_output_t=81129; installed_capacity_t=98712,(100*81129/98712),82.19,plant input (mock)
OPS-003,Capacity utilization,%,Plant,Plant 01,2026-07,good_output_t / installed_capacity_t x 100,good_output_t=83254; installed_capacity_t=102002,(100*83254/102002),81.62,plant input (mock)
OPS-003,Capacity utilization,%,Plant,Plant 01,2026-08,good_output_t / installed_capacity_t x 100,good_output_t=87527; installed_capacity_t=102002,(100*87527/102002),85.81,plant input (mock)
OPS-003,Capacity utilization,%,Plant,Plant 01,2026-09,good_output_t / installed_capacity_t x 100,good_output_t=81854; installed_capacity_t=98712,(100*81854/98712),82.92,plant input (mock)
OPS-003,Capacity utilization,%,Plant,Plant 02,2026-04,good_output_t / installed_capacity_t x 100,good_output_t=98478; installed_capacity_t=136008,(100*98478/136008),72.41,plant input (mock)
OPS-003,Capacity utilization,%,Plant,Plant 02,2026-05,good_output_t / installed_capacity_t x 100,good_output_t=96839; installed_capacity_t=140542,(100*96839/140542),68.9,plant input (mock)
OPS-003,Capacity utilization,%,Plant,Plant 02,2026-06,good_output_t / installed_capacity_t x 100,good_output_t=91848; installed_capacity_t=136008,(100*91848/136008),67.53,plant input (mock)
OPS-003,Capacity utilization,%,Plant,Plant 02,2026-07,good_output_t / installed_capacity_t x 100,good_output_t=97731; installed_capacity_t=140542,(100*97731/140542),69.54,plant input (mock)
OPS-003,Capacity utilization,%,Plant,Plant 02,2026-08,good_output_t / installed_capacity_t x 100,good_output_t=86596; installed_capacity_t=140542,(100*86596/140542),61.62,plant input (mock)
OPS-003,Capacity utilization,%,Plant,Plant 02,2026-09,good_output_t / installed_capacity_t x 100,good_output_t=95233; installed_capacity_t=136008,(100*95233/136008),70.02,plant input (mock)
OPS-003,Capacity utilization,%,Plant,Plant 03,2026-04,good_output_t / installed_capacity_t x 100,good_output_t=135597; installed_capacity_t=162288,(100*135597/162288),83.55,plant input (mock)
OPS-003,Capacity utilization,%,Plant,Plant 03,2026-05,good_output_t / installed_capacity_t x 100,good_output_t=123727; installed_capacity_t=167698,(100*123727/167698),73.78,plant input (mock)
OPS-003,Capacity utilization,%,Plant,Plant 03,2026-06,good_output_t / installed_capacity_t x 100,good_output_t=129167; installed_capacity_t=162288,(100*129167/162288),79.59,plant input (mock)
OPS-003,Capacity utilization,%,Plant,Plant 03,2026-07,good_output_t / installed_capacity_t x 100,good_output_t=141110; installed_capacity_t=167698,(100*141110/167698),84.15,plant input (mock)
OPS-003,Capacity utilization,%,Plant,Plant 03,2026-08,good_output_t / installed_capacity_t x 100,good_output_t=138449; installed_capacity_t=167698,(100*138449/167698),82.56,plant input (mock)
OPS-003,Capacity utilization,%,Plant,Plant 03,2026-09,good_output_t / installed_capacity_t x 100,good_output_t=139711; installed_capacity_t=162288,(100*139711/162288),86.09,plant input (mock)
OPS-003,Capacity utilization,%,Plant,Plant 04,2026-04,good_output_t / installed_capacity_t x 100,good_output_t=77084; installed_capacity_t=91296,(100*77084/91296),84.43,plant input (mock)
OPS-003,Capacity utilization,%,Plant,Plant 04,2026-05,good_output_t / installed_capacity_t x 100,good_output_t=76321; installed_capacity_t=94339,(100*76321/94339),80.9,plant input (mock)
OPS-003,Capacity utilization,%,Plant,Plant 04,2026-06,good_output_t / installed_capacity_t x 100,good_output_t=75177; installed_capacity_t=91296,(100*75177/91296),82.34,plant input (mock)
OPS-003,Capacity utilization,%,Plant,Plant 04,2026-07,good_output_t / installed_capacity_t x 100,good_output_t=77695; installed_capacity_t=94339,(100*77695/94339),82.36,plant input (mock)
OPS-003,Capacity utilization,%,Plant,Plant 04,2026-08,good_output_t / installed_capacity_t x 100,good_output_t=77594; installed_capacity_t=94339,(100*77594/94339),82.25,plant input (mock)
OPS-003,Capacity utilization,%,Plant,Plant 04,2026-09,good_output_t / installed_capacity_t x 100,good_output_t=81694; installed_capacity_t=91296,(100*81694/91296),89.48,plant input (mock)
OPS-003,Capacity utilization,%,Plant,Plant 05,2026-04,good_output_t / installed_capacity_t x 100,good_output_t=129454; installed_capacity_t=147600,(100*129454/147600),87.71,plant input (mock)
OPS-003,Capacity utilization,%,Plant,Plant 05,2026-05,good_output_t / installed_capacity_t x 100,good_output_t=121753; installed_capacity_t=152520,(100*121753/152520),79.83,plant input (mock)
OPS-003,Capacity utilization,%,Plant,Plant 05,2026-06,good_output_t / installed_capacity_t x 100,good_output_t=123027; installed_capacity_t=147600,(100*123027/147600),83.35,plant input (mock)
OPS-003,Capacity utilization,%,Plant,Plant 05,2026-07,good_output_t / installed_capacity_t x 100,good_output_t=136982; installed_capacity_t=152520,(100*136982/152520),89.81,plant input (mock)
OPS-003,Capacity utilization,%,Plant,Plant 05,2026-08,good_output_t / installed_capacity_t x 100,good_output_t=123607; installed_capacity_t=152520,(100*123607/152520),81.04,plant input (mock)
OPS-003,Capacity utilization,%,Plant,Plant 05,2026-09,good_output_t / installed_capacity_t x 100,good_output_t=132787; installed_capacity_t=147600,(100*132787/147600),89.96,plant input (mock)
OPS-003,Capacity utilization,%,Plant,Plant 06,2026-04,good_output_t / installed_capacity_t x 100,good_output_t=101956; installed_capacity_t=113904,(100*101956/113904),89.51,plant input (mock)
OPS-003,Capacity utilization,%,Plant,Plant 06,2026-05,good_output_t / installed_capacity_t x 100,good_output_t=90953; installed_capacity_t=117701,(100*90953/117701),77.27,plant input (mock)
OPS-003,Capacity utilization,%,Plant,Plant 06,2026-06,good_output_t / installed_capacity_t x 100,good_output_t=97786; installed_capacity_t=113904,(100*97786/113904),85.85,plant input (mock)
OPS-003,Capacity utilization,%,Plant,Plant 06,2026-07,good_output_t / installed_capacity_t x 100,good_output_t=100958; installed_capacity_t=117701,(100*100958/117701),85.77,plant input (mock)
OPS-003,Capacity utilization,%,Plant,Plant 06,2026-08,good_output_t / installed_capacity_t x 100,good_output_t=97315; installed_capacity_t=117701,(100*97315/117701),82.68,plant input (mock)
OPS-003,Capacity utilization,%,Plant,Plant 06,2026-09,good_output_t / installed_capacity_t x 100,good_output_t=94388; installed_capacity_t=113904,(100*94388/113904),82.87,plant input (mock)
OPS-003,Capacity utilization,%,Entity,Entity A1,2026-04,good_output_t / installed_capacity_t x 100,good_output_t=321162; installed_capacity_t=397008,(100*321162/397008),80.9,"good_output_t = SUM of [Plant 01, Plant 02, Plant 03]; installed_capacity_t = SUM of [Plant 01, Plant 02, Plant 03]"
OPS-003,Capacity utilization,%,Entity,Entity A1,2026-05,good_output_t / installed_capacity_t x 100,good_output_t=301438; installed_capacity_t=410242,(100*301438/410242),73.48,"good_output_t = SUM of [Plant 01, Plant 02, Plant 03]; installed_capacity_t = SUM of [Plant 01, Plant 02, Plant 03]"
OPS-003,Capacity utilization,%,Entity,Entity A1,2026-06,good_output_t / installed_capacity_t x 100,good_output_t=302144; installed_capacity_t=397008,(100*302144/397008),76.11,"good_output_t = SUM of [Plant 01, Plant 02, Plant 03]; installed_capacity_t = SUM of [Plant 01, Plant 02, Plant 03]"
OPS-003,Capacity utilization,%,Entity,Entity A1,2026-07,good_output_t / installed_capacity_t x 100,good_output_t=322095; installed_capacity_t=410242,(100*322095/410242),78.51,"good_output_t = SUM of [Plant 01, Plant 02, Plant 03]; installed_capacity_t = SUM of [Plant 01, Plant 02, Plant 03]"
OPS-003,Capacity utilization,%,Entity,Entity A1,2026-08,good_output_t / installed_capacity_t x 100,good_output_t=312572; installed_capacity_t=410242,(100*312572/410242),76.19,"good_output_t = SUM of [Plant 01, Plant 02, Plant 03]; installed_capacity_t = SUM of [Plant 01, Plant 02, Plant 03]"
OPS-003,Capacity utilization,%,Entity,Entity A1,2026-09,good_output_t / installed_capacity_t x 100,good_output_t=316798; installed_capacity_t=397008,(100*316798/397008),79.8,"good_output_t = SUM of [Plant 01, Plant 02, Plant 03]; installed_capacity_t = SUM of [Plant 01, Plant 02, Plant 03]"
OPS-003,Capacity utilization,%,Entity,Entity A2,2026-04,good_output_t / installed_capacity_t x 100,good_output_t=308494; installed_capacity_t=352800,(100*308494/352800),87.44,"good_output_t = SUM of [Plant 04, Plant 05, Plant 06]; installed_capacity_t = SUM of [Plant 04, Plant 05, Plant 06]"
OPS-003,Capacity utilization,%,Entity,Entity A2,2026-05,good_output_t / installed_capacity_t x 100,good_output_t=289027; installed_capacity_t=364560,(100*289027/364560),79.28,"good_output_t = SUM of [Plant 04, Plant 05, Plant 06]; installed_capacity_t = SUM of [Plant 04, Plant 05, Plant 06]"
OPS-003,Capacity utilization,%,Entity,Entity A2,2026-06,good_output_t / installed_capacity_t x 100,good_output_t=295990; installed_capacity_t=352800,(100*295990/352800),83.9,"good_output_t = SUM of [Plant 04, Plant 05, Plant 06]; installed_capacity_t = SUM of [Plant 04, Plant 05, Plant 06]"
OPS-003,Capacity utilization,%,Entity,Entity A2,2026-07,good_output_t / installed_capacity_t x 100,good_output_t=315635; installed_capacity_t=364560,(100*315635/364560),86.58,"good_output_t = SUM of [Plant 04, Plant 05, Plant 06]; installed_capacity_t = SUM of [Plant 04, Plant 05, Plant 06]"
OPS-003,Capacity utilization,%,Entity,Entity A2,2026-08,good_output_t / installed_capacity_t x 100,good_output_t=298516; installed_capacity_t=364560,(100*298516/364560),81.88,"good_output_t = SUM of [Plant 04, Plant 05, Plant 06]; installed_capacity_t = SUM of [Plant 04, Plant 05, Plant 06]"
OPS-003,Capacity utilization,%,Entity,Entity A2,2026-09,good_output_t / installed_capacity_t x 100,good_output_t=308869; installed_capacity_t=352800,(100*308869/352800),87.55,"good_output_t = SUM of [Plant 04, Plant 05, Plant 06]; installed_capacity_t = SUM of [Plant 04, Plant 05, Plant 06]"
OPS-003,Capacity utilization,%,Group,Group,2026-04,good_output_t / installed_capacity_t x 100,good_output_t=629656; installed_capacity_t=749808,(100*629656/749808),83.98,"good_output_t = SUM of [Entity A1, Entity A2]; installed_capacity_t = SUM of [Entity A1, Entity A2]"
OPS-003,Capacity utilization,%,Group,Group,2026-05,good_output_t / installed_capacity_t x 100,good_output_t=590465; installed_capacity_t=774802,(100*590465/774802),76.21,"good_output_t = SUM of [Entity A1, Entity A2]; installed_capacity_t = SUM of [Entity A1, Entity A2]"
OPS-003,Capacity utilization,%,Group,Group,2026-06,good_output_t / installed_capacity_t x 100,good_output_t=598134; installed_capacity_t=749808,(100*598134/749808),79.77,"good_output_t = SUM of [Entity A1, Entity A2]; installed_capacity_t = SUM of [Entity A1, Entity A2]"
OPS-003,Capacity utilization,%,Group,Group,2026-07,good_output_t / installed_capacity_t x 100,good_output_t=637730; installed_capacity_t=774802,(100*637730/774802),82.31,"good_output_t = SUM of [Entity A1, Entity A2]; installed_capacity_t = SUM of [Entity A1, Entity A2]"
OPS-003,Capacity utilization,%,Group,Group,2026-08,good_output_t / installed_capacity_t x 100,good_output_t=611088; installed_capacity_t=774802,(100*611088/774802),78.87,"good_output_t = SUM of [Entity A1, Entity A2]; installed_capacity_t = SUM of [Entity A1, Entity A2]"
OPS-003,Capacity utilization,%,Group,Group,2026-09,good_output_t / installed_capacity_t x 100,good_output_t=625667; installed_capacity_t=749808,(100*625667/749808),83.44,"good_output_t = SUM of [Entity A1, Entity A2]; installed_capacity_t = SUM of [Entity A1, Entity A2]"
PLT-001,Asset utilization,%,Plant,Plant 01,2026-04,run_hours / calendar_hours x 100,run_hours=692.3; calendar_hours=720,(100*692.3/720),96.15,plant input (mock)
PLT-001,Asset utilization,%,Plant,Plant 01,2026-05,run_hours / calendar_hours x 100,run_hours=702.5; calendar_hours=744,(100*702.5/744),94.42,plant input (mock)
PLT-001,Asset utilization,%,Plant,Plant 01,2026-06,run_hours / calendar_hours x 100,run_hours=681.5; calendar_hours=720,(100*681.5/720),94.65,plant input (mock)
PLT-001,Asset utilization,%,Plant,Plant 01,2026-07,run_hours / calendar_hours x 100,run_hours=701.6; calendar_hours=744,(100*701.6/744),94.3,plant input (mock)
PLT-001,Asset utilization,%,Plant,Plant 01,2026-08,run_hours / calendar_hours x 100,run_hours=710.7; calendar_hours=744,(100*710.7/744),95.52,plant input (mock)
PLT-001,Asset utilization,%,Plant,Plant 01,2026-09,run_hours / calendar_hours x 100,run_hours=664.5; calendar_hours=720,(100*664.5/720),92.29,plant input (mock)
PLT-001,Asset utilization,%,Plant,Plant 02,2026-04,run_hours / calendar_hours x 100,run_hours=675.1; calendar_hours=720,(100*675.1/720),93.76,plant input (mock)
PLT-001,Asset utilization,%,Plant,Plant 02,2026-05,run_hours / calendar_hours x 100,run_hours=630.7; calendar_hours=744,(100*630.7/744),84.77,plant input (mock)
PLT-001,Asset utilization,%,Plant,Plant 02,2026-06,run_hours / calendar_hours x 100,run_hours=669.9; calendar_hours=720,(100*669.9/720),93.04,plant input (mock)
PLT-001,Asset utilization,%,Plant,Plant 02,2026-07,run_hours / calendar_hours x 100,run_hours=655.4; calendar_hours=744,(100*655.4/744),88.09,plant input (mock)
PLT-001,Asset utilization,%,Plant,Plant 02,2026-08,run_hours / calendar_hours x 100,run_hours=603.4; calendar_hours=744,(100*603.4/744),81.1,plant input (mock)
PLT-001,Asset utilization,%,Plant,Plant 02,2026-09,run_hours / calendar_hours x 100,run_hours=624.3; calendar_hours=720,(100*624.3/720),86.71,plant input (mock)
PLT-001,Asset utilization,%,Plant,Plant 03,2026-04,run_hours / calendar_hours x 100,run_hours=679.1; calendar_hours=720,(100*679.1/720),94.32,plant input (mock)
PLT-001,Asset utilization,%,Plant,Plant 03,2026-05,run_hours / calendar_hours x 100,run_hours=644.2; calendar_hours=744,(100*644.2/744),86.59,plant input (mock)
PLT-001,Asset utilization,%,Plant,Plant 03,2026-06,run_hours / calendar_hours x 100,run_hours=672.3; calendar_hours=720,(100*672.3/720),93.38,plant input (mock)
PLT-001,Asset utilization,%,Plant,Plant 03,2026-07,run_hours / calendar_hours x 100,run_hours=697.8; calendar_hours=744,(100*697.8/744),93.79,plant input (mock)
PLT-001,Asset utilization,%,Plant,Plant 03,2026-08,run_hours / calendar_hours x 100,run_hours=711.9; calendar_hours=744,(100*711.9/744),95.69,plant input (mock)
PLT-001,Asset utilization,%,Plant,Plant 03,2026-09,run_hours / calendar_hours x 100,run_hours=695.4; calendar_hours=720,(100*695.4/720),96.58,plant input (mock)
PLT-001,Asset utilization,%,Plant,Plant 04,2026-04,run_hours / calendar_hours x 100,run_hours=688.4; calendar_hours=720,(100*688.4/720),95.61,plant input (mock)
PLT-001,Asset utilization,%,Plant,Plant 04,2026-05,run_hours / calendar_hours x 100,run_hours=690.2; calendar_hours=744,(100*690.2/744),92.77,plant input (mock)
PLT-001,Asset utilization,%,Plant,Plant 04,2026-06,run_hours / calendar_hours x 100,run_hours=673.8; calendar_hours=720,(100*673.8/720),93.58,plant input (mock)
PLT-001,Asset utilization,%,Plant,Plant 04,2026-07,run_hours / calendar_hours x 100,run_hours=708.1; calendar_hours=744,(100*708.1/744),95.17,plant input (mock)
PLT-001,Asset utilization,%,Plant,Plant 04,2026-08,run_hours / calendar_hours x 100,run_hours=649.4; calendar_hours=744,(100*649.4/744),87.28,plant input (mock)
PLT-001,Asset utilization,%,Plant,Plant 04,2026-09,run_hours / calendar_hours x 100,run_hours=690.6; calendar_hours=720,(100*690.6/720),95.92,plant input (mock)
PLT-001,Asset utilization,%,Plant,Plant 05,2026-04,run_hours / calendar_hours x 100,run_hours=684.5; calendar_hours=720,(100*684.5/720),95.07,plant input (mock)
PLT-001,Asset utilization,%,Plant,Plant 05,2026-05,run_hours / calendar_hours x 100,run_hours=642.5; calendar_hours=744,(100*642.5/744),86.36,plant input (mock)
PLT-001,Asset utilization,%,Plant,Plant 05,2026-06,run_hours / calendar_hours x 100,run_hours=680.7; calendar_hours=720,(100*680.7/720),94.54,plant input (mock)
PLT-001,Asset utilization,%,Plant,Plant 05,2026-07,run_hours / calendar_hours x 100,run_hours=715.3; calendar_hours=744,(100*715.3/744),96.14,plant input (mock)
PLT-001,Asset utilization,%,Plant,Plant 05,2026-08,run_hours / calendar_hours x 100,run_hours=644.6; calendar_hours=744,(100*644.6/744),86.64,plant input (mock)
PLT-001,Asset utilization,%,Plant,Plant 05,2026-09,run_hours / calendar_hours x 100,run_hours=689.9; calendar_hours=720,(100*689.9/720),95.82,plant input (mock)
PLT-001,Asset utilization,%,Plant,Plant 06,2026-04,run_hours / calendar_hours x 100,run_hours=694.1; calendar_hours=720,(100*694.1/720),96.4,plant input (mock)
PLT-001,Asset utilization,%,Plant,Plant 06,2026-05,run_hours / calendar_hours x 100,run_hours=650.0; calendar_hours=744,(100*650.0/744),87.37,plant input (mock)
PLT-001,Asset utilization,%,Plant,Plant 06,2026-06,run_hours / calendar_hours x 100,run_hours=685.1; calendar_hours=720,(100*685.1/720),95.15,plant input (mock)
PLT-001,Asset utilization,%,Plant,Plant 06,2026-07,run_hours / calendar_hours x 100,run_hours=699.9; calendar_hours=744,(100*699.9/744),94.07,plant input (mock)
PLT-001,Asset utilization,%,Plant,Plant 06,2026-08,run_hours / calendar_hours x 100,run_hours=702.0; calendar_hours=744,(100*702.0/744),94.35,plant input (mock)
PLT-001,Asset utilization,%,Plant,Plant 06,2026-09,run_hours / calendar_hours x 100,run_hours=680.7; calendar_hours=720,(100*680.7/720),94.54,plant input (mock)
PLT-001,Asset utilization,%,Entity,Entity A1,2026-04,run_hours / calendar_hours x 100,run_hours=2046.5; calendar_hours=2160,(100*2046.5/2160),94.75,"run_hours = SUM of [Plant 01, Plant 02, Plant 03]; calendar_hours = SUM of [Plant 01, Plant 02, Plant 03]"
PLT-001,Asset utilization,%,Entity,Entity A1,2026-05,run_hours / calendar_hours x 100,run_hours=1977.4; calendar_hours=2232,(100*1977.4/2232),88.59,"run_hours = SUM of [Plant 01, Plant 02, Plant 03]; calendar_hours = SUM of [Plant 01, Plant 02, Plant 03]"
PLT-001,Asset utilization,%,Entity,Entity A1,2026-06,run_hours / calendar_hours x 100,run_hours=2023.7; calendar_hours=2160,(100*2023.7/2160),93.69,"run_hours = SUM of [Plant 01, Plant 02, Plant 03]; calendar_hours = SUM of [Plant 01, Plant 02, Plant 03]"
PLT-001,Asset utilization,%,Entity,Entity A1,2026-07,run_hours / calendar_hours x 100,run_hours=2054.8; calendar_hours=2232,(100*2054.8/2232),92.06,"run_hours = SUM of [Plant 01, Plant 02, Plant 03]; calendar_hours = SUM of [Plant 01, Plant 02, Plant 03]"
PLT-001,Asset utilization,%,Entity,Entity A1,2026-08,run_hours / calendar_hours x 100,run_hours=2026.0; calendar_hours=2232,(100*2026.0/2232),90.77,"run_hours = SUM of [Plant 01, Plant 02, Plant 03]; calendar_hours = SUM of [Plant 01, Plant 02, Plant 03]"
PLT-001,Asset utilization,%,Entity,Entity A1,2026-09,run_hours / calendar_hours x 100,run_hours=1984.2; calendar_hours=2160,(100*1984.2/2160),91.86,"run_hours = SUM of [Plant 01, Plant 02, Plant 03]; calendar_hours = SUM of [Plant 01, Plant 02, Plant 03]"
PLT-001,Asset utilization,%,Entity,Entity A2,2026-04,run_hours / calendar_hours x 100,run_hours=2067.0; calendar_hours=2160,(100*2067.0/2160),95.69,"run_hours = SUM of [Plant 04, Plant 05, Plant 06]; calendar_hours = SUM of [Plant 04, Plant 05, Plant 06]"
PLT-001,Asset utilization,%,Entity,Entity A2,2026-05,run_hours / calendar_hours x 100,run_hours=1982.7; calendar_hours=2232,(100*1982.7/2232),88.83,"run_hours = SUM of [Plant 04, Plant 05, Plant 06]; calendar_hours = SUM of [Plant 04, Plant 05, Plant 06]"
PLT-001,Asset utilization,%,Entity,Entity A2,2026-06,run_hours / calendar_hours x 100,run_hours=2039.6; calendar_hours=2160,(100*2039.6/2160),94.43,"run_hours = SUM of [Plant 04, Plant 05, Plant 06]; calendar_hours = SUM of [Plant 04, Plant 05, Plant 06]"
PLT-001,Asset utilization,%,Entity,Entity A2,2026-07,run_hours / calendar_hours x 100,run_hours=2123.3; calendar_hours=2232,(100*2123.3/2232),95.13,"run_hours = SUM of [Plant 04, Plant 05, Plant 06]; calendar_hours = SUM of [Plant 04, Plant 05, Plant 06]"
PLT-001,Asset utilization,%,Entity,Entity A2,2026-08,run_hours / calendar_hours x 100,run_hours=1996.0; calendar_hours=2232,(100*1996.0/2232),89.43,"run_hours = SUM of [Plant 04, Plant 05, Plant 06]; calendar_hours = SUM of [Plant 04, Plant 05, Plant 06]"
PLT-001,Asset utilization,%,Entity,Entity A2,2026-09,run_hours / calendar_hours x 100,run_hours=2061.2; calendar_hours=2160,(100*2061.2/2160),95.43,"run_hours = SUM of [Plant 04, Plant 05, Plant 06]; calendar_hours = SUM of [Plant 04, Plant 05, Plant 06]"
PLT-001,Asset utilization,%,Group,Group,2026-04,run_hours / calendar_hours x 100,run_hours=4113.5; calendar_hours=4320,(100*4113.5/4320),95.22,"run_hours = SUM of [Entity A1, Entity A2]; calendar_hours = SUM of [Entity A1, Entity A2]"
PLT-001,Asset utilization,%,Group,Group,2026-05,run_hours / calendar_hours x 100,run_hours=3960.1; calendar_hours=4464,(100*3960.1/4464),88.71,"run_hours = SUM of [Entity A1, Entity A2]; calendar_hours = SUM of [Entity A1, Entity A2]"
PLT-001,Asset utilization,%,Group,Group,2026-06,run_hours / calendar_hours x 100,run_hours=4063.3; calendar_hours=4320,(100*4063.3/4320),94.06,"run_hours = SUM of [Entity A1, Entity A2]; calendar_hours = SUM of [Entity A1, Entity A2]"
PLT-001,Asset utilization,%,Group,Group,2026-07,run_hours / calendar_hours x 100,run_hours=4178.1; calendar_hours=4464,(100*4178.1/4464),93.6,"run_hours = SUM of [Entity A1, Entity A2]; calendar_hours = SUM of [Entity A1, Entity A2]"
PLT-001,Asset utilization,%,Group,Group,2026-08,run_hours / calendar_hours x 100,run_hours=4022.0; calendar_hours=4464,(100*4022.0/4464),90.1,"run_hours = SUM of [Entity A1, Entity A2]; calendar_hours = SUM of [Entity A1, Entity A2]"
PLT-001,Asset utilization,%,Group,Group,2026-09,run_hours / calendar_hours x 100,run_hours=4045.4; calendar_hours=4320,(100*4045.4/4320),93.64,"run_hours = SUM of [Entity A1, Entity A2]; calendar_hours = SUM of [Entity A1, Entity A2]"
PLT-002,OEE,%,Plant,Plant 01,2026-04,Availability x Performance x Quality = good_output_t / ideal_output_t x 100,good_output_t=87087; ideal_output_t=97889,(100*87087/97889),88.97,plant input (mock)
PLT-002,OEE,%,Plant,Plant 01,2026-05,Availability x Performance x Quality = good_output_t / ideal_output_t x 100,good_output_t=80872; ideal_output_t=102002,(100*80872/102002),79.28,plant input (mock)
PLT-002,OEE,%,Plant,Plant 01,2026-06,Availability x Performance x Quality = good_output_t / ideal_output_t x 100,good_output_t=81129; ideal_output_t=98712,(100*81129/98712),82.19,plant input (mock)
PLT-002,OEE,%,Plant,Plant 01,2026-07,Availability x Performance x Quality = good_output_t / ideal_output_t x 100,good_output_t=83254; ideal_output_t=101591,(100*83254/101591),81.95,plant input (mock)
PLT-002,OEE,%,Plant,Plant 01,2026-08,Availability x Performance x Quality = good_output_t / ideal_output_t x 100,good_output_t=87527; ideal_output_t=102002,(100*87527/102002),85.81,plant input (mock)
PLT-002,OEE,%,Plant,Plant 01,2026-09,Availability x Performance x Quality = good_output_t / ideal_output_t x 100,good_output_t=81854; ideal_output_t=97478,(100*81854/97478),83.97,plant input (mock)
PLT-002,OEE,%,Plant,Plant 02,2026-04,Availability x Performance x Quality = good_output_t / ideal_output_t x 100,good_output_t=98478; ideal_output_t=135630,(100*98478/135630),72.61,plant input (mock)
PLT-002,OEE,%,Plant,Plant 02,2026-05,Availability x Performance x Quality = good_output_t / ideal_output_t x 100,good_output_t=96839; ideal_output_t=130341,(100*96839/130341),74.3,plant input (mock)
PLT-002,OEE,%,Plant,Plant 02,2026-06,Availability x Performance x Quality = good_output_t / ideal_output_t x 100,good_output_t=91848; ideal_output_t=135630,(100*91848/135630),67.72,plant input (mock)
PLT-002,OEE,%,Plant,Plant 02,2026-07,Availability x Performance x Quality = good_output_t / ideal_output_t x 100,good_output_t=97731; ideal_output_t=139219,(100*97731/139219),70.2,plant input (mock)
PLT-002,OEE,%,Plant,Plant 02,2026-08,Availability x Performance x Quality = good_output_t / ideal_output_t x 100,good_output_t=86596; ideal_output_t=127319,(100*86596/127319),68.01,plant input (mock)
PLT-002,OEE,%,Plant,Plant 02,2026-09,Availability x Performance x Quality = good_output_t / ideal_output_t x 100,good_output_t=95233; ideal_output_t=135441,(100*95233/135441),70.31,plant input (mock)
PLT-002,OEE,%,Plant,Plant 03,2026-04,Availability x Performance x Quality = good_output_t / ideal_output_t x 100,good_output_t=135597; ideal_output_t=159809,(100*135597/159809),84.85,plant input (mock)
PLT-002,OEE,%,Plant,Plant 03,2026-05,Availability x Performance x Quality = good_output_t / ideal_output_t x 100,good_output_t=123727; ideal_output_t=152145,(100*123727/152145),81.32,plant input (mock)
PLT-002,OEE,%,Plant,Plant 03,2026-06,Availability x Performance x Quality = good_output_t / ideal_output_t x 100,good_output_t=129167; ideal_output_t=162063,(100*129167/162063),79.7,plant input (mock)
PLT-002,OEE,%,Plant,Plant 03,2026-07,Availability x Performance x Quality = good_output_t / ideal_output_t x 100,good_output_t=141110; ideal_output_t=166345,(100*141110/166345),84.83,plant input (mock)
PLT-002,OEE,%,Plant,Plant 03,2026-08,Availability x Performance x Quality = good_output_t / ideal_output_t x 100,good_output_t=138449; ideal_output_t=167698,(100*138449/167698),82.56,plant input (mock)
PLT-002,OEE,%,Plant,Plant 03,2026-09,Availability x Performance x Quality = good_output_t / ideal_output_t x 100,good_output_t=139711; ideal_output_t=162063,(100*139711/162063),86.21,plant input (mock)
PLT-002,OEE,%,Plant,Plant 04,2026-04,Availability x Performance x Quality = good_output_t / ideal_output_t x 100,good_output_t=77084; ideal_output_t=90916,(100*77084/90916),84.79,plant input (mock)
PLT-002,OEE,%,Plant,Plant 04,2026-05,Availability x Performance x Quality = good_output_t / ideal_output_t x 100,good_output_t=76321; ideal_output_t=94339,(100*76321/94339),80.9,plant input (mock)
PLT-002,OEE,%,Plant,Plant 04,2026-06,Availability x Performance x Quality = good_output_t / ideal_output_t x 100,good_output_t=75177; ideal_output_t=90662,(100*75177/90662),82.92,plant input (mock)
PLT-002,OEE,%,Plant,Plant 04,2026-07,Availability x Performance x Quality = good_output_t / ideal_output_t x 100,good_output_t=77695; ideal_output_t=93959,(100*77695/93959),82.69,plant input (mock)
PLT-002,OEE,%,Plant,Plant 04,2026-08,Availability x Performance x Quality = good_output_t / ideal_output_t x 100,good_output_t=77594; ideal_output_t=86097,(100*77594/86097),90.12,plant input (mock)
PLT-002,OEE,%,Plant,Plant 04,2026-09,Availability x Performance x Quality = good_output_t / ideal_output_t x 100,good_output_t=81694; ideal_output_t=91042,(100*81694/91042),89.73,plant input (mock)
PLT-002,OEE,%,Plant,Plant 05,2026-04,Availability x Performance x Quality = good_output_t / ideal_output_t x 100,good_output_t=129454; ideal_output_t=145550,(100*129454/145550),88.94,plant input (mock)
PLT-002,OEE,%,Plant,Plant 05,2026-05,Availability x Performance x Quality = good_output_t / ideal_output_t x 100,good_output_t=121753; ideal_output_t=138170,(100*121753/138170),88.12,plant input (mock)
PLT-002,OEE,%,Plant,Plant 05,2026-06,Availability x Performance x Quality = good_output_t / ideal_output_t x 100,good_output_t=123027; ideal_output_t=146165,(100*123027/146165),84.17,plant input (mock)
PLT-002,OEE,%,Plant,Plant 05,2026-07,Availability x Performance x Quality = good_output_t / ideal_output_t x 100,good_output_t=136982; ideal_output_t=152520,(100*136982/152520),89.81,plant input (mock)
PLT-002,OEE,%,Plant,Plant 05,2026-08,Availability x Performance x Quality = good_output_t / ideal_output_t x 100,good_output_t=123607; ideal_output_t=142475,(100*123607/142475),86.76,plant input (mock)
PLT-002,OEE,%,Plant,Plant 05,2026-09,Availability x Performance x Quality = good_output_t / ideal_output_t x 100,good_output_t=132787; ideal_output_t=145550,(100*132787/145550),91.23,plant input (mock)
PLT-002,OEE,%,Plant,Plant 06,2026-04,Availability x Performance x Quality = good_output_t / ideal_output_t x 100,good_output_t=101956; ideal_output_t=113271,(100*101956/113271),90.01,plant input (mock)
PLT-002,OEE,%,Plant,Plant 06,2026-05,Availability x Performance x Quality = good_output_t / ideal_output_t x 100,good_output_t=90953; ideal_output_t=107260,(100*90953/107260),84.8,plant input (mock)
PLT-002,OEE,%,Plant,Plant 06,2026-06,Availability x Performance x Quality = good_output_t / ideal_output_t x 100,good_output_t=97786; ideal_output_t=112322,(100*97786/112322),87.06,plant input (mock)
PLT-002,OEE,%,Plant,Plant 06,2026-07,Availability x Performance x Quality = good_output_t / ideal_output_t x 100,good_output_t=100958; ideal_output_t=116752,(100*100958/116752),86.47,plant input (mock)
PLT-002,OEE,%,Plant,Plant 06,2026-08,Availability x Performance x Quality = good_output_t / ideal_output_t x 100,good_output_t=97315; ideal_output_t=117701,(100*97315/117701),82.68,plant input (mock)
PLT-002,OEE,%,Plant,Plant 06,2026-09,Availability x Performance x Quality = good_output_t / ideal_output_t x 100,good_output_t=94388; ideal_output_t=112638,(100*94388/112638),83.8,plant input (mock)
PLT-002,OEE,%,Entity,Entity A1,2026-04,Availability x Performance x Quality = good_output_t / ideal_output_t x 100,good_output_t=321162; ideal_output_t=393328,(100*321162/393328),81.65,"good_output_t = SUM of [Plant 01, Plant 02, Plant 03]; ideal_output_t = SUM of [Plant 01, Plant 02, Plant 03]"
PLT-002,OEE,%,Entity,Entity A1,2026-05,Availability x Performance x Quality = good_output_t / ideal_output_t x 100,good_output_t=301438; ideal_output_t=384488,(100*301438/384488),78.4,"good_output_t = SUM of [Plant 01, Plant 02, Plant 03]; ideal_output_t = SUM of [Plant 01, Plant 02, Plant 03]"
PLT-002,OEE,%,Entity,Entity A1,2026-06,Availability x Performance x Quality = good_output_t / ideal_output_t x 100,good_output_t=302144; ideal_output_t=396405,(100*302144/396405),76.22,"good_output_t = SUM of [Plant 01, Plant 02, Plant 03]; ideal_output_t = SUM of [Plant 01, Plant 02, Plant 03]"
PLT-002,OEE,%,Entity,Entity A1,2026-07,Availability x Performance x Quality = good_output_t / ideal_output_t x 100,good_output_t=322095; ideal_output_t=407155,(100*322095/407155),79.11,"good_output_t = SUM of [Plant 01, Plant 02, Plant 03]; ideal_output_t = SUM of [Plant 01, Plant 02, Plant 03]"
PLT-002,OEE,%,Entity,Entity A1,2026-08,Availability x Performance x Quality = good_output_t / ideal_output_t x 100,good_output_t=312572; ideal_output_t=397019,(100*312572/397019),78.73,"good_output_t = SUM of [Plant 01, Plant 02, Plant 03]; ideal_output_t = SUM of [Plant 01, Plant 02, Plant 03]"
PLT-002,OEE,%,Entity,Entity A1,2026-09,Availability x Performance x Quality = good_output_t / ideal_output_t x 100,good_output_t=316798; ideal_output_t=394982,(100*316798/394982),80.21,"good_output_t = SUM of [Plant 01, Plant 02, Plant 03]; ideal_output_t = SUM of [Plant 01, Plant 02, Plant 03]"
PLT-002,OEE,%,Entity,Entity A2,2026-04,Availability x Performance x Quality = good_output_t / ideal_output_t x 100,good_output_t=308494; ideal_output_t=349737,(100*308494/349737),88.21,"good_output_t = SUM of [Plant 04, Plant 05, Plant 06]; ideal_output_t = SUM of [Plant 04, Plant 05, Plant 06]"
PLT-002,OEE,%,Entity,Entity A2,2026-05,Availability x Performance x Quality = good_output_t / ideal_output_t x 100,good_output_t=289027; ideal_output_t=339769,(100*289027/339769),85.07,"good_output_t = SUM of [Plant 04, Plant 05, Plant 06]; ideal_output_t = SUM of [Plant 04, Plant 05, Plant 06]"
PLT-002,OEE,%,Entity,Entity A2,2026-06,Availability x Performance x Quality = good_output_t / ideal_output_t x 100,good_output_t=295990; ideal_output_t=349149,(100*295990/349149),84.77,"good_output_t = SUM of [Plant 04, Plant 05, Plant 06]; ideal_output_t = SUM of [Plant 04, Plant 05, Plant 06]"
PLT-002,OEE,%,Entity,Entity A2,2026-07,Availability x Performance x Quality = good_output_t / ideal_output_t x 100,good_output_t=315635; ideal_output_t=363231,(100*315635/363231),86.9,"good_output_t = SUM of [Plant 04, Plant 05, Plant 06]; ideal_output_t = SUM of [Plant 04, Plant 05, Plant 06]"
PLT-002,OEE,%,Entity,Entity A2,2026-08,Availability x Performance x Quality = good_output_t / ideal_output_t x 100,good_output_t=298516; ideal_output_t=346273,(100*298516/346273),86.21,"good_output_t = SUM of [Plant 04, Plant 05, Plant 06]; ideal_output_t = SUM of [Plant 04, Plant 05, Plant 06]"
PLT-002,OEE,%,Entity,Entity A2,2026-09,Availability x Performance x Quality = good_output_t / ideal_output_t x 100,good_output_t=308869; ideal_output_t=349230,(100*308869/349230),88.44,"good_output_t = SUM of [Plant 04, Plant 05, Plant 06]; ideal_output_t = SUM of [Plant 04, Plant 05, Plant 06]"
PLT-002,OEE,%,Group,Group,2026-04,Availability x Performance x Quality = good_output_t / ideal_output_t x 100,good_output_t=629656; ideal_output_t=743065,(100*629656/743065),84.74,"good_output_t = SUM of [Entity A1, Entity A2]; ideal_output_t = SUM of [Entity A1, Entity A2]"
PLT-002,OEE,%,Group,Group,2026-05,Availability x Performance x Quality = good_output_t / ideal_output_t x 100,good_output_t=590465; ideal_output_t=724257,(100*590465/724257),81.53,"good_output_t = SUM of [Entity A1, Entity A2]; ideal_output_t = SUM of [Entity A1, Entity A2]"
PLT-002,OEE,%,Group,Group,2026-06,Availability x Performance x Quality = good_output_t / ideal_output_t x 100,good_output_t=598134; ideal_output_t=745554,(100*598134/745554),80.23,"good_output_t = SUM of [Entity A1, Entity A2]; ideal_output_t = SUM of [Entity A1, Entity A2]"
PLT-002,OEE,%,Group,Group,2026-07,Availability x Performance x Quality = good_output_t / ideal_output_t x 100,good_output_t=637730; ideal_output_t=770386,(100*637730/770386),82.78,"good_output_t = SUM of [Entity A1, Entity A2]; ideal_output_t = SUM of [Entity A1, Entity A2]"
PLT-002,OEE,%,Group,Group,2026-08,Availability x Performance x Quality = good_output_t / ideal_output_t x 100,good_output_t=611088; ideal_output_t=743292,(100*611088/743292),82.21,"good_output_t = SUM of [Entity A1, Entity A2]; ideal_output_t = SUM of [Entity A1, Entity A2]"
PLT-002,OEE,%,Group,Group,2026-09,Availability x Performance x Quality = good_output_t / ideal_output_t x 100,good_output_t=625667; ideal_output_t=744212,(100*625667/744212),84.07,"good_output_t = SUM of [Entity A1, Entity A2]; ideal_output_t = SUM of [Entity A1, Entity A2]"
PLT-004,Recovery percentage,%,Plant,Plant 01,2026-04,recovered_contained_t / feed_contained_t x 100,recovered_contained_t=17553; feed_contained_t=19579,(100*17553/19579),89.65,plant input (mock)
PLT-004,Recovery percentage,%,Plant,Plant 01,2026-05,recovered_contained_t / feed_contained_t x 100,recovered_contained_t=15002; feed_contained_t=17739,(100*15002/17739),84.57,plant input (mock)
PLT-004,Recovery percentage,%,Plant,Plant 01,2026-06,recovered_contained_t / feed_contained_t x 100,recovered_contained_t=16380; feed_contained_t=18895,(100*16380/18895),86.69,plant input (mock)
PLT-004,Recovery percentage,%,Plant,Plant 01,2026-07,recovered_contained_t / feed_contained_t x 100,recovered_contained_t=19441; feed_contained_t=21264,(100*19441/21264),91.43,plant input (mock)
PLT-004,Recovery percentage,%,Plant,Plant 01,2026-08,recovered_contained_t / feed_contained_t x 100,recovered_contained_t=17234; feed_contained_t=19426,(100*17234/19426),88.72,plant input (mock)
PLT-004,Recovery percentage,%,Plant,Plant 01,2026-09,recovered_contained_t / feed_contained_t x 100,recovered_contained_t=18334; feed_contained_t=19996,(100*18334/19996),91.69,plant input (mock)
PLT-004,Recovery percentage,%,Plant,Plant 02,2026-04,recovered_contained_t / feed_contained_t x 100,recovered_contained_t=19946; feed_contained_t=24227,(100*19946/24227),82.33,plant input (mock)
PLT-004,Recovery percentage,%,Plant,Plant 02,2026-05,recovered_contained_t / feed_contained_t x 100,recovered_contained_t=16926; feed_contained_t=19541,(100*16926/19541),86.62,plant input (mock)
PLT-004,Recovery percentage,%,Plant,Plant 02,2026-06,recovered_contained_t / feed_contained_t x 100,recovered_contained_t=17596; feed_contained_t=21417,(100*17596/21417),82.16,plant input (mock)
PLT-004,Recovery percentage,%,Plant,Plant 02,2026-07,recovered_contained_t / feed_contained_t x 100,recovered_contained_t=17916; feed_contained_t=20571,(100*17916/20571),87.09,plant input (mock)
PLT-004,Recovery percentage,%,Plant,Plant 02,2026-08,recovered_contained_t / feed_contained_t x 100,recovered_contained_t=18611; feed_contained_t=22655,(100*18611/22655),82.15,plant input (mock)
PLT-004,Recovery percentage,%,Plant,Plant 02,2026-09,recovered_contained_t / feed_contained_t x 100,recovered_contained_t=17994; feed_contained_t=20791,(100*17994/20791),86.55,plant input (mock)
PLT-004,Recovery percentage,%,Plant,Plant 03,2026-04,recovered_contained_t / feed_contained_t x 100,recovered_contained_t=27116; feed_contained_t=30509,(100*27116/30509),88.88,plant input (mock)
PLT-004,Recovery percentage,%,Plant,Plant 03,2026-05,recovered_contained_t / feed_contained_t x 100,recovered_contained_t=22876; feed_contained_t=26667,(100*22876/26667),85.78,plant input (mock)
PLT-004,Recovery percentage,%,Plant,Plant 03,2026-06,recovered_contained_t / feed_contained_t x 100,recovered_contained_t=25992; feed_contained_t=28463,(100*25992/28463),91.32,plant input (mock)
PLT-004,Recovery percentage,%,Plant,Plant 03,2026-07,recovered_contained_t / feed_contained_t x 100,recovered_contained_t=30890; feed_contained_t=36133,(100*30890/36133),85.49,plant input (mock)
PLT-004,Recovery percentage,%,Plant,Plant 03,2026-08,recovered_contained_t / feed_contained_t x 100,recovered_contained_t=30571; feed_contained_t=34297,(100*30571/34297),89.14,plant input (mock)
PLT-004,Recovery percentage,%,Plant,Plant 03,2026-09,recovered_contained_t / feed_contained_t x 100,recovered_contained_t=31527; feed_contained_t=36789,(100*31527/36789),85.7,plant input (mock)
PLT-004,Recovery percentage,%,Plant,Plant 04,2026-04,recovered_contained_t / feed_contained_t x 100,recovered_contained_t=16015; feed_contained_t=18101,(100*16015/18101),88.48,plant input (mock)
PLT-004,Recovery percentage,%,Plant,Plant 04,2026-05,recovered_contained_t / feed_contained_t x 100,recovered_contained_t=14046; feed_contained_t=16003,(100*14046/16003),87.77,plant input (mock)
PLT-004,Recovery percentage,%,Plant,Plant 04,2026-06,recovered_contained_t / feed_contained_t x 100,recovered_contained_t=13568; feed_contained_t=14930,(100*13568/14930),90.88,plant input (mock)
PLT-004,Recovery percentage,%,Plant,Plant 04,2026-07,recovered_contained_t / feed_contained_t x 100,recovered_contained_t=14929; feed_contained_t=17436,(100*14929/17436),85.62,plant input (mock)
PLT-004,Recovery percentage,%,Plant,Plant 04,2026-08,recovered_contained_t / feed_contained_t x 100,recovered_contained_t=16857; feed_contained_t=18910,(100*16857/18910),89.14,plant input (mock)
PLT-004,Recovery percentage,%,Plant,Plant 04,2026-09,recovered_contained_t / feed_contained_t x 100,recovered_contained_t=18005; feed_contained_t=20374,(100*18005/20374),88.37,plant input (mock)
PLT-004,Recovery percentage,%,Plant,Plant 05,2026-04,recovered_contained_t / feed_contained_t x 100,recovered_contained_t=28916; feed_contained_t=32992,(100*28916/32992),87.65,plant input (mock)
PLT-004,Recovery percentage,%,Plant,Plant 05,2026-05,recovered_contained_t / feed_contained_t x 100,recovered_contained_t=21013; feed_contained_t=24602,(100*21013/24602),85.41,plant input (mock)
PLT-004,Recovery percentage,%,Plant,Plant 05,2026-06,recovered_contained_t / feed_contained_t x 100,recovered_contained_t=23615; feed_contained_t=26078,(100*23615/26078),90.56,plant input (mock)
PLT-004,Recovery percentage,%,Plant,Plant 05,2026-07,recovered_contained_t / feed_contained_t x 100,recovered_contained_t=26355; feed_contained_t=29563,(100*26355/29563),89.15,plant input (mock)
PLT-004,Recovery percentage,%,Plant,Plant 05,2026-08,recovered_contained_t / feed_contained_t x 100,recovered_contained_t=29045; feed_contained_t=32113,(100*29045/32113),90.45,plant input (mock)
PLT-004,Recovery percentage,%,Plant,Plant 05,2026-09,recovered_contained_t / feed_contained_t x 100,recovered_contained_t=25111; feed_contained_t=28428,(100*25111/28428),88.33,plant input (mock)
PLT-004,Recovery percentage,%,Plant,Plant 06,2026-04,recovered_contained_t / feed_contained_t x 100,recovered_contained_t=22359; feed_contained_t=26222,(100*22359/26222),85.27,plant input (mock)
PLT-004,Recovery percentage,%,Plant,Plant 06,2026-05,recovered_contained_t / feed_contained_t x 100,recovered_contained_t=16188; feed_contained_t=18622,(100*16188/18622),86.93,plant input (mock)
PLT-004,Recovery percentage,%,Plant,Plant 06,2026-06,recovered_contained_t / feed_contained_t x 100,recovered_contained_t=17742; feed_contained_t=20553,(100*17742/20553),86.32,plant input (mock)
PLT-004,Recovery percentage,%,Plant,Plant 06,2026-07,recovered_contained_t / feed_contained_t x 100,recovered_contained_t=18318; feed_contained_t=21719,(100*18318/21719),84.34,plant input (mock)
PLT-004,Recovery percentage,%,Plant,Plant 06,2026-08,recovered_contained_t / feed_contained_t x 100,recovered_contained_t=21958; feed_contained_t=24299,(100*21958/24299),90.37,plant input (mock)
PLT-004,Recovery percentage,%,Plant,Plant 06,2026-09,recovered_contained_t / feed_contained_t x 100,recovered_contained_t=17410; feed_contained_t=20587,(100*17410/20587),84.57,plant input (mock)
PLT-004,Recovery percentage,%,Entity,Entity A1,2026-04,recovered_contained_t / feed_contained_t x 100,recovered_contained_t=64615; feed_contained_t=74315,(100*64615/74315),86.95,"recovered_contained_t = SUM of [Plant 01, Plant 02, Plant 03]; feed_contained_t = SUM of [Plant 01, Plant 02, Plant 03]"
PLT-004,Recovery percentage,%,Entity,Entity A1,2026-05,recovered_contained_t / feed_contained_t x 100,recovered_contained_t=54804; feed_contained_t=63947,(100*54804/63947),85.7,"recovered_contained_t = SUM of [Plant 01, Plant 02, Plant 03]; feed_contained_t = SUM of [Plant 01, Plant 02, Plant 03]"
PLT-004,Recovery percentage,%,Entity,Entity A1,2026-06,recovered_contained_t / feed_contained_t x 100,recovered_contained_t=59968; feed_contained_t=68775,(100*59968/68775),87.19,"recovered_contained_t = SUM of [Plant 01, Plant 02, Plant 03]; feed_contained_t = SUM of [Plant 01, Plant 02, Plant 03]"
PLT-004,Recovery percentage,%,Entity,Entity A1,2026-07,recovered_contained_t / feed_contained_t x 100,recovered_contained_t=68247; feed_contained_t=77968,(100*68247/77968),87.53,"recovered_contained_t = SUM of [Plant 01, Plant 02, Plant 03]; feed_contained_t = SUM of [Plant 01, Plant 02, Plant 03]"
PLT-004,Recovery percentage,%,Entity,Entity A1,2026-08,recovered_contained_t / feed_contained_t x 100,recovered_contained_t=66416; feed_contained_t=76378,(100*66416/76378),86.96,"recovered_contained_t = SUM of [Plant 01, Plant 02, Plant 03]; feed_contained_t = SUM of [Plant 01, Plant 02, Plant 03]"
PLT-004,Recovery percentage,%,Entity,Entity A1,2026-09,recovered_contained_t / feed_contained_t x 100,recovered_contained_t=67855; feed_contained_t=77576,(100*67855/77576),87.47,"recovered_contained_t = SUM of [Plant 01, Plant 02, Plant 03]; feed_contained_t = SUM of [Plant 01, Plant 02, Plant 03]"
PLT-004,Recovery percentage,%,Entity,Entity A2,2026-04,recovered_contained_t / feed_contained_t x 100,recovered_contained_t=67290; feed_contained_t=77315,(100*67290/77315),87.03,"recovered_contained_t = SUM of [Plant 04, Plant 05, Plant 06]; feed_contained_t = SUM of [Plant 04, Plant 05, Plant 06]"
PLT-004,Recovery percentage,%,Entity,Entity A2,2026-05,recovered_contained_t / feed_contained_t x 100,recovered_contained_t=51247; feed_contained_t=59227,(100*51247/59227),86.53,"recovered_contained_t = SUM of [Plant 04, Plant 05, Plant 06]; feed_contained_t = SUM of [Plant 04, Plant 05, Plant 06]"
PLT-004,Recovery percentage,%,Entity,Entity A2,2026-06,recovered_contained_t / feed_contained_t x 100,recovered_contained_t=54925; feed_contained_t=61561,(100*54925/61561),89.22,"recovered_contained_t = SUM of [Plant 04, Plant 05, Plant 06]; feed_contained_t = SUM of [Plant 04, Plant 05, Plant 06]"
PLT-004,Recovery percentage,%,Entity,Entity A2,2026-07,recovered_contained_t / feed_contained_t x 100,recovered_contained_t=59602; feed_contained_t=68718,(100*59602/68718),86.73,"recovered_contained_t = SUM of [Plant 04, Plant 05, Plant 06]; feed_contained_t = SUM of [Plant 04, Plant 05, Plant 06]"
PLT-004,Recovery percentage,%,Entity,Entity A2,2026-08,recovered_contained_t / feed_contained_t x 100,recovered_contained_t=67860; feed_contained_t=75322,(100*67860/75322),90.09,"recovered_contained_t = SUM of [Plant 04, Plant 05, Plant 06]; feed_contained_t = SUM of [Plant 04, Plant 05, Plant 06]"
PLT-004,Recovery percentage,%,Entity,Entity A2,2026-09,recovered_contained_t / feed_contained_t x 100,recovered_contained_t=60526; feed_contained_t=69389,(100*60526/69389),87.23,"recovered_contained_t = SUM of [Plant 04, Plant 05, Plant 06]; feed_contained_t = SUM of [Plant 04, Plant 05, Plant 06]"
PLT-004,Recovery percentage,%,Group,Group,2026-04,recovered_contained_t / feed_contained_t x 100,recovered_contained_t=131905; feed_contained_t=151630,(100*131905/151630),86.99,"recovered_contained_t = SUM of [Entity A1, Entity A2]; feed_contained_t = SUM of [Entity A1, Entity A2]"
PLT-004,Recovery percentage,%,Group,Group,2026-05,recovered_contained_t / feed_contained_t x 100,recovered_contained_t=106051; feed_contained_t=123174,(100*106051/123174),86.1,"recovered_contained_t = SUM of [Entity A1, Entity A2]; feed_contained_t = SUM of [Entity A1, Entity A2]"
PLT-004,Recovery percentage,%,Group,Group,2026-06,recovered_contained_t / feed_contained_t x 100,recovered_contained_t=114893; feed_contained_t=130336,(100*114893/130336),88.15,"recovered_contained_t = SUM of [Entity A1, Entity A2]; feed_contained_t = SUM of [Entity A1, Entity A2]"
PLT-004,Recovery percentage,%,Group,Group,2026-07,recovered_contained_t / feed_contained_t x 100,recovered_contained_t=127849; feed_contained_t=146686,(100*127849/146686),87.16,"recovered_contained_t = SUM of [Entity A1, Entity A2]; feed_contained_t = SUM of [Entity A1, Entity A2]"
PLT-004,Recovery percentage,%,Group,Group,2026-08,recovered_contained_t / feed_contained_t x 100,recovered_contained_t=134276; feed_contained_t=151700,(100*134276/151700),88.51,"recovered_contained_t = SUM of [Entity A1, Entity A2]; feed_contained_t = SUM of [Entity A1, Entity A2]"
PLT-004,Recovery percentage,%,Group,Group,2026-09,recovered_contained_t / feed_contained_t x 100,recovered_contained_t=128381; feed_contained_t=146965,(100*128381/146965),87.35,"recovered_contained_t = SUM of [Entity A1, Entity A2]; feed_contained_t = SUM of [Entity A1, Entity A2]"
PLT-005,Yield,%,Plant,Plant 01,2026-04,good_output_t / feed_input_t x 100,good_output_t=87087; feed_input_t=95600,(100*87087/95600),91.1,plant input (mock)
PLT-005,Yield,%,Plant,Plant 01,2026-05,good_output_t / feed_input_t x 100,good_output_t=80872; feed_input_t=86252,(100*80872/86252),93.76,plant input (mock)
PLT-005,Yield,%,Plant,Plant 01,2026-06,good_output_t / feed_input_t x 100,good_output_t=81129; feed_input_t=86263,(100*81129/86263),94.05,plant input (mock)
PLT-005,Yield,%,Plant,Plant 01,2026-07,good_output_t / feed_input_t x 100,good_output_t=83254; feed_input_t=94209,(100*83254/94209),88.37,plant input (mock)
PLT-005,Yield,%,Plant,Plant 01,2026-08,good_output_t / feed_input_t x 100,good_output_t=87527; feed_input_t=94670,(100*87527/94670),92.45,plant input (mock)
PLT-005,Yield,%,Plant,Plant 01,2026-09,good_output_t / feed_input_t x 100,good_output_t=81854; feed_input_t=89479,(100*81854/89479),91.48,plant input (mock)
PLT-005,Yield,%,Plant,Plant 02,2026-04,good_output_t / feed_input_t x 100,good_output_t=98478; feed_input_t=110890,(100*98478/110890),88.81,plant input (mock)
PLT-005,Yield,%,Plant,Plant 02,2026-05,good_output_t / feed_input_t x 100,good_output_t=96839; feed_input_t=102676,(100*96839/102676),94.32,plant input (mock)
PLT-005,Yield,%,Plant,Plant 02,2026-06,good_output_t / feed_input_t x 100,good_output_t=91848; feed_input_t=97224,(100*91848/97224),94.47,plant input (mock)
PLT-005,Yield,%,Plant,Plant 02,2026-07,good_output_t / feed_input_t x 100,good_output_t=97731; feed_input_t=108037,(100*97731/108037),90.46,plant input (mock)
PLT-005,Yield,%,Plant,Plant 02,2026-08,good_output_t / feed_input_t x 100,good_output_t=86596; feed_input_t=97767,(100*86596/97767),88.57,plant input (mock)
PLT-005,Yield,%,Plant,Plant 02,2026-09,good_output_t / feed_input_t x 100,good_output_t=95233; feed_input_t=102279,(100*95233/102279),93.11,plant input (mock)
PLT-005,Yield,%,Plant,Plant 03,2026-04,good_output_t / feed_input_t x 100,good_output_t=135597; feed_input_t=151646,(100*135597/151646),89.42,plant input (mock)
PLT-005,Yield,%,Plant,Plant 03,2026-05,good_output_t / feed_input_t x 100,good_output_t=123727; feed_input_t=139092,(100*123727/139092),88.95,plant input (mock)
PLT-005,Yield,%,Plant,Plant 03,2026-06,good_output_t / feed_input_t x 100,good_output_t=129167; feed_input_t=140543,(100*129167/140543),91.91,plant input (mock)
PLT-005,Yield,%,Plant,Plant 03,2026-07,good_output_t / feed_input_t x 100,good_output_t=141110; feed_input_t=155709,(100*141110/155709),90.62,plant input (mock)
PLT-005,Yield,%,Plant,Plant 03,2026-08,good_output_t / feed_input_t x 100,good_output_t=138449; feed_input_t=150347,(100*138449/150347),92.09,plant input (mock)
PLT-005,Yield,%,Plant,Plant 03,2026-09,good_output_t / feed_input_t x 100,good_output_t=139711; feed_input_t=154604,(100*139711/154604),90.37,plant input (mock)
PLT-005,Yield,%,Plant,Plant 04,2026-04,good_output_t / feed_input_t x 100,good_output_t=77084; feed_input_t=83058,(100*77084/83058),92.81,plant input (mock)
PLT-005,Yield,%,Plant,Plant 04,2026-05,good_output_t / feed_input_t x 100,good_output_t=76321; feed_input_t=83199,(100*76321/83199),91.73,plant input (mock)
PLT-005,Yield,%,Plant,Plant 04,2026-06,good_output_t / feed_input_t x 100,good_output_t=75177; feed_input_t=82906,(100*75177/82906),90.68,plant input (mock)
PLT-005,Yield,%,Plant,Plant 04,2026-07,good_output_t / feed_input_t x 100,good_output_t=77695; feed_input_t=82058,(100*77695/82058),94.68,plant input (mock)
PLT-005,Yield,%,Plant,Plant 04,2026-08,good_output_t / feed_input_t x 100,good_output_t=77594; feed_input_t=84729,(100*77594/84729),91.58,plant input (mock)
PLT-005,Yield,%,Plant,Plant 04,2026-09,good_output_t / feed_input_t x 100,good_output_t=81694; feed_input_t=90180,(100*81694/90180),90.59,plant input (mock)
PLT-005,Yield,%,Plant,Plant 05,2026-04,good_output_t / feed_input_t x 100,good_output_t=129454; feed_input_t=144929,(100*129454/144929),89.32,plant input (mock)
PLT-005,Yield,%,Plant,Plant 05,2026-05,good_output_t / feed_input_t x 100,good_output_t=121753; feed_input_t=132003,(100*121753/132003),92.24,plant input (mock)
PLT-005,Yield,%,Plant,Plant 05,2026-06,good_output_t / feed_input_t x 100,good_output_t=123027; feed_input_t=137718,(100*123027/137718),89.33,plant input (mock)
PLT-005,Yield,%,Plant,Plant 05,2026-07,good_output_t / feed_input_t x 100,good_output_t=136982; feed_input_t=145102,(100*136982/145102),94.4,plant input (mock)
PLT-005,Yield,%,Plant,Plant 05,2026-08,good_output_t / feed_input_t x 100,good_output_t=123607; feed_input_t=138276,(100*123607/138276),89.39,plant input (mock)
PLT-005,Yield,%,Plant,Plant 05,2026-09,good_output_t / feed_input_t x 100,good_output_t=132787; feed_input_t=142400,(100*132787/142400),93.25,plant input (mock)
PLT-005,Yield,%,Plant,Plant 06,2026-04,good_output_t / feed_input_t x 100,good_output_t=101956; feed_input_t=109614,(100*101956/109614),93.01,plant input (mock)
PLT-005,Yield,%,Plant,Plant 06,2026-05,good_output_t / feed_input_t x 100,good_output_t=90953; feed_input_t=96185,(100*90953/96185),94.56,plant input (mock)
PLT-005,Yield,%,Plant,Plant 06,2026-06,good_output_t / feed_input_t x 100,good_output_t=97786; feed_input_t=109226,(100*97786/109226),89.53,plant input (mock)
PLT-005,Yield,%,Plant,Plant 06,2026-07,good_output_t / feed_input_t x 100,good_output_t=100958; feed_input_t=112227,(100*100958/112227),89.96,plant input (mock)
PLT-005,Yield,%,Plant,Plant 06,2026-08,good_output_t / feed_input_t x 100,good_output_t=97315; feed_input_t=105052,(100*97315/105052),92.64,plant input (mock)
PLT-005,Yield,%,Plant,Plant 06,2026-09,good_output_t / feed_input_t x 100,good_output_t=94388; feed_input_t=101633,(100*94388/101633),92.87,plant input (mock)
PLT-005,Yield,%,Entity,Entity A1,2026-04,good_output_t / feed_input_t x 100,good_output_t=321162; feed_input_t=358136,(100*321162/358136),89.68,"good_output_t = SUM of [Plant 01, Plant 02, Plant 03]; feed_input_t = SUM of [Plant 01, Plant 02, Plant 03]"
PLT-005,Yield,%,Entity,Entity A1,2026-05,good_output_t / feed_input_t x 100,good_output_t=301438; feed_input_t=328020,(100*301438/328020),91.9,"good_output_t = SUM of [Plant 01, Plant 02, Plant 03]; feed_input_t = SUM of [Plant 01, Plant 02, Plant 03]"
PLT-005,Yield,%,Entity,Entity A1,2026-06,good_output_t / feed_input_t x 100,good_output_t=302144; feed_input_t=324030,(100*302144/324030),93.25,"good_output_t = SUM of [Plant 01, Plant 02, Plant 03]; feed_input_t = SUM of [Plant 01, Plant 02, Plant 03]"
PLT-005,Yield,%,Entity,Entity A1,2026-07,good_output_t / feed_input_t x 100,good_output_t=322095; feed_input_t=357955,(100*322095/357955),89.98,"good_output_t = SUM of [Plant 01, Plant 02, Plant 03]; feed_input_t = SUM of [Plant 01, Plant 02, Plant 03]"
PLT-005,Yield,%,Entity,Entity A1,2026-08,good_output_t / feed_input_t x 100,good_output_t=312572; feed_input_t=342784,(100*312572/342784),91.19,"good_output_t = SUM of [Plant 01, Plant 02, Plant 03]; feed_input_t = SUM of [Plant 01, Plant 02, Plant 03]"
PLT-005,Yield,%,Entity,Entity A1,2026-09,good_output_t / feed_input_t x 100,good_output_t=316798; feed_input_t=346362,(100*316798/346362),91.46,"good_output_t = SUM of [Plant 01, Plant 02, Plant 03]; feed_input_t = SUM of [Plant 01, Plant 02, Plant 03]"
PLT-005,Yield,%,Entity,Entity A2,2026-04,good_output_t / feed_input_t x 100,good_output_t=308494; feed_input_t=337601,(100*308494/337601),91.38,"good_output_t = SUM of [Plant 04, Plant 05, Plant 06]; feed_input_t = SUM of [Plant 04, Plant 05, Plant 06]"
PLT-005,Yield,%,Entity,Entity A2,2026-05,good_output_t / feed_input_t x 100,good_output_t=289027; feed_input_t=311387,(100*289027/311387),92.82,"good_output_t = SUM of [Plant 04, Plant 05, Plant 06]; feed_input_t = SUM of [Plant 04, Plant 05, Plant 06]"
PLT-005,Yield,%,Entity,Entity A2,2026-06,good_output_t / feed_input_t x 100,good_output_t=295990; feed_input_t=329850,(100*295990/329850),89.73,"good_output_t = SUM of [Plant 04, Plant 05, Plant 06]; feed_input_t = SUM of [Plant 04, Plant 05, Plant 06]"
PLT-005,Yield,%,Entity,Entity A2,2026-07,good_output_t / feed_input_t x 100,good_output_t=315635; feed_input_t=339387,(100*315635/339387),93.0,"good_output_t = SUM of [Plant 04, Plant 05, Plant 06]; feed_input_t = SUM of [Plant 04, Plant 05, Plant 06]"
PLT-005,Yield,%,Entity,Entity A2,2026-08,good_output_t / feed_input_t x 100,good_output_t=298516; feed_input_t=328057,(100*298516/328057),91.0,"good_output_t = SUM of [Plant 04, Plant 05, Plant 06]; feed_input_t = SUM of [Plant 04, Plant 05, Plant 06]"
PLT-005,Yield,%,Entity,Entity A2,2026-09,good_output_t / feed_input_t x 100,good_output_t=308869; feed_input_t=334213,(100*308869/334213),92.42,"good_output_t = SUM of [Plant 04, Plant 05, Plant 06]; feed_input_t = SUM of [Plant 04, Plant 05, Plant 06]"
PLT-005,Yield,%,Group,Group,2026-04,good_output_t / feed_input_t x 100,good_output_t=629656; feed_input_t=695737,(100*629656/695737),90.5,"good_output_t = SUM of [Entity A1, Entity A2]; feed_input_t = SUM of [Entity A1, Entity A2]"
PLT-005,Yield,%,Group,Group,2026-05,good_output_t / feed_input_t x 100,good_output_t=590465; feed_input_t=639407,(100*590465/639407),92.35,"good_output_t = SUM of [Entity A1, Entity A2]; feed_input_t = SUM of [Entity A1, Entity A2]"
PLT-005,Yield,%,Group,Group,2026-06,good_output_t / feed_input_t x 100,good_output_t=598134; feed_input_t=653880,(100*598134/653880),91.47,"good_output_t = SUM of [Entity A1, Entity A2]; feed_input_t = SUM of [Entity A1, Entity A2]"
PLT-005,Yield,%,Group,Group,2026-07,good_output_t / feed_input_t x 100,good_output_t=637730; feed_input_t=697342,(100*637730/697342),91.45,"good_output_t = SUM of [Entity A1, Entity A2]; feed_input_t = SUM of [Entity A1, Entity A2]"
PLT-005,Yield,%,Group,Group,2026-08,good_output_t / feed_input_t x 100,good_output_t=611088; feed_input_t=670841,(100*611088/670841),91.09,"good_output_t = SUM of [Entity A1, Entity A2]; feed_input_t = SUM of [Entity A1, Entity A2]"
PLT-005,Yield,%,Group,Group,2026-09,good_output_t / feed_input_t x 100,good_output_t=625667; feed_input_t=680575,(100*625667/680575),91.93,"good_output_t = SUM of [Entity A1, Entity A2]; feed_input_t = SUM of [Entity A1, Entity A2]"
REL-001,MTBF,h,Plant,Plant 01,2026-04,run_hours / failures,run_hours=692.3; failures=2,(692.3/2),346.15,plant input (mock)
REL-001,MTBF,h,Plant,Plant 01,2026-05,run_hours / failures,run_hours=702.5; failures=3,(702.5/3),234.17,plant input (mock)
REL-001,MTBF,h,Plant,Plant 01,2026-06,run_hours / failures,run_hours=681.5; failures=2,(681.5/2),340.75,plant input (mock)
REL-001,MTBF,h,Plant,Plant 01,2026-07,run_hours / failures,run_hours=701.6; failures=4,(701.6/4),175.4,plant input (mock)
REL-001,MTBF,h,Plant,Plant 01,2026-08,run_hours / failures,run_hours=710.7; failures=2,(710.7/2),355.35,plant input (mock)
REL-001,MTBF,h,Plant,Plant 01,2026-09,run_hours / failures,run_hours=664.5; failures=4,(664.5/4),166.12,plant input (mock)
REL-001,MTBF,h,Plant,Plant 02,2026-04,run_hours / failures,run_hours=675.1; failures=5,(675.1/5),135.02,plant input (mock)
REL-001,MTBF,h,Plant,Plant 02,2026-05,run_hours / failures,run_hours=630.7; failures=5,(630.7/5),126.14,plant input (mock)
REL-001,MTBF,h,Plant,Plant 02,2026-06,run_hours / failures,run_hours=669.9; failures=4,(669.9/4),167.47,plant input (mock)
REL-001,MTBF,h,Plant,Plant 02,2026-07,run_hours / failures,run_hours=655.4; failures=6,(655.4/6),109.23,plant input (mock)
REL-001,MTBF,h,Plant,Plant 02,2026-08,run_hours / failures,run_hours=603.4; failures=4,(603.4/4),150.85,plant input (mock)
REL-001,MTBF,h,Plant,Plant 02,2026-09,run_hours / failures,run_hours=624.3; failures=6,(624.3/6),104.05,plant input (mock)
REL-001,MTBF,h,Plant,Plant 03,2026-04,run_hours / failures,run_hours=679.1; failures=2,(679.1/2),339.55,plant input (mock)
REL-001,MTBF,h,Plant,Plant 03,2026-05,run_hours / failures,run_hours=644.2; failures=4,(644.2/4),161.05,plant input (mock)
REL-001,MTBF,h,Plant,Plant 03,2026-06,run_hours / failures,run_hours=672.3; failures=4,(672.3/4),168.07,plant input (mock)
REL-001,MTBF,h,Plant,Plant 03,2026-07,run_hours / failures,run_hours=697.8; failures=4,(697.8/4),174.45,plant input (mock)
REL-001,MTBF,h,Plant,Plant 03,2026-08,run_hours / failures,run_hours=711.9; failures=4,(711.9/4),177.97,plant input (mock)
REL-001,MTBF,h,Plant,Plant 03,2026-09,run_hours / failures,run_hours=695.4; failures=2,(695.4/2),347.7,plant input (mock)
REL-001,MTBF,h,Plant,Plant 04,2026-04,run_hours / failures,run_hours=688.4; failures=2,(688.4/2),344.2,plant input (mock)
REL-001,MTBF,h,Plant,Plant 04,2026-05,run_hours / failures,run_hours=690.2; failures=4,(690.2/4),172.55,plant input (mock)
REL-001,MTBF,h,Plant,Plant 04,2026-06,run_hours / failures,run_hours=673.8; failures=3,(673.8/3),224.6,plant input (mock)
REL-001,MTBF,h,Plant,Plant 04,2026-07,run_hours / failures,run_hours=708.1; failures=4,(708.1/4),177.03,plant input (mock)
REL-001,MTBF,h,Plant,Plant 04,2026-08,run_hours / failures,run_hours=649.4; failures=1,(649.4/1),649.4,plant input (mock)
REL-001,MTBF,h,Plant,Plant 04,2026-09,run_hours / failures,run_hours=690.6; failures=1,(690.6/1),690.6,plant input (mock)
REL-001,MTBF,h,Plant,Plant 05,2026-04,run_hours / failures,run_hours=684.5; failures=2,(684.5/2),342.25,plant input (mock)
REL-001,MTBF,h,Plant,Plant 05,2026-05,run_hours / failures,run_hours=642.5; failures=2,(642.5/2),321.25,plant input (mock)
REL-001,MTBF,h,Plant,Plant 05,2026-06,run_hours / failures,run_hours=680.7; failures=3,(680.7/3),226.9,plant input (mock)
REL-001,MTBF,h,Plant,Plant 05,2026-07,run_hours / failures,run_hours=715.3; failures=1,(715.3/1),715.3,plant input (mock)
REL-001,MTBF,h,Plant,Plant 05,2026-08,run_hours / failures,run_hours=644.6; failures=4,(644.6/4),161.15,plant input (mock)
REL-001,MTBF,h,Plant,Plant 05,2026-09,run_hours / failures,run_hours=689.9; failures=1,(689.9/1),689.9,plant input (mock)
REL-001,MTBF,h,Plant,Plant 06,2026-04,run_hours / failures,run_hours=694.1; failures=1,(694.1/1),694.1,plant input (mock)
REL-001,MTBF,h,Plant,Plant 06,2026-05,run_hours / failures,run_hours=650.0; failures=3,(650.0/3),216.67,plant input (mock)
REL-001,MTBF,h,Plant,Plant 06,2026-06,run_hours / failures,run_hours=685.1; failures=1,(685.1/1),685.1,plant input (mock)
REL-001,MTBF,h,Plant,Plant 06,2026-07,run_hours / failures,run_hours=699.9; failures=3,(699.9/3),233.3,plant input (mock)
REL-001,MTBF,h,Plant,Plant 06,2026-08,run_hours / failures,run_hours=702.0; failures=4,(702.0/4),175.5,plant input (mock)
REL-001,MTBF,h,Plant,Plant 06,2026-09,run_hours / failures,run_hours=680.7; failures=1,(680.7/1),680.7,plant input (mock)
REL-001,MTBF,h,Entity,Entity A1,2026-04,run_hours / failures,run_hours=2046.5; failures=9,(2046.5/9),227.39,"run_hours = SUM of [Plant 01, Plant 02, Plant 03]; failures = SUM of [Plant 01, Plant 02, Plant 03]"
REL-001,MTBF,h,Entity,Entity A1,2026-05,run_hours / failures,run_hours=1977.4; failures=12,(1977.4/12),164.78,"run_hours = SUM of [Plant 01, Plant 02, Plant 03]; failures = SUM of [Plant 01, Plant 02, Plant 03]"
REL-001,MTBF,h,Entity,Entity A1,2026-06,run_hours / failures,run_hours=2023.7; failures=10,(2023.7/10),202.37,"run_hours = SUM of [Plant 01, Plant 02, Plant 03]; failures = SUM of [Plant 01, Plant 02, Plant 03]"
REL-001,MTBF,h,Entity,Entity A1,2026-07,run_hours / failures,run_hours=2054.8; failures=14,(2054.8/14),146.77,"run_hours = SUM of [Plant 01, Plant 02, Plant 03]; failures = SUM of [Plant 01, Plant 02, Plant 03]"
REL-001,MTBF,h,Entity,Entity A1,2026-08,run_hours / failures,run_hours=2026.0; failures=10,(2026.0/10),202.6,"run_hours = SUM of [Plant 01, Plant 02, Plant 03]; failures = SUM of [Plant 01, Plant 02, Plant 03]"
REL-001,MTBF,h,Entity,Entity A1,2026-09,run_hours / failures,run_hours=1984.2; failures=12,(1984.2/12),165.35,"run_hours = SUM of [Plant 01, Plant 02, Plant 03]; failures = SUM of [Plant 01, Plant 02, Plant 03]"
REL-001,MTBF,h,Entity,Entity A2,2026-04,run_hours / failures,run_hours=2067.0; failures=5,(2067.0/5),413.4,"run_hours = SUM of [Plant 04, Plant 05, Plant 06]; failures = SUM of [Plant 04, Plant 05, Plant 06]"
REL-001,MTBF,h,Entity,Entity A2,2026-05,run_hours / failures,run_hours=1982.7; failures=9,(1982.7/9),220.3,"run_hours = SUM of [Plant 04, Plant 05, Plant 06]; failures = SUM of [Plant 04, Plant 05, Plant 06]"
REL-001,MTBF,h,Entity,Entity A2,2026-06,run_hours / failures,run_hours=2039.6; failures=7,(2039.6/7),291.37,"run_hours = SUM of [Plant 04, Plant 05, Plant 06]; failures = SUM of [Plant 04, Plant 05, Plant 06]"
REL-001,MTBF,h,Entity,Entity A2,2026-07,run_hours / failures,run_hours=2123.3; failures=8,(2123.3/8),265.41,"run_hours = SUM of [Plant 04, Plant 05, Plant 06]; failures = SUM of [Plant 04, Plant 05, Plant 06]"
REL-001,MTBF,h,Entity,Entity A2,2026-08,run_hours / failures,run_hours=1996.0; failures=9,(1996.0/9),221.78,"run_hours = SUM of [Plant 04, Plant 05, Plant 06]; failures = SUM of [Plant 04, Plant 05, Plant 06]"
REL-001,MTBF,h,Entity,Entity A2,2026-09,run_hours / failures,run_hours=2061.2; failures=3,(2061.2/3),687.07,"run_hours = SUM of [Plant 04, Plant 05, Plant 06]; failures = SUM of [Plant 04, Plant 05, Plant 06]"
REL-001,MTBF,h,Group,Group,2026-04,run_hours / failures,run_hours=4113.5; failures=14,(4113.5/14),293.82,"run_hours = SUM of [Entity A1, Entity A2]; failures = SUM of [Entity A1, Entity A2]"
REL-001,MTBF,h,Group,Group,2026-05,run_hours / failures,run_hours=3960.1; failures=21,(3960.1/21),188.58,"run_hours = SUM of [Entity A1, Entity A2]; failures = SUM of [Entity A1, Entity A2]"
REL-001,MTBF,h,Group,Group,2026-06,run_hours / failures,run_hours=4063.3; failures=17,(4063.3/17),239.02,"run_hours = SUM of [Entity A1, Entity A2]; failures = SUM of [Entity A1, Entity A2]"
REL-001,MTBF,h,Group,Group,2026-07,run_hours / failures,run_hours=4178.1; failures=22,(4178.1/22),189.91,"run_hours = SUM of [Entity A1, Entity A2]; failures = SUM of [Entity A1, Entity A2]"
REL-001,MTBF,h,Group,Group,2026-08,run_hours / failures,run_hours=4022.0; failures=19,(4022.0/19),211.68,"run_hours = SUM of [Entity A1, Entity A2]; failures = SUM of [Entity A1, Entity A2]"
REL-001,MTBF,h,Group,Group,2026-09,run_hours / failures,run_hours=4045.4; failures=15,(4045.4/15),269.69,"run_hours = SUM of [Entity A1, Entity A2]; failures = SUM of [Entity A1, Entity A2]"
REL-002,Mean Time to Repair,h,Plant,Plant 01,2026-04,repair_hours / failures,repair_hours=7.1; failures=2,(7.1/2),3.55,plant input (mock)
REL-002,Mean Time to Repair,h,Plant,Plant 01,2026-05,repair_hours / failures,repair_hours=15.5; failures=3,(15.5/3),5.17,plant input (mock)
REL-002,Mean Time to Repair,h,Plant,Plant 01,2026-06,repair_hours / failures,repair_hours=14.7; failures=2,(14.7/2),7.35,plant input (mock)
REL-002,Mean Time to Repair,h,Plant,Plant 01,2026-07,repair_hours / failures,repair_hours=21.3; failures=4,(21.3/4),5.33,plant input (mock)
REL-002,Mean Time to Repair,h,Plant,Plant 01,2026-08,repair_hours / failures,repair_hours=14.0; failures=2,(14.0/2),7.0,plant input (mock)
REL-002,Mean Time to Repair,h,Plant,Plant 01,2026-09,repair_hours / failures,repair_hours=21.6; failures=4,(21.6/4),5.4,plant input (mock)
REL-002,Mean Time to Repair,h,Plant,Plant 02,2026-04,repair_hours / failures,repair_hours=28.6; failures=5,(28.6/5),5.72,plant input (mock)
REL-002,Mean Time to Repair,h,Plant,Plant 02,2026-05,repair_hours / failures,repair_hours=40.5; failures=5,(40.5/5),8.1,plant input (mock)
REL-002,Mean Time to Repair,h,Plant,Plant 02,2026-06,repair_hours / failures,repair_hours=32.6; failures=4,(32.6/4),8.15,plant input (mock)
REL-002,Mean Time to Repair,h,Plant,Plant 02,2026-07,repair_hours / failures,repair_hours=65.7; failures=6,(65.7/6),10.95,plant input (mock)
REL-002,Mean Time to Repair,h,Plant,Plant 02,2026-08,repair_hours / failures,repair_hours=46.8; failures=4,(46.8/4),11.7,plant input (mock)
REL-002,Mean Time to Repair,h,Plant,Plant 02,2026-09,repair_hours / failures,repair_hours=68.5; failures=6,(68.5/6),11.42,plant input (mock)
REL-002,Mean Time to Repair,h,Plant,Plant 03,2026-04,repair_hours / failures,repair_hours=11.6; failures=2,(11.6/2),5.8,plant input (mock)
REL-002,Mean Time to Repair,h,Plant,Plant 03,2026-05,repair_hours / failures,repair_hours=18.4; failures=4,(18.4/4),4.6,plant input (mock)
REL-002,Mean Time to Repair,h,Plant,Plant 03,2026-06,repair_hours / failures,repair_hours=23.1; failures=4,(23.1/4),5.78,plant input (mock)
REL-002,Mean Time to Repair,h,Plant,Plant 03,2026-07,repair_hours / failures,repair_hours=21.8; failures=4,(21.8/4),5.45,plant input (mock)
REL-002,Mean Time to Repair,h,Plant,Plant 03,2026-08,repair_hours / failures,repair_hours=21.0; failures=4,(21.0/4),5.25,plant input (mock)
REL-002,Mean Time to Repair,h,Plant,Plant 03,2026-09,repair_hours / failures,repair_hours=8.8; failures=2,(8.8/2),4.4,plant input (mock)
REL-002,Mean Time to Repair,h,Plant,Plant 04,2026-04,repair_hours / failures,repair_hours=6.8; failures=2,(6.8/2),3.4,plant input (mock)
REL-002,Mean Time to Repair,h,Plant,Plant 04,2026-05,repair_hours / failures,repair_hours=31.1; failures=4,(31.1/4),7.78,plant input (mock)
REL-002,Mean Time to Repair,h,Plant,Plant 04,2026-06,repair_hours / failures,repair_hours=25.4; failures=3,(25.4/3),8.47,plant input (mock)
REL-002,Mean Time to Repair,h,Plant,Plant 04,2026-07,repair_hours / failures,repair_hours=15.4; failures=4,(15.4/4),3.85,plant input (mock)
REL-002,Mean Time to Repair,h,Plant,Plant 04,2026-08,repair_hours / failures,repair_hours=4.1; failures=1,(4.1/1),4.1,plant input (mock)
REL-002,Mean Time to Repair,h,Plant,Plant 04,2026-09,repair_hours / failures,repair_hours=6.8; failures=1,(6.8/1),6.8,plant input (mock)
REL-002,Mean Time to Repair,h,Plant,Plant 05,2026-04,repair_hours / failures,repair_hours=13.9; failures=2,(13.9/2),6.95,plant input (mock)
REL-002,Mean Time to Repair,h,Plant,Plant 05,2026-05,repair_hours / failures,repair_hours=9.3; failures=2,(9.3/2),4.65,plant input (mock)
REL-002,Mean Time to Repair,h,Plant,Plant 05,2026-06,repair_hours / failures,repair_hours=12.0; failures=3,(12.0/3),4.0,plant input (mock)
REL-002,Mean Time to Repair,h,Plant,Plant 05,2026-07,repair_hours / failures,repair_hours=6.0; failures=1,(6.0/1),6.0,plant input (mock)
REL-002,Mean Time to Repair,h,Plant,Plant 05,2026-08,repair_hours / failures,repair_hours=30.5; failures=4,(30.5/4),7.62,plant input (mock)
REL-002,Mean Time to Repair,h,Plant,Plant 05,2026-09,repair_hours / failures,repair_hours=5.2; failures=1,(5.2/1),5.2,plant input (mock)
REL-002,Mean Time to Repair,h,Plant,Plant 06,2026-04,repair_hours / failures,repair_hours=3.1; failures=1,(3.1/1),3.1,plant input (mock)
REL-002,Mean Time to Repair,h,Plant,Plant 06,2026-05,repair_hours / failures,repair_hours=14.6; failures=3,(14.6/3),4.87,plant input (mock)
REL-002,Mean Time to Repair,h,Plant,Plant 06,2026-06,repair_hours / failures,repair_hours=4.0; failures=1,(4.0/1),4.0,plant input (mock)
REL-002,Mean Time to Repair,h,Plant,Plant 06,2026-07,repair_hours / failures,repair_hours=16.9; failures=3,(16.9/3),5.63,plant input (mock)
REL-002,Mean Time to Repair,h,Plant,Plant 06,2026-08,repair_hours / failures,repair_hours=14.8; failures=4,(14.8/4),3.7,plant input (mock)
REL-002,Mean Time to Repair,h,Plant,Plant 06,2026-09,repair_hours / failures,repair_hours=6.5; failures=1,(6.5/1),6.5,plant input (mock)
REL-002,Mean Time to Repair,h,Entity,Entity A1,2026-04,repair_hours / failures,repair_hours=47.3; failures=9,(47.3/9),5.26,"repair_hours = SUM of [Plant 01, Plant 02, Plant 03]; failures = SUM of [Plant 01, Plant 02, Plant 03]"
REL-002,Mean Time to Repair,h,Entity,Entity A1,2026-05,repair_hours / failures,repair_hours=74.4; failures=12,(74.4/12),6.2,"repair_hours = SUM of [Plant 01, Plant 02, Plant 03]; failures = SUM of [Plant 01, Plant 02, Plant 03]"
REL-002,Mean Time to Repair,h,Entity,Entity A1,2026-06,repair_hours / failures,repair_hours=70.4; failures=10,(70.4/10),7.04,"repair_hours = SUM of [Plant 01, Plant 02, Plant 03]; failures = SUM of [Plant 01, Plant 02, Plant 03]"
REL-002,Mean Time to Repair,h,Entity,Entity A1,2026-07,repair_hours / failures,repair_hours=108.8; failures=14,(108.8/14),7.77,"repair_hours = SUM of [Plant 01, Plant 02, Plant 03]; failures = SUM of [Plant 01, Plant 02, Plant 03]"
REL-002,Mean Time to Repair,h,Entity,Entity A1,2026-08,repair_hours / failures,repair_hours=81.8; failures=10,(81.8/10),8.18,"repair_hours = SUM of [Plant 01, Plant 02, Plant 03]; failures = SUM of [Plant 01, Plant 02, Plant 03]"
REL-002,Mean Time to Repair,h,Entity,Entity A1,2026-09,repair_hours / failures,repair_hours=98.9; failures=12,(98.9/12),8.24,"repair_hours = SUM of [Plant 01, Plant 02, Plant 03]; failures = SUM of [Plant 01, Plant 02, Plant 03]"
REL-002,Mean Time to Repair,h,Entity,Entity A2,2026-04,repair_hours / failures,repair_hours=23.8; failures=5,(23.8/5),4.76,"repair_hours = SUM of [Plant 04, Plant 05, Plant 06]; failures = SUM of [Plant 04, Plant 05, Plant 06]"
REL-002,Mean Time to Repair,h,Entity,Entity A2,2026-05,repair_hours / failures,repair_hours=55.0; failures=9,(55.0/9),6.11,"repair_hours = SUM of [Plant 04, Plant 05, Plant 06]; failures = SUM of [Plant 04, Plant 05, Plant 06]"
REL-002,Mean Time to Repair,h,Entity,Entity A2,2026-06,repair_hours / failures,repair_hours=41.4; failures=7,(41.4/7),5.91,"repair_hours = SUM of [Plant 04, Plant 05, Plant 06]; failures = SUM of [Plant 04, Plant 05, Plant 06]"
REL-002,Mean Time to Repair,h,Entity,Entity A2,2026-07,repair_hours / failures,repair_hours=38.3; failures=8,(38.3/8),4.79,"repair_hours = SUM of [Plant 04, Plant 05, Plant 06]; failures = SUM of [Plant 04, Plant 05, Plant 06]"
REL-002,Mean Time to Repair,h,Entity,Entity A2,2026-08,repair_hours / failures,repair_hours=49.4; failures=9,(49.4/9),5.49,"repair_hours = SUM of [Plant 04, Plant 05, Plant 06]; failures = SUM of [Plant 04, Plant 05, Plant 06]"
REL-002,Mean Time to Repair,h,Entity,Entity A2,2026-09,repair_hours / failures,repair_hours=18.5; failures=3,(18.5/3),6.17,"repair_hours = SUM of [Plant 04, Plant 05, Plant 06]; failures = SUM of [Plant 04, Plant 05, Plant 06]"
REL-002,Mean Time to Repair,h,Group,Group,2026-04,repair_hours / failures,repair_hours=71.1; failures=14,(71.1/14),5.08,"repair_hours = SUM of [Entity A1, Entity A2]; failures = SUM of [Entity A1, Entity A2]"
REL-002,Mean Time to Repair,h,Group,Group,2026-05,repair_hours / failures,repair_hours=129.4; failures=21,(129.4/21),6.16,"repair_hours = SUM of [Entity A1, Entity A2]; failures = SUM of [Entity A1, Entity A2]"
REL-002,Mean Time to Repair,h,Group,Group,2026-06,repair_hours / failures,repair_hours=111.8; failures=17,(111.8/17),6.58,"repair_hours = SUM of [Entity A1, Entity A2]; failures = SUM of [Entity A1, Entity A2]"
REL-002,Mean Time to Repair,h,Group,Group,2026-07,repair_hours / failures,repair_hours=147.1; failures=22,(147.1/22),6.69,"repair_hours = SUM of [Entity A1, Entity A2]; failures = SUM of [Entity A1, Entity A2]"
REL-002,Mean Time to Repair,h,Group,Group,2026-08,repair_hours / failures,repair_hours=131.2; failures=19,(131.2/19),6.91,"repair_hours = SUM of [Entity A1, Entity A2]; failures = SUM of [Entity A1, Entity A2]"
REL-002,Mean Time to Repair,h,Group,Group,2026-09,repair_hours / failures,repair_hours=117.4; failures=15,(117.4/15),7.83,"repair_hours = SUM of [Entity A1, Entity A2]; failures = SUM of [Entity A1, Entity A2]"
REL-003,Unplanned downtime,h,Plant,Plant 01,2026-04,unplanned_downtime_hours,unplanned_downtime_hours=13.3,13.3,13.3,plant input (mock)
REL-003,Unplanned downtime,h,Plant,Plant 01,2026-05,unplanned_downtime_hours,unplanned_downtime_hours=19.6,19.6,19.6,plant input (mock)
REL-003,Unplanned downtime,h,Plant,Plant 01,2026-06,unplanned_downtime_hours,unplanned_downtime_hours=18.6,18.6,18.6,plant input (mock)
REL-003,Unplanned downtime,h,Plant,Plant 01,2026-07,unplanned_downtime_hours,unplanned_downtime_hours=27.2,27.2,27.2,plant input (mock)
REL-003,Unplanned downtime,h,Plant,Plant 01,2026-08,unplanned_downtime_hours,unplanned_downtime_hours=19.1,19.1,19.1,plant input (mock)
REL-003,Unplanned downtime,h,Plant,Plant 01,2026-09,unplanned_downtime_hours,unplanned_downtime_hours=30.2,30.2,30.2,plant input (mock)
REL-003,Unplanned downtime,h,Plant,Plant 02,2026-04,unplanned_downtime_hours,unplanned_downtime_hours=31.0,31.0,31.0,plant input (mock)
REL-003,Unplanned downtime,h,Plant,Plant 02,2026-05,unplanned_downtime_hours,unplanned_downtime_hours=45.8,45.8,45.8,plant input (mock)
REL-003,Unplanned downtime,h,Plant,Plant 02,2026-06,unplanned_downtime_hours,unplanned_downtime_hours=37.1,37.1,37.1,plant input (mock)
REL-003,Unplanned downtime,h,Plant,Plant 02,2026-07,unplanned_downtime_hours,unplanned_downtime_hours=69.3,69.3,69.3,plant input (mock)
REL-003,Unplanned downtime,h,Plant,Plant 02,2026-08,unplanned_downtime_hours,unplanned_downtime_hours=53.5,53.5,53.5,plant input (mock)
REL-003,Unplanned downtime,h,Plant,Plant 02,2026-09,unplanned_downtime_hours,unplanned_downtime_hours=78.2,78.2,78.2,plant input (mock)
REL-003,Unplanned downtime,h,Plant,Plant 03,2026-04,unplanned_downtime_hours,unplanned_downtime_hours=18.5,18.5,18.5,plant input (mock)
REL-003,Unplanned downtime,h,Plant,Plant 03,2026-05,unplanned_downtime_hours,unplanned_downtime_hours=22.6,22.6,22.6,plant input (mock)
REL-003,Unplanned downtime,h,Plant,Plant 03,2026-06,unplanned_downtime_hours,unplanned_downtime_hours=30.0,30.0,30.0,plant input (mock)
REL-003,Unplanned downtime,h,Plant,Plant 03,2026-07,unplanned_downtime_hours,unplanned_downtime_hours=30.6,30.6,30.6,plant input (mock)
REL-003,Unplanned downtime,h,Plant,Plant 03,2026-08,unplanned_downtime_hours,unplanned_downtime_hours=23.6,23.6,23.6,plant input (mock)
REL-003,Unplanned downtime,h,Plant,Plant 03,2026-09,unplanned_downtime_hours,unplanned_downtime_hours=12.3,12.3,12.3,plant input (mock)
REL-003,Unplanned downtime,h,Plant,Plant 04,2026-04,unplanned_downtime_hours,unplanned_downtime_hours=13.3,13.3,13.3,plant input (mock)
REL-003,Unplanned downtime,h,Plant,Plant 04,2026-05,unplanned_downtime_hours,unplanned_downtime_hours=40.9,40.9,40.9,plant input (mock)
REL-003,Unplanned downtime,h,Plant,Plant 04,2026-06,unplanned_downtime_hours,unplanned_downtime_hours=33.6,33.6,33.6,plant input (mock)
REL-003,Unplanned downtime,h,Plant,Plant 04,2026-07,unplanned_downtime_hours,unplanned_downtime_hours=22.0,22.0,22.0,plant input (mock)
REL-003,Unplanned downtime,h,Plant,Plant 04,2026-08,unplanned_downtime_hours,unplanned_downtime_hours=9.4,9.4,9.4,plant input (mock)
REL-003,Unplanned downtime,h,Plant,Plant 04,2026-09,unplanned_downtime_hours,unplanned_downtime_hours=10.1,10.1,10.1,plant input (mock)
REL-003,Unplanned downtime,h,Plant,Plant 05,2026-04,unplanned_downtime_hours,unplanned_downtime_hours=17.0,17.0,17.0,plant input (mock)
REL-003,Unplanned downtime,h,Plant,Plant 05,2026-05,unplanned_downtime_hours,unplanned_downtime_hours=18.2,18.2,18.2,plant input (mock)
REL-003,Unplanned downtime,h,Plant,Plant 05,2026-06,unplanned_downtime_hours,unplanned_downtime_hours=15.1,15.1,15.1,plant input (mock)
REL-003,Unplanned downtime,h,Plant,Plant 05,2026-07,unplanned_downtime_hours,unplanned_downtime_hours=13.1,13.1,13.1,plant input (mock)
REL-003,Unplanned downtime,h,Plant,Plant 05,2026-08,unplanned_downtime_hours,unplanned_downtime_hours=34.9,34.9,34.9,plant input (mock)
REL-003,Unplanned downtime,h,Plant,Plant 05,2026-09,unplanned_downtime_hours,unplanned_downtime_hours=10.2,10.2,10.2,plant input (mock)
REL-003,Unplanned downtime,h,Plant,Plant 06,2026-04,unplanned_downtime_hours,unplanned_downtime_hours=10.8,10.8,10.8,plant input (mock)
REL-003,Unplanned downtime,h,Plant,Plant 06,2026-05,unplanned_downtime_hours,unplanned_downtime_hours=20.8,20.8,20.8,plant input (mock)
REL-003,Unplanned downtime,h,Plant,Plant 06,2026-06,unplanned_downtime_hours,unplanned_downtime_hours=7.6,7.6,7.6,plant input (mock)
REL-003,Unplanned downtime,h,Plant,Plant 06,2026-07,unplanned_downtime_hours,unplanned_downtime_hours=23.1,23.1,23.1,plant input (mock)
REL-003,Unplanned downtime,h,Plant,Plant 06,2026-08,unplanned_downtime_hours,unplanned_downtime_hours=23.5,23.5,23.5,plant input (mock)
REL-003,Unplanned downtime,h,Plant,Plant 06,2026-09,unplanned_downtime_hours,unplanned_downtime_hours=13.4,13.4,13.4,plant input (mock)
REL-003,Unplanned downtime,h,Entity,Entity A1,2026-04,unplanned_downtime_hours,unplanned_downtime_hours=62.8,62.8,62.8,"unplanned_downtime_hours = SUM of [Plant 01, Plant 02, Plant 03]"
REL-003,Unplanned downtime,h,Entity,Entity A1,2026-05,unplanned_downtime_hours,unplanned_downtime_hours=88.0,88.0,88.0,"unplanned_downtime_hours = SUM of [Plant 01, Plant 02, Plant 03]"
REL-003,Unplanned downtime,h,Entity,Entity A1,2026-06,unplanned_downtime_hours,unplanned_downtime_hours=85.7,85.7,85.7,"unplanned_downtime_hours = SUM of [Plant 01, Plant 02, Plant 03]"
REL-003,Unplanned downtime,h,Entity,Entity A1,2026-07,unplanned_downtime_hours,unplanned_downtime_hours=127.1,127.1,127.1,"unplanned_downtime_hours = SUM of [Plant 01, Plant 02, Plant 03]"
REL-003,Unplanned downtime,h,Entity,Entity A1,2026-08,unplanned_downtime_hours,unplanned_downtime_hours=96.2,96.2,96.2,"unplanned_downtime_hours = SUM of [Plant 01, Plant 02, Plant 03]"
REL-003,Unplanned downtime,h,Entity,Entity A1,2026-09,unplanned_downtime_hours,unplanned_downtime_hours=120.7,120.7,120.7,"unplanned_downtime_hours = SUM of [Plant 01, Plant 02, Plant 03]"
REL-003,Unplanned downtime,h,Entity,Entity A2,2026-04,unplanned_downtime_hours,unplanned_downtime_hours=41.1,41.1,41.1,"unplanned_downtime_hours = SUM of [Plant 04, Plant 05, Plant 06]"
REL-003,Unplanned downtime,h,Entity,Entity A2,2026-05,unplanned_downtime_hours,unplanned_downtime_hours=79.9,79.9,79.9,"unplanned_downtime_hours = SUM of [Plant 04, Plant 05, Plant 06]"
REL-003,Unplanned downtime,h,Entity,Entity A2,2026-06,unplanned_downtime_hours,unplanned_downtime_hours=56.3,56.3,56.3,"unplanned_downtime_hours = SUM of [Plant 04, Plant 05, Plant 06]"
REL-003,Unplanned downtime,h,Entity,Entity A2,2026-07,unplanned_downtime_hours,unplanned_downtime_hours=58.2,58.2,58.2,"unplanned_downtime_hours = SUM of [Plant 04, Plant 05, Plant 06]"
REL-003,Unplanned downtime,h,Entity,Entity A2,2026-08,unplanned_downtime_hours,unplanned_downtime_hours=67.8,67.8,67.8,"unplanned_downtime_hours = SUM of [Plant 04, Plant 05, Plant 06]"
REL-003,Unplanned downtime,h,Entity,Entity A2,2026-09,unplanned_downtime_hours,unplanned_downtime_hours=33.7,33.7,33.7,"unplanned_downtime_hours = SUM of [Plant 04, Plant 05, Plant 06]"
REL-003,Unplanned downtime,h,Group,Group,2026-04,unplanned_downtime_hours,unplanned_downtime_hours=103.9,103.9,103.9,"unplanned_downtime_hours = SUM of [Entity A1, Entity A2]"
REL-003,Unplanned downtime,h,Group,Group,2026-05,unplanned_downtime_hours,unplanned_downtime_hours=167.9,167.9,167.9,"unplanned_downtime_hours = SUM of [Entity A1, Entity A2]"
REL-003,Unplanned downtime,h,Group,Group,2026-06,unplanned_downtime_hours,unplanned_downtime_hours=142.0,142.0,142.0,"unplanned_downtime_hours = SUM of [Entity A1, Entity A2]"
REL-003,Unplanned downtime,h,Group,Group,2026-07,unplanned_downtime_hours,unplanned_downtime_hours=185.3,185.3,185.3,"unplanned_downtime_hours = SUM of [Entity A1, Entity A2]"
REL-003,Unplanned downtime,h,Group,Group,2026-08,unplanned_downtime_hours,unplanned_downtime_hours=164.0,164.0,164.0,"unplanned_downtime_hours = SUM of [Entity A1, Entity A2]"
REL-003,Unplanned downtime,h,Group,Group,2026-09,unplanned_downtime_hours,unplanned_downtime_hours=154.4,154.4,154.4,"unplanned_downtime_hours = SUM of [Entity A1, Entity A2]"
REL-004,Production loss from downtime,t,Plant,Plant 01,2026-04,prod_loss_downtime_t,prod_loss_downtime_t=1823,1823,1823,plant input (mock)
REL-004,Production loss from downtime,t,Plant,Plant 01,2026-05,prod_loss_downtime_t,prod_loss_downtime_t=2687,2687,2687,plant input (mock)
REL-004,Production loss from downtime,t,Plant,Plant 01,2026-06,prod_loss_downtime_t,prod_loss_downtime_t=2550,2550,2550,plant input (mock)
REL-004,Production loss from downtime,t,Plant,Plant 01,2026-07,prod_loss_downtime_t,prod_loss_downtime_t=3729,3729,3729,plant input (mock)
REL-004,Production loss from downtime,t,Plant,Plant 01,2026-08,prod_loss_downtime_t,prod_loss_downtime_t=2619,2619,2619,plant input (mock)
REL-004,Production loss from downtime,t,Plant,Plant 01,2026-09,prod_loss_downtime_t,prod_loss_downtime_t=4140,4140,4140,plant input (mock)
REL-004,Production loss from downtime,t,Plant,Plant 02,2026-04,prod_loss_downtime_t,prod_loss_downtime_t=5856,5856,5856,plant input (mock)
REL-004,Production loss from downtime,t,Plant,Plant 02,2026-05,prod_loss_downtime_t,prod_loss_downtime_t=8652,8652,8652,plant input (mock)
REL-004,Production loss from downtime,t,Plant,Plant 02,2026-06,prod_loss_downtime_t,prod_loss_downtime_t=7008,7008,7008,plant input (mock)
REL-004,Production loss from downtime,t,Plant,Plant 02,2026-07,prod_loss_downtime_t,prod_loss_downtime_t=13091,13091,13091,plant input (mock)
REL-004,Production loss from downtime,t,Plant,Plant 02,2026-08,prod_loss_downtime_t,prod_loss_downtime_t=10106,10106,10106,plant input (mock)
REL-004,Production loss from downtime,t,Plant,Plant 02,2026-09,prod_loss_downtime_t,prod_loss_downtime_t=14772,14772,14772,plant input (mock)
REL-004,Production loss from downtime,t,Plant,Plant 03,2026-04,prod_loss_downtime_t,prod_loss_downtime_t=4170,4170,4170,plant input (mock)
REL-004,Production loss from downtime,t,Plant,Plant 03,2026-05,prod_loss_downtime_t,prod_loss_downtime_t=5094,5094,5094,plant input (mock)
REL-004,Production loss from downtime,t,Plant,Plant 03,2026-06,prod_loss_downtime_t,prod_loss_downtime_t=6762,6762,6762,plant input (mock)
REL-004,Production loss from downtime,t,Plant,Plant 03,2026-07,prod_loss_downtime_t,prod_loss_downtime_t=6897,6897,6897,plant input (mock)
REL-004,Production loss from downtime,t,Plant,Plant 03,2026-08,prod_loss_downtime_t,prod_loss_downtime_t=5319,5319,5319,plant input (mock)
REL-004,Production loss from downtime,t,Plant,Plant 03,2026-09,prod_loss_downtime_t,prod_loss_downtime_t=2772,2772,2772,plant input (mock)
REL-004,Production loss from downtime,t,Plant,Plant 04,2026-04,prod_loss_downtime_t,prod_loss_downtime_t=1686,1686,1686,plant input (mock)
REL-004,Production loss from downtime,t,Plant,Plant 04,2026-05,prod_loss_downtime_t,prod_loss_downtime_t=5186,5186,5186,plant input (mock)
REL-004,Production loss from downtime,t,Plant,Plant 04,2026-06,prod_loss_downtime_t,prod_loss_downtime_t=4260,4260,4260,plant input (mock)
REL-004,Production loss from downtime,t,Plant,Plant 04,2026-07,prod_loss_downtime_t,prod_loss_downtime_t=2790,2790,2790,plant input (mock)
REL-004,Production loss from downtime,t,Plant,Plant 04,2026-08,prod_loss_downtime_t,prod_loss_downtime_t=1192,1192,1192,plant input (mock)
REL-004,Production loss from downtime,t,Plant,Plant 04,2026-09,prod_loss_downtime_t,prod_loss_downtime_t=1281,1281,1281,plant input (mock)
REL-004,Production loss from downtime,t,Plant,Plant 05,2026-04,prod_loss_downtime_t,prod_loss_downtime_t=3485,3485,3485,plant input (mock)
REL-004,Production loss from downtime,t,Plant,Plant 05,2026-05,prod_loss_downtime_t,prod_loss_downtime_t=3731,3731,3731,plant input (mock)
REL-004,Production loss from downtime,t,Plant,Plant 05,2026-06,prod_loss_downtime_t,prod_loss_downtime_t=3096,3096,3096,plant input (mock)
REL-004,Production loss from downtime,t,Plant,Plant 05,2026-07,prod_loss_downtime_t,prod_loss_downtime_t=2686,2686,2686,plant input (mock)
REL-004,Production loss from downtime,t,Plant,Plant 05,2026-08,prod_loss_downtime_t,prod_loss_downtime_t=7154,7154,7154,plant input (mock)
REL-004,Production loss from downtime,t,Plant,Plant 05,2026-09,prod_loss_downtime_t,prod_loss_downtime_t=2091,2091,2091,plant input (mock)
REL-004,Production loss from downtime,t,Plant,Plant 06,2026-04,prod_loss_downtime_t,prod_loss_downtime_t=1709,1709,1709,plant input (mock)
REL-004,Production loss from downtime,t,Plant,Plant 06,2026-05,prod_loss_downtime_t,prod_loss_downtime_t=3291,3291,3291,plant input (mock)
REL-004,Production loss from downtime,t,Plant,Plant 06,2026-06,prod_loss_downtime_t,prod_loss_downtime_t=1202,1202,1202,plant input (mock)
REL-004,Production loss from downtime,t,Plant,Plant 06,2026-07,prod_loss_downtime_t,prod_loss_downtime_t=3654,3654,3654,plant input (mock)
REL-004,Production loss from downtime,t,Plant,Plant 06,2026-08,prod_loss_downtime_t,prod_loss_downtime_t=3718,3718,3718,plant input (mock)
REL-004,Production loss from downtime,t,Plant,Plant 06,2026-09,prod_loss_downtime_t,prod_loss_downtime_t=2120,2120,2120,plant input (mock)
REL-004,Production loss from downtime,t,Entity,Entity A1,2026-04,prod_loss_downtime_t,prod_loss_downtime_t=11849,11849,11849,"prod_loss_downtime_t = SUM of [Plant 01, Plant 02, Plant 03]"
REL-004,Production loss from downtime,t,Entity,Entity A1,2026-05,prod_loss_downtime_t,prod_loss_downtime_t=16433,16433,16433,"prod_loss_downtime_t = SUM of [Plant 01, Plant 02, Plant 03]"
REL-004,Production loss from downtime,t,Entity,Entity A1,2026-06,prod_loss_downtime_t,prod_loss_downtime_t=16320,16320,16320,"prod_loss_downtime_t = SUM of [Plant 01, Plant 02, Plant 03]"
REL-004,Production loss from downtime,t,Entity,Entity A1,2026-07,prod_loss_downtime_t,prod_loss_downtime_t=23717,23717,23717,"prod_loss_downtime_t = SUM of [Plant 01, Plant 02, Plant 03]"
REL-004,Production loss from downtime,t,Entity,Entity A1,2026-08,prod_loss_downtime_t,prod_loss_downtime_t=18044,18044,18044,"prod_loss_downtime_t = SUM of [Plant 01, Plant 02, Plant 03]"
REL-004,Production loss from downtime,t,Entity,Entity A1,2026-09,prod_loss_downtime_t,prod_loss_downtime_t=21684,21684,21684,"prod_loss_downtime_t = SUM of [Plant 01, Plant 02, Plant 03]"
REL-004,Production loss from downtime,t,Entity,Entity A2,2026-04,prod_loss_downtime_t,prod_loss_downtime_t=6880,6880,6880,"prod_loss_downtime_t = SUM of [Plant 04, Plant 05, Plant 06]"
REL-004,Production loss from downtime,t,Entity,Entity A2,2026-05,prod_loss_downtime_t,prod_loss_downtime_t=12208,12208,12208,"prod_loss_downtime_t = SUM of [Plant 04, Plant 05, Plant 06]"
REL-004,Production loss from downtime,t,Entity,Entity A2,2026-06,prod_loss_downtime_t,prod_loss_downtime_t=8558,8558,8558,"prod_loss_downtime_t = SUM of [Plant 04, Plant 05, Plant 06]"
REL-004,Production loss from downtime,t,Entity,Entity A2,2026-07,prod_loss_downtime_t,prod_loss_downtime_t=9130,9130,9130,"prod_loss_downtime_t = SUM of [Plant 04, Plant 05, Plant 06]"
REL-004,Production loss from downtime,t,Entity,Entity A2,2026-08,prod_loss_downtime_t,prod_loss_downtime_t=12064,12064,12064,"prod_loss_downtime_t = SUM of [Plant 04, Plant 05, Plant 06]"
REL-004,Production loss from downtime,t,Entity,Entity A2,2026-09,prod_loss_downtime_t,prod_loss_downtime_t=5492,5492,5492,"prod_loss_downtime_t = SUM of [Plant 04, Plant 05, Plant 06]"
REL-004,Production loss from downtime,t,Group,Group,2026-04,prod_loss_downtime_t,prod_loss_downtime_t=18729,18729,18729,"prod_loss_downtime_t = SUM of [Entity A1, Entity A2]"
REL-004,Production loss from downtime,t,Group,Group,2026-05,prod_loss_downtime_t,prod_loss_downtime_t=28641,28641,28641,"prod_loss_downtime_t = SUM of [Entity A1, Entity A2]"
REL-004,Production loss from downtime,t,Group,Group,2026-06,prod_loss_downtime_t,prod_loss_downtime_t=24878,24878,24878,"prod_loss_downtime_t = SUM of [Entity A1, Entity A2]"
REL-004,Production loss from downtime,t,Group,Group,2026-07,prod_loss_downtime_t,prod_loss_downtime_t=32847,32847,32847,"prod_loss_downtime_t = SUM of [Entity A1, Entity A2]"
REL-004,Production loss from downtime,t,Group,Group,2026-08,prod_loss_downtime_t,prod_loss_downtime_t=30108,30108,30108,"prod_loss_downtime_t = SUM of [Entity A1, Entity A2]"
REL-004,Production loss from downtime,t,Group,Group,2026-09,prod_loss_downtime_t,prod_loss_downtime_t=27176,27176,27176,"prod_loss_downtime_t = SUM of [Entity A1, Entity A2]"
REL-005,Preventive-maintenance compliance,%,Plant,Plant 01,2026-04,pm_completed / pm_scheduled x 100,pm_completed=36; pm_scheduled=37,(100*36/37),97.3,plant input (mock)
REL-005,Preventive-maintenance compliance,%,Plant,Plant 01,2026-05,pm_completed / pm_scheduled x 100,pm_completed=47; pm_scheduled=48,(100*47/48),97.92,plant input (mock)
REL-005,Preventive-maintenance compliance,%,Plant,Plant 01,2026-06,pm_completed / pm_scheduled x 100,pm_completed=45; pm_scheduled=48,(100*45/48),93.75,plant input (mock)
REL-005,Preventive-maintenance compliance,%,Plant,Plant 01,2026-07,pm_completed / pm_scheduled x 100,pm_completed=52; pm_scheduled=55,(100*52/55),94.55,plant input (mock)
REL-005,Preventive-maintenance compliance,%,Plant,Plant 01,2026-08,pm_completed / pm_scheduled x 100,pm_completed=31; pm_scheduled=32,(100*31/32),96.88,plant input (mock)
REL-005,Preventive-maintenance compliance,%,Plant,Plant 01,2026-09,pm_completed / pm_scheduled x 100,pm_completed=43; pm_scheduled=46,(100*43/46),93.48,plant input (mock)
REL-005,Preventive-maintenance compliance,%,Plant,Plant 02,2026-04,pm_completed / pm_scheduled x 100,pm_completed=34; pm_scheduled=40,(100*34/40),85.0,plant input (mock)
REL-005,Preventive-maintenance compliance,%,Plant,Plant 02,2026-05,pm_completed / pm_scheduled x 100,pm_completed=33; pm_scheduled=44,(100*33/44),75.0,plant input (mock)
REL-005,Preventive-maintenance compliance,%,Plant,Plant 02,2026-06,pm_completed / pm_scheduled x 100,pm_completed=31; pm_scheduled=36,(100*31/36),86.11,plant input (mock)
REL-005,Preventive-maintenance compliance,%,Plant,Plant 02,2026-07,pm_completed / pm_scheduled x 100,pm_completed=44; pm_scheduled=56,(100*44/56),78.57,plant input (mock)
REL-005,Preventive-maintenance compliance,%,Plant,Plant 02,2026-08,pm_completed / pm_scheduled x 100,pm_completed=37; pm_scheduled=39,(100*37/39),94.87,plant input (mock)
REL-005,Preventive-maintenance compliance,%,Plant,Plant 02,2026-09,pm_completed / pm_scheduled x 100,pm_completed=27; pm_scheduled=33,(100*27/33),81.82,plant input (mock)
REL-005,Preventive-maintenance compliance,%,Plant,Plant 03,2026-04,pm_completed / pm_scheduled x 100,pm_completed=45; pm_scheduled=46,(100*45/46),97.83,plant input (mock)
REL-005,Preventive-maintenance compliance,%,Plant,Plant 03,2026-05,pm_completed / pm_scheduled x 100,pm_completed=51; pm_scheduled=54,(100*51/54),94.44,plant input (mock)
REL-005,Preventive-maintenance compliance,%,Plant,Plant 03,2026-06,pm_completed / pm_scheduled x 100,pm_completed=48; pm_scheduled=50,(100*48/50),96.0,plant input (mock)
REL-005,Preventive-maintenance compliance,%,Plant,Plant 03,2026-07,pm_completed / pm_scheduled x 100,pm_completed=30; pm_scheduled=31,(100*30/31),96.77,plant input (mock)
REL-005,Preventive-maintenance compliance,%,Plant,Plant 03,2026-08,pm_completed / pm_scheduled x 100,pm_completed=44; pm_scheduled=44,(100*44/44),100.0,plant input (mock)
REL-005,Preventive-maintenance compliance,%,Plant,Plant 03,2026-09,pm_completed / pm_scheduled x 100,pm_completed=58; pm_scheduled=58,(100*58/58),100.0,plant input (mock)
REL-005,Preventive-maintenance compliance,%,Plant,Plant 04,2026-04,pm_completed / pm_scheduled x 100,pm_completed=43; pm_scheduled=46,(100*43/46),93.48,plant input (mock)
REL-005,Preventive-maintenance compliance,%,Plant,Plant 04,2026-05,pm_completed / pm_scheduled x 100,pm_completed=39; pm_scheduled=39,(100*39/39),100.0,plant input (mock)
REL-005,Preventive-maintenance compliance,%,Plant,Plant 04,2026-06,pm_completed / pm_scheduled x 100,pm_completed=54; pm_scheduled=57,(100*54/57),94.74,plant input (mock)
REL-005,Preventive-maintenance compliance,%,Plant,Plant 04,2026-07,pm_completed / pm_scheduled x 100,pm_completed=49; pm_scheduled=51,(100*49/51),96.08,plant input (mock)
REL-005,Preventive-maintenance compliance,%,Plant,Plant 04,2026-08,pm_completed / pm_scheduled x 100,pm_completed=33; pm_scheduled=34,(100*33/34),97.06,plant input (mock)
REL-005,Preventive-maintenance compliance,%,Plant,Plant 04,2026-09,pm_completed / pm_scheduled x 100,pm_completed=59; pm_scheduled=59,(100*59/59),100.0,plant input (mock)
REL-005,Preventive-maintenance compliance,%,Plant,Plant 05,2026-04,pm_completed / pm_scheduled x 100,pm_completed=48; pm_scheduled=52,(100*48/52),92.31,plant input (mock)
REL-005,Preventive-maintenance compliance,%,Plant,Plant 05,2026-05,pm_completed / pm_scheduled x 100,pm_completed=36; pm_scheduled=39,(100*36/39),92.31,plant input (mock)
REL-005,Preventive-maintenance compliance,%,Plant,Plant 05,2026-06,pm_completed / pm_scheduled x 100,pm_completed=37; pm_scheduled=38,(100*37/38),97.37,plant input (mock)
REL-005,Preventive-maintenance compliance,%,Plant,Plant 05,2026-07,pm_completed / pm_scheduled x 100,pm_completed=57; pm_scheduled=58,(100*57/58),98.28,plant input (mock)
REL-005,Preventive-maintenance compliance,%,Plant,Plant 05,2026-08,pm_completed / pm_scheduled x 100,pm_completed=54; pm_scheduled=54,(100*54/54),100.0,plant input (mock)
REL-005,Preventive-maintenance compliance,%,Plant,Plant 05,2026-09,pm_completed / pm_scheduled x 100,pm_completed=41; pm_scheduled=42,(100*41/42),97.62,plant input (mock)
REL-005,Preventive-maintenance compliance,%,Plant,Plant 06,2026-04,pm_completed / pm_scheduled x 100,pm_completed=37; pm_scheduled=39,(100*37/39),94.87,plant input (mock)
REL-005,Preventive-maintenance compliance,%,Plant,Plant 06,2026-05,pm_completed / pm_scheduled x 100,pm_completed=49; pm_scheduled=51,(100*49/51),96.08,plant input (mock)
REL-005,Preventive-maintenance compliance,%,Plant,Plant 06,2026-06,pm_completed / pm_scheduled x 100,pm_completed=34; pm_scheduled=34,(100*34/34),100.0,plant input (mock)
REL-005,Preventive-maintenance compliance,%,Plant,Plant 06,2026-07,pm_completed / pm_scheduled x 100,pm_completed=29; pm_scheduled=31,(100*29/31),93.55,plant input (mock)
REL-005,Preventive-maintenance compliance,%,Plant,Plant 06,2026-08,pm_completed / pm_scheduled x 100,pm_completed=30; pm_scheduled=30,(100*30/30),100.0,plant input (mock)
REL-005,Preventive-maintenance compliance,%,Plant,Plant 06,2026-09,pm_completed / pm_scheduled x 100,pm_completed=34; pm_scheduled=36,(100*34/36),94.44,plant input (mock)
REL-005,Preventive-maintenance compliance,%,Entity,Entity A1,2026-04,pm_completed / pm_scheduled x 100,pm_completed=115; pm_scheduled=123,(100*115/123),93.5,"pm_completed = SUM of [Plant 01, Plant 02, Plant 03]; pm_scheduled = SUM of [Plant 01, Plant 02, Plant 03]"
REL-005,Preventive-maintenance compliance,%,Entity,Entity A1,2026-05,pm_completed / pm_scheduled x 100,pm_completed=131; pm_scheduled=146,(100*131/146),89.73,"pm_completed = SUM of [Plant 01, Plant 02, Plant 03]; pm_scheduled = SUM of [Plant 01, Plant 02, Plant 03]"
REL-005,Preventive-maintenance compliance,%,Entity,Entity A1,2026-06,pm_completed / pm_scheduled x 100,pm_completed=124; pm_scheduled=134,(100*124/134),92.54,"pm_completed = SUM of [Plant 01, Plant 02, Plant 03]; pm_scheduled = SUM of [Plant 01, Plant 02, Plant 03]"
REL-005,Preventive-maintenance compliance,%,Entity,Entity A1,2026-07,pm_completed / pm_scheduled x 100,pm_completed=126; pm_scheduled=142,(100*126/142),88.73,"pm_completed = SUM of [Plant 01, Plant 02, Plant 03]; pm_scheduled = SUM of [Plant 01, Plant 02, Plant 03]"
REL-005,Preventive-maintenance compliance,%,Entity,Entity A1,2026-08,pm_completed / pm_scheduled x 100,pm_completed=112; pm_scheduled=115,(100*112/115),97.39,"pm_completed = SUM of [Plant 01, Plant 02, Plant 03]; pm_scheduled = SUM of [Plant 01, Plant 02, Plant 03]"
REL-005,Preventive-maintenance compliance,%,Entity,Entity A1,2026-09,pm_completed / pm_scheduled x 100,pm_completed=128; pm_scheduled=137,(100*128/137),93.43,"pm_completed = SUM of [Plant 01, Plant 02, Plant 03]; pm_scheduled = SUM of [Plant 01, Plant 02, Plant 03]"
REL-005,Preventive-maintenance compliance,%,Entity,Entity A2,2026-04,pm_completed / pm_scheduled x 100,pm_completed=128; pm_scheduled=137,(100*128/137),93.43,"pm_completed = SUM of [Plant 04, Plant 05, Plant 06]; pm_scheduled = SUM of [Plant 04, Plant 05, Plant 06]"
REL-005,Preventive-maintenance compliance,%,Entity,Entity A2,2026-05,pm_completed / pm_scheduled x 100,pm_completed=124; pm_scheduled=129,(100*124/129),96.12,"pm_completed = SUM of [Plant 04, Plant 05, Plant 06]; pm_scheduled = SUM of [Plant 04, Plant 05, Plant 06]"
REL-005,Preventive-maintenance compliance,%,Entity,Entity A2,2026-06,pm_completed / pm_scheduled x 100,pm_completed=125; pm_scheduled=129,(100*125/129),96.9,"pm_completed = SUM of [Plant 04, Plant 05, Plant 06]; pm_scheduled = SUM of [Plant 04, Plant 05, Plant 06]"
REL-005,Preventive-maintenance compliance,%,Entity,Entity A2,2026-07,pm_completed / pm_scheduled x 100,pm_completed=135; pm_scheduled=140,(100*135/140),96.43,"pm_completed = SUM of [Plant 04, Plant 05, Plant 06]; pm_scheduled = SUM of [Plant 04, Plant 05, Plant 06]"
REL-005,Preventive-maintenance compliance,%,Entity,Entity A2,2026-08,pm_completed / pm_scheduled x 100,pm_completed=117; pm_scheduled=118,(100*117/118),99.15,"pm_completed = SUM of [Plant 04, Plant 05, Plant 06]; pm_scheduled = SUM of [Plant 04, Plant 05, Plant 06]"
REL-005,Preventive-maintenance compliance,%,Entity,Entity A2,2026-09,pm_completed / pm_scheduled x 100,pm_completed=134; pm_scheduled=137,(100*134/137),97.81,"pm_completed = SUM of [Plant 04, Plant 05, Plant 06]; pm_scheduled = SUM of [Plant 04, Plant 05, Plant 06]"
REL-005,Preventive-maintenance compliance,%,Group,Group,2026-04,pm_completed / pm_scheduled x 100,pm_completed=243; pm_scheduled=260,(100*243/260),93.46,"pm_completed = SUM of [Entity A1, Entity A2]; pm_scheduled = SUM of [Entity A1, Entity A2]"
REL-005,Preventive-maintenance compliance,%,Group,Group,2026-05,pm_completed / pm_scheduled x 100,pm_completed=255; pm_scheduled=275,(100*255/275),92.73,"pm_completed = SUM of [Entity A1, Entity A2]; pm_scheduled = SUM of [Entity A1, Entity A2]"
REL-005,Preventive-maintenance compliance,%,Group,Group,2026-06,pm_completed / pm_scheduled x 100,pm_completed=249; pm_scheduled=263,(100*249/263),94.68,"pm_completed = SUM of [Entity A1, Entity A2]; pm_scheduled = SUM of [Entity A1, Entity A2]"
REL-005,Preventive-maintenance compliance,%,Group,Group,2026-07,pm_completed / pm_scheduled x 100,pm_completed=261; pm_scheduled=282,(100*261/282),92.55,"pm_completed = SUM of [Entity A1, Entity A2]; pm_scheduled = SUM of [Entity A1, Entity A2]"
REL-005,Preventive-maintenance compliance,%,Group,Group,2026-08,pm_completed / pm_scheduled x 100,pm_completed=229; pm_scheduled=233,(100*229/233),98.28,"pm_completed = SUM of [Entity A1, Entity A2]; pm_scheduled = SUM of [Entity A1, Entity A2]"
REL-005,Preventive-maintenance compliance,%,Group,Group,2026-09,pm_completed / pm_scheduled x 100,pm_completed=262; pm_scheduled=274,(100*262/274),95.62,"pm_completed = SUM of [Entity A1, Entity A2]; pm_scheduled = SUM of [Entity A1, Entity A2]"
CST-001,Cost per tonne,cur/t,Plant,Plant 01,2026-04,(variable_cost_k + fixed_cost_k) x 1000 / good_output_t,variable_cost_k=251985.8; fixed_cost_k=1091.7; good_output_t=87087,(1000*(251985.8+1091.7)/87087),2906.03,plant input (mock)
CST-001,Cost per tonne,cur/t,Plant,Plant 01,2026-05,(variable_cost_k + fixed_cost_k) x 1000 / good_output_t,variable_cost_k=272778.7; fixed_cost_k=1465.4; good_output_t=80872,(1000*(272778.7+1465.4)/80872),3391.09,plant input (mock)
CST-001,Cost per tonne,cur/t,Plant,Plant 01,2026-06,(variable_cost_k + fixed_cost_k) x 1000 / good_output_t,variable_cost_k=269800.1; fixed_cost_k=1103.4; good_output_t=81129,(1000*(269800.1+1103.4)/81129),3339.17,plant input (mock)
CST-001,Cost per tonne,cur/t,Plant,Plant 01,2026-07,(variable_cost_k + fixed_cost_k) x 1000 / good_output_t,variable_cost_k=221284.2; fixed_cost_k=1144.9; good_output_t=83254,(1000*(221284.2+1144.9)/83254),2671.69,plant input (mock)
CST-001,Cost per tonne,cur/t,Plant,Plant 01,2026-08,(variable_cost_k + fixed_cost_k) x 1000 / good_output_t,variable_cost_k=268254.7; fixed_cost_k=1065.3; good_output_t=87527,(1000*(268254.7+1065.3)/87527),3076.99,plant input (mock)
CST-001,Cost per tonne,cur/t,Plant,Plant 01,2026-09,(variable_cost_k + fixed_cost_k) x 1000 / good_output_t,variable_cost_k=226098.2; fixed_cost_k=1375.5; good_output_t=81854,(1000*(226098.2+1375.5)/81854),2779.02,plant input (mock)
CST-001,Cost per tonne,cur/t,Plant,Plant 02,2026-04,(variable_cost_k + fixed_cost_k) x 1000 / good_output_t,variable_cost_k=293950.0; fixed_cost_k=1112.1; good_output_t=98478,(1000*(293950.0+1112.1)/98478),2996.22,plant input (mock)
CST-001,Cost per tonne,cur/t,Plant,Plant 02,2026-05,(variable_cost_k + fixed_cost_k) x 1000 / good_output_t,variable_cost_k=350205.1; fixed_cost_k=1212.1; good_output_t=96839,(1000*(350205.1+1212.1)/96839),3628.88,plant input (mock)
CST-001,Cost per tonne,cur/t,Plant,Plant 02,2026-06,(variable_cost_k + fixed_cost_k) x 1000 / good_output_t,variable_cost_k=321487.9; fixed_cost_k=1098.9; good_output_t=91848,(1000*(321487.9+1098.9)/91848),3512.18,plant input (mock)
CST-001,Cost per tonne,cur/t,Plant,Plant 02,2026-07,(variable_cost_k + fixed_cost_k) x 1000 / good_output_t,variable_cost_k=350472.9; fixed_cost_k=1434.2; good_output_t=97731,(1000*(350472.9+1434.2)/97731),3600.77,plant input (mock)
CST-001,Cost per tonne,cur/t,Plant,Plant 02,2026-08,(variable_cost_k + fixed_cost_k) x 1000 / good_output_t,variable_cost_k=293787.6; fixed_cost_k=1404.1; good_output_t=86596,(1000*(293787.6+1404.1)/86596),3408.84,plant input (mock)
CST-001,Cost per tonne,cur/t,Plant,Plant 02,2026-09,(variable_cost_k + fixed_cost_k) x 1000 / good_output_t,variable_cost_k=308111.0; fixed_cost_k=940.2; good_output_t=95233,(1000*(308111.0+940.2)/95233),3245.21,plant input (mock)
CST-001,Cost per tonne,cur/t,Plant,Plant 03,2026-04,(variable_cost_k + fixed_cost_k) x 1000 / good_output_t,variable_cost_k=423748.9; fixed_cost_k=1376.4; good_output_t=135597,(1000*(423748.9+1376.4)/135597),3135.21,plant input (mock)
CST-001,Cost per tonne,cur/t,Plant,Plant 03,2026-05,(variable_cost_k + fixed_cost_k) x 1000 / good_output_t,variable_cost_k=380693.8; fixed_cost_k=1092.1; good_output_t=123727,(1000*(380693.8+1092.1)/123727),3085.71,plant input (mock)
CST-001,Cost per tonne,cur/t,Plant,Plant 03,2026-06,(variable_cost_k + fixed_cost_k) x 1000 / good_output_t,variable_cost_k=345324.8; fixed_cost_k=952.7; good_output_t=129167,(1000*(345324.8+952.7)/129167),2680.85,plant input (mock)
CST-001,Cost per tonne,cur/t,Plant,Plant 03,2026-07,(variable_cost_k + fixed_cost_k) x 1000 / good_output_t,variable_cost_k=381458.3; fixed_cost_k=906.9; good_output_t=141110,(1000*(381458.3+906.9)/141110),2709.7,plant input (mock)
CST-001,Cost per tonne,cur/t,Plant,Plant 03,2026-08,(variable_cost_k + fixed_cost_k) x 1000 / good_output_t,variable_cost_k=423777.7; fixed_cost_k=1205.6; good_output_t=138449,(1000*(423777.7+1205.6)/138449),3069.6,plant input (mock)
CST-001,Cost per tonne,cur/t,Plant,Plant 03,2026-09,(variable_cost_k + fixed_cost_k) x 1000 / good_output_t,variable_cost_k=365860.2; fixed_cost_k=1454.1; good_output_t=139711,(1000*(365860.2+1454.1)/139711),2629.1,plant input (mock)
CST-001,Cost per tonne,cur/t,Plant,Plant 04,2026-04,(variable_cost_k + fixed_cost_k) x 1000 / good_output_t,variable_cost_k=238202.9; fixed_cost_k=1114.8; good_output_t=77084,(1000*(238202.9+1114.8)/77084),3104.64,plant input (mock)
CST-001,Cost per tonne,cur/t,Plant,Plant 04,2026-05,(variable_cost_k + fixed_cost_k) x 1000 / good_output_t,variable_cost_k=233996.7; fixed_cost_k=1447.4; good_output_t=76321,(1000*(233996.7+1447.4)/76321),3084.92,plant input (mock)
CST-001,Cost per tonne,cur/t,Plant,Plant 04,2026-06,(variable_cost_k + fixed_cost_k) x 1000 / good_output_t,variable_cost_k=245128.1; fixed_cost_k=915.1; good_output_t=75177,(1000*(245128.1+915.1)/75177),3272.85,plant input (mock)
CST-001,Cost per tonne,cur/t,Plant,Plant 04,2026-07,(variable_cost_k + fixed_cost_k) x 1000 / good_output_t,variable_cost_k=257344.0; fixed_cost_k=1342.1; good_output_t=77695,(1000*(257344.0+1342.1)/77695),3329.51,plant input (mock)
CST-001,Cost per tonne,cur/t,Plant,Plant 04,2026-08,(variable_cost_k + fixed_cost_k) x 1000 / good_output_t,variable_cost_k=220843.7; fixed_cost_k=1234.9; good_output_t=77594,(1000*(220843.7+1234.9)/77594),2862.06,plant input (mock)
CST-001,Cost per tonne,cur/t,Plant,Plant 04,2026-09,(variable_cost_k + fixed_cost_k) x 1000 / good_output_t,variable_cost_k=266460.1; fixed_cost_k=1127.6; good_output_t=81694,(1000*(266460.1+1127.6)/81694),3275.49,plant input (mock)
CST-001,Cost per tonne,cur/t,Plant,Plant 05,2026-04,(variable_cost_k + fixed_cost_k) x 1000 / good_output_t,variable_cost_k=435077.3; fixed_cost_k=1262.8; good_output_t=129454,(1000*(435077.3+1262.8)/129454),3370.62,plant input (mock)
CST-001,Cost per tonne,cur/t,Plant,Plant 05,2026-05,(variable_cost_k + fixed_cost_k) x 1000 / good_output_t,variable_cost_k=362340.8; fixed_cost_k=1517.5; good_output_t=121753,(1000*(362340.8+1517.5)/121753),2988.5,plant input (mock)
CST-001,Cost per tonne,cur/t,Plant,Plant 05,2026-06,(variable_cost_k + fixed_cost_k) x 1000 / good_output_t,variable_cost_k=411518.7; fixed_cost_k=1457.0; good_output_t=123027,(1000*(411518.7+1457.0)/123027),3356.79,plant input (mock)
CST-001,Cost per tonne,cur/t,Plant,Plant 05,2026-07,(variable_cost_k + fixed_cost_k) x 1000 / good_output_t,variable_cost_k=444075.7; fixed_cost_k=1411.4; good_output_t=136982,(1000*(444075.7+1411.4)/136982),3252.16,plant input (mock)
CST-001,Cost per tonne,cur/t,Plant,Plant 05,2026-08,(variable_cost_k + fixed_cost_k) x 1000 / good_output_t,variable_cost_k=390308.9; fixed_cost_k=1470.7; good_output_t=123607,(1000*(390308.9+1470.7)/123607),3169.56,plant input (mock)
CST-001,Cost per tonne,cur/t,Plant,Plant 05,2026-09,(variable_cost_k + fixed_cost_k) x 1000 / good_output_t,variable_cost_k=398678.1; fixed_cost_k=1248.5; good_output_t=132787,(1000*(398678.1+1248.5)/132787),3011.79,plant input (mock)
CST-001,Cost per tonne,cur/t,Plant,Plant 06,2026-04,(variable_cost_k + fixed_cost_k) x 1000 / good_output_t,variable_cost_k=268423.8; fixed_cost_k=1044.7; good_output_t=101956,(1000*(268423.8+1044.7)/101956),2642.99,plant input (mock)
CST-001,Cost per tonne,cur/t,Plant,Plant 06,2026-05,(variable_cost_k + fixed_cost_k) x 1000 / good_output_t,variable_cost_k=257302.8; fixed_cost_k=1471.8; good_output_t=90953,(1000*(257302.8+1471.8)/90953),2845.15,plant input (mock)
CST-001,Cost per tonne,cur/t,Plant,Plant 06,2026-06,(variable_cost_k + fixed_cost_k) x 1000 / good_output_t,variable_cost_k=293503.6; fixed_cost_k=953.1; good_output_t=97786,(1000*(293503.6+953.1)/97786),3011.24,plant input (mock)
CST-001,Cost per tonne,cur/t,Plant,Plant 06,2026-07,(variable_cost_k + fixed_cost_k) x 1000 / good_output_t,variable_cost_k=315593.3; fixed_cost_k=1062.1; good_output_t=100958,(1000*(315593.3+1062.1)/100958),3136.51,plant input (mock)
CST-001,Cost per tonne,cur/t,Plant,Plant 06,2026-08,(variable_cost_k + fixed_cost_k) x 1000 / good_output_t,variable_cost_k=329106.6; fixed_cost_k=1485.5; good_output_t=97315,(1000*(329106.6+1485.5)/97315),3397.13,plant input (mock)
CST-001,Cost per tonne,cur/t,Plant,Plant 06,2026-09,(variable_cost_k + fixed_cost_k) x 1000 / good_output_t,variable_cost_k=262617.2; fixed_cost_k=1573.0; good_output_t=94388,(1000*(262617.2+1573.0)/94388),2798.98,plant input (mock)
CST-001,Cost per tonne,cur/t,Entity,Entity A1,2026-04,(variable_cost_k + fixed_cost_k) x 1000 / good_output_t,variable_cost_k=969684.7; fixed_cost_k=3580.2; good_output_t=321162,(1000*(969684.7+3580.2)/321162),3030.45,"variable_cost_k = SUM of [Plant 01, Plant 02, Plant 03]; fixed_cost_k = SUM of [Plant 01, Plant 02, Plant 03]; good_output_t = SUM of [Plant 01, Plant 02, Plant 03]"
CST-001,Cost per tonne,cur/t,Entity,Entity A1,2026-05,(variable_cost_k + fixed_cost_k) x 1000 / good_output_t,variable_cost_k=1003677.6; fixed_cost_k=3769.6; good_output_t=301438,(1000*(1003677.6+3769.6)/301438),3342.14,"variable_cost_k = SUM of [Plant 01, Plant 02, Plant 03]; fixed_cost_k = SUM of [Plant 01, Plant 02, Plant 03]; good_output_t = SUM of [Plant 01, Plant 02, Plant 03]"
CST-001,Cost per tonne,cur/t,Entity,Entity A1,2026-06,(variable_cost_k + fixed_cost_k) x 1000 / good_output_t,variable_cost_k=936612.8; fixed_cost_k=3155.0; good_output_t=302144,(1000*(936612.8+3155.0)/302144),3110.33,"variable_cost_k = SUM of [Plant 01, Plant 02, Plant 03]; fixed_cost_k = SUM of [Plant 01, Plant 02, Plant 03]; good_output_t = SUM of [Plant 01, Plant 02, Plant 03]"
CST-001,Cost per tonne,cur/t,Entity,Entity A1,2026-07,(variable_cost_k + fixed_cost_k) x 1000 / good_output_t,variable_cost_k=953215.4; fixed_cost_k=3486.0; good_output_t=322095,(1000*(953215.4+3486.0)/322095),2970.25,"variable_cost_k = SUM of [Plant 01, Plant 02, Plant 03]; fixed_cost_k = SUM of [Plant 01, Plant 02, Plant 03]; good_output_t = SUM of [Plant 01, Plant 02, Plant 03]"
CST-001,Cost per tonne,cur/t,Entity,Entity A1,2026-08,(variable_cost_k + fixed_cost_k) x 1000 / good_output_t,variable_cost_k=985820.0; fixed_cost_k=3675.0; good_output_t=312572,(1000*(985820.0+3675.0)/312572),3165.65,"variable_cost_k = SUM of [Plant 01, Plant 02, Plant 03]; fixed_cost_k = SUM of [Plant 01, Plant 02, Plant 03]; good_output_t = SUM of [Plant 01, Plant 02, Plant 03]"
CST-001,Cost per tonne,cur/t,Entity,Entity A1,2026-09,(variable_cost_k + fixed_cost_k) x 1000 / good_output_t,variable_cost_k=900069.4; fixed_cost_k=3769.8; good_output_t=316798,(1000*(900069.4+3769.8)/316798),2853.05,"variable_cost_k = SUM of [Plant 01, Plant 02, Plant 03]; fixed_cost_k = SUM of [Plant 01, Plant 02, Plant 03]; good_output_t = SUM of [Plant 01, Plant 02, Plant 03]"
CST-001,Cost per tonne,cur/t,Entity,Entity A2,2026-04,(variable_cost_k + fixed_cost_k) x 1000 / good_output_t,variable_cost_k=941704.0; fixed_cost_k=3422.3; good_output_t=308494,(1000*(941704.0+3422.3)/308494),3063.68,"variable_cost_k = SUM of [Plant 04, Plant 05, Plant 06]; fixed_cost_k = SUM of [Plant 04, Plant 05, Plant 06]; good_output_t = SUM of [Plant 04, Plant 05, Plant 06]"
CST-001,Cost per tonne,cur/t,Entity,Entity A2,2026-05,(variable_cost_k + fixed_cost_k) x 1000 / good_output_t,variable_cost_k=853640.3; fixed_cost_k=4436.7; good_output_t=289027,(1000*(853640.3+4436.7)/289027),2968.85,"variable_cost_k = SUM of [Plant 04, Plant 05, Plant 06]; fixed_cost_k = SUM of [Plant 04, Plant 05, Plant 06]; good_output_t = SUM of [Plant 04, Plant 05, Plant 06]"
CST-001,Cost per tonne,cur/t,Entity,Entity A2,2026-06,(variable_cost_k + fixed_cost_k) x 1000 / good_output_t,variable_cost_k=950150.4; fixed_cost_k=3325.2; good_output_t=295990,(1000*(950150.4+3325.2)/295990),3221.31,"variable_cost_k = SUM of [Plant 04, Plant 05, Plant 06]; fixed_cost_k = SUM of [Plant 04, Plant 05, Plant 06]; good_output_t = SUM of [Plant 04, Plant 05, Plant 06]"
CST-001,Cost per tonne,cur/t,Entity,Entity A2,2026-07,(variable_cost_k + fixed_cost_k) x 1000 / good_output_t,variable_cost_k=1017013.0; fixed_cost_k=3815.6; good_output_t=315635,(1000*(1017013.0+3815.6)/315635),3234.21,"variable_cost_k = SUM of [Plant 04, Plant 05, Plant 06]; fixed_cost_k = SUM of [Plant 04, Plant 05, Plant 06]; good_output_t = SUM of [Plant 04, Plant 05, Plant 06]"
CST-001,Cost per tonne,cur/t,Entity,Entity A2,2026-08,(variable_cost_k + fixed_cost_k) x 1000 / good_output_t,variable_cost_k=940259.2; fixed_cost_k=4191.1; good_output_t=298516,(1000*(940259.2+4191.1)/298516),3163.82,"variable_cost_k = SUM of [Plant 04, Plant 05, Plant 06]; fixed_cost_k = SUM of [Plant 04, Plant 05, Plant 06]; good_output_t = SUM of [Plant 04, Plant 05, Plant 06]"
CST-001,Cost per tonne,cur/t,Entity,Entity A2,2026-09,(variable_cost_k + fixed_cost_k) x 1000 / good_output_t,variable_cost_k=927755.4; fixed_cost_k=3949.1; good_output_t=308869,(1000*(927755.4+3949.1)/308869),3016.5,"variable_cost_k = SUM of [Plant 04, Plant 05, Plant 06]; fixed_cost_k = SUM of [Plant 04, Plant 05, Plant 06]; good_output_t = SUM of [Plant 04, Plant 05, Plant 06]"
CST-001,Cost per tonne,cur/t,Group,Group,2026-04,(variable_cost_k + fixed_cost_k) x 1000 / good_output_t,variable_cost_k=1911388.7; fixed_cost_k=7002.5; good_output_t=629656,(1000*(1911388.7+7002.5)/629656),3046.73,"variable_cost_k = SUM of [Entity A1, Entity A2]; fixed_cost_k = SUM of [Entity A1, Entity A2]; good_output_t = SUM of [Entity A1, Entity A2]"
CST-001,Cost per tonne,cur/t,Group,Group,2026-05,(variable_cost_k + fixed_cost_k) x 1000 / good_output_t,variable_cost_k=1857317.9; fixed_cost_k=8206.3; good_output_t=590465,(1000*(1857317.9+8206.3)/590465),3159.42,"variable_cost_k = SUM of [Entity A1, Entity A2]; fixed_cost_k = SUM of [Entity A1, Entity A2]; good_output_t = SUM of [Entity A1, Entity A2]"
CST-001,Cost per tonne,cur/t,Group,Group,2026-06,(variable_cost_k + fixed_cost_k) x 1000 / good_output_t,variable_cost_k=1886763.2; fixed_cost_k=6480.2; good_output_t=598134,(1000*(1886763.2+6480.2)/598134),3165.25,"variable_cost_k = SUM of [Entity A1, Entity A2]; fixed_cost_k = SUM of [Entity A1, Entity A2]; good_output_t = SUM of [Entity A1, Entity A2]"
CST-001,Cost per tonne,cur/t,Group,Group,2026-07,(variable_cost_k + fixed_cost_k) x 1000 / good_output_t,variable_cost_k=1970228.4; fixed_cost_k=7301.6; good_output_t=637730,(1000*(1970228.4+7301.6)/637730),3100.89,"variable_cost_k = SUM of [Entity A1, Entity A2]; fixed_cost_k = SUM of [Entity A1, Entity A2]; good_output_t = SUM of [Entity A1, Entity A2]"
CST-001,Cost per tonne,cur/t,Group,Group,2026-08,(variable_cost_k + fixed_cost_k) x 1000 / good_output_t,variable_cost_k=1926079.2; fixed_cost_k=7866.1; good_output_t=611088,(1000*(1926079.2+7866.1)/611088),3164.76,"variable_cost_k = SUM of [Entity A1, Entity A2]; fixed_cost_k = SUM of [Entity A1, Entity A2]; good_output_t = SUM of [Entity A1, Entity A2]"
CST-001,Cost per tonne,cur/t,Group,Group,2026-09,(variable_cost_k + fixed_cost_k) x 1000 / good_output_t,variable_cost_k=1827824.8; fixed_cost_k=7718.9; good_output_t=625667,(1000*(1827824.8+7718.9)/625667),2933.74,"variable_cost_k = SUM of [Entity A1, Entity A2]; fixed_cost_k = SUM of [Entity A1, Entity A2]; good_output_t = SUM of [Entity A1, Entity A2]"
CST-002,Variable cost,cur k,Plant,Plant 01,2026-04,variable_cost_k,variable_cost_k=251985.8,251985.8,251985.8,plant input (mock)
CST-002,Variable cost,cur k,Plant,Plant 01,2026-05,variable_cost_k,variable_cost_k=272778.7,272778.7,272778.7,plant input (mock)
CST-002,Variable cost,cur k,Plant,Plant 01,2026-06,variable_cost_k,variable_cost_k=269800.1,269800.1,269800.1,plant input (mock)
CST-002,Variable cost,cur k,Plant,Plant 01,2026-07,variable_cost_k,variable_cost_k=221284.2,221284.2,221284.2,plant input (mock)
CST-002,Variable cost,cur k,Plant,Plant 01,2026-08,variable_cost_k,variable_cost_k=268254.7,268254.7,268254.7,plant input (mock)
CST-002,Variable cost,cur k,Plant,Plant 01,2026-09,variable_cost_k,variable_cost_k=226098.2,226098.2,226098.2,plant input (mock)
CST-002,Variable cost,cur k,Plant,Plant 02,2026-04,variable_cost_k,variable_cost_k=293950.0,293950.0,293950.0,plant input (mock)
CST-002,Variable cost,cur k,Plant,Plant 02,2026-05,variable_cost_k,variable_cost_k=350205.1,350205.1,350205.1,plant input (mock)
CST-002,Variable cost,cur k,Plant,Plant 02,2026-06,variable_cost_k,variable_cost_k=321487.9,321487.9,321487.9,plant input (mock)
CST-002,Variable cost,cur k,Plant,Plant 02,2026-07,variable_cost_k,variable_cost_k=350472.9,350472.9,350472.9,plant input (mock)
CST-002,Variable cost,cur k,Plant,Plant 02,2026-08,variable_cost_k,variable_cost_k=293787.6,293787.6,293787.6,plant input (mock)
CST-002,Variable cost,cur k,Plant,Plant 02,2026-09,variable_cost_k,variable_cost_k=308111.0,308111.0,308111.0,plant input (mock)
CST-002,Variable cost,cur k,Plant,Plant 03,2026-04,variable_cost_k,variable_cost_k=423748.9,423748.9,423748.9,plant input (mock)
CST-002,Variable cost,cur k,Plant,Plant 03,2026-05,variable_cost_k,variable_cost_k=380693.8,380693.8,380693.8,plant input (mock)
CST-002,Variable cost,cur k,Plant,Plant 03,2026-06,variable_cost_k,variable_cost_k=345324.8,345324.8,345324.8,plant input (mock)
CST-002,Variable cost,cur k,Plant,Plant 03,2026-07,variable_cost_k,variable_cost_k=381458.3,381458.3,381458.3,plant input (mock)
CST-002,Variable cost,cur k,Plant,Plant 03,2026-08,variable_cost_k,variable_cost_k=423777.7,423777.7,423777.7,plant input (mock)
CST-002,Variable cost,cur k,Plant,Plant 03,2026-09,variable_cost_k,variable_cost_k=365860.2,365860.2,365860.2,plant input (mock)
CST-002,Variable cost,cur k,Plant,Plant 04,2026-04,variable_cost_k,variable_cost_k=238202.9,238202.9,238202.9,plant input (mock)
CST-002,Variable cost,cur k,Plant,Plant 04,2026-05,variable_cost_k,variable_cost_k=233996.7,233996.7,233996.7,plant input (mock)
CST-002,Variable cost,cur k,Plant,Plant 04,2026-06,variable_cost_k,variable_cost_k=245128.1,245128.1,245128.1,plant input (mock)
CST-002,Variable cost,cur k,Plant,Plant 04,2026-07,variable_cost_k,variable_cost_k=257344.0,257344.0,257344.0,plant input (mock)
CST-002,Variable cost,cur k,Plant,Plant 04,2026-08,variable_cost_k,variable_cost_k=220843.7,220843.7,220843.7,plant input (mock)
CST-002,Variable cost,cur k,Plant,Plant 04,2026-09,variable_cost_k,variable_cost_k=266460.1,266460.1,266460.1,plant input (mock)
CST-002,Variable cost,cur k,Plant,Plant 05,2026-04,variable_cost_k,variable_cost_k=435077.3,435077.3,435077.3,plant input (mock)
CST-002,Variable cost,cur k,Plant,Plant 05,2026-05,variable_cost_k,variable_cost_k=362340.8,362340.8,362340.8,plant input (mock)
CST-002,Variable cost,cur k,Plant,Plant 05,2026-06,variable_cost_k,variable_cost_k=411518.7,411518.7,411518.7,plant input (mock)
CST-002,Variable cost,cur k,Plant,Plant 05,2026-07,variable_cost_k,variable_cost_k=444075.7,444075.7,444075.7,plant input (mock)
CST-002,Variable cost,cur k,Plant,Plant 05,2026-08,variable_cost_k,variable_cost_k=390308.9,390308.9,390308.9,plant input (mock)
CST-002,Variable cost,cur k,Plant,Plant 05,2026-09,variable_cost_k,variable_cost_k=398678.1,398678.1,398678.1,plant input (mock)
CST-002,Variable cost,cur k,Plant,Plant 06,2026-04,variable_cost_k,variable_cost_k=268423.8,268423.8,268423.8,plant input (mock)
CST-002,Variable cost,cur k,Plant,Plant 06,2026-05,variable_cost_k,variable_cost_k=257302.8,257302.8,257302.8,plant input (mock)
CST-002,Variable cost,cur k,Plant,Plant 06,2026-06,variable_cost_k,variable_cost_k=293503.6,293503.6,293503.6,plant input (mock)
CST-002,Variable cost,cur k,Plant,Plant 06,2026-07,variable_cost_k,variable_cost_k=315593.3,315593.3,315593.3,plant input (mock)
CST-002,Variable cost,cur k,Plant,Plant 06,2026-08,variable_cost_k,variable_cost_k=329106.6,329106.6,329106.6,plant input (mock)
CST-002,Variable cost,cur k,Plant,Plant 06,2026-09,variable_cost_k,variable_cost_k=262617.2,262617.2,262617.2,plant input (mock)
CST-002,Variable cost,cur k,Entity,Entity A1,2026-04,variable_cost_k,variable_cost_k=969684.7,969684.7,969684.7,"variable_cost_k = SUM of [Plant 01, Plant 02, Plant 03]"
CST-002,Variable cost,cur k,Entity,Entity A1,2026-05,variable_cost_k,variable_cost_k=1003677.6,1003677.6,1003677.6,"variable_cost_k = SUM of [Plant 01, Plant 02, Plant 03]"
CST-002,Variable cost,cur k,Entity,Entity A1,2026-06,variable_cost_k,variable_cost_k=936612.8,936612.8,936612.8,"variable_cost_k = SUM of [Plant 01, Plant 02, Plant 03]"
CST-002,Variable cost,cur k,Entity,Entity A1,2026-07,variable_cost_k,variable_cost_k=953215.4,953215.4,953215.4,"variable_cost_k = SUM of [Plant 01, Plant 02, Plant 03]"
CST-002,Variable cost,cur k,Entity,Entity A1,2026-08,variable_cost_k,variable_cost_k=985820.0,985820.0,985820.0,"variable_cost_k = SUM of [Plant 01, Plant 02, Plant 03]"
CST-002,Variable cost,cur k,Entity,Entity A1,2026-09,variable_cost_k,variable_cost_k=900069.4,900069.4,900069.4,"variable_cost_k = SUM of [Plant 01, Plant 02, Plant 03]"
CST-002,Variable cost,cur k,Entity,Entity A2,2026-04,variable_cost_k,variable_cost_k=941704.0,941704.0,941704.0,"variable_cost_k = SUM of [Plant 04, Plant 05, Plant 06]"
CST-002,Variable cost,cur k,Entity,Entity A2,2026-05,variable_cost_k,variable_cost_k=853640.3,853640.3,853640.3,"variable_cost_k = SUM of [Plant 04, Plant 05, Plant 06]"
CST-002,Variable cost,cur k,Entity,Entity A2,2026-06,variable_cost_k,variable_cost_k=950150.4,950150.4,950150.4,"variable_cost_k = SUM of [Plant 04, Plant 05, Plant 06]"
CST-002,Variable cost,cur k,Entity,Entity A2,2026-07,variable_cost_k,variable_cost_k=1017013.0,1017013.0,1017013.0,"variable_cost_k = SUM of [Plant 04, Plant 05, Plant 06]"
CST-002,Variable cost,cur k,Entity,Entity A2,2026-08,variable_cost_k,variable_cost_k=940259.2,940259.2,940259.2,"variable_cost_k = SUM of [Plant 04, Plant 05, Plant 06]"
CST-002,Variable cost,cur k,Entity,Entity A2,2026-09,variable_cost_k,variable_cost_k=927755.4,927755.4,927755.4,"variable_cost_k = SUM of [Plant 04, Plant 05, Plant 06]"
CST-002,Variable cost,cur k,Group,Group,2026-04,variable_cost_k,variable_cost_k=1911388.7,1911388.7,1911388.7,"variable_cost_k = SUM of [Entity A1, Entity A2]"
CST-002,Variable cost,cur k,Group,Group,2026-05,variable_cost_k,variable_cost_k=1857317.9,1857317.9,1857317.9,"variable_cost_k = SUM of [Entity A1, Entity A2]"
CST-002,Variable cost,cur k,Group,Group,2026-06,variable_cost_k,variable_cost_k=1886763.2,1886763.2,1886763.2,"variable_cost_k = SUM of [Entity A1, Entity A2]"
CST-002,Variable cost,cur k,Group,Group,2026-07,variable_cost_k,variable_cost_k=1970228.4,1970228.4,1970228.4,"variable_cost_k = SUM of [Entity A1, Entity A2]"
CST-002,Variable cost,cur k,Group,Group,2026-08,variable_cost_k,variable_cost_k=1926079.2,1926079.2,1926079.2,"variable_cost_k = SUM of [Entity A1, Entity A2]"
CST-002,Variable cost,cur k,Group,Group,2026-09,variable_cost_k,variable_cost_k=1827824.8,1827824.8,1827824.8,"variable_cost_k = SUM of [Entity A1, Entity A2]"
CST-003,Fuel cost,cur k,Plant,Plant 01,2026-04,fuel_cost_k,fuel_cost_k=62832.0,62832.0,62832.0,plant input (mock)
CST-003,Fuel cost,cur k,Plant,Plant 01,2026-05,fuel_cost_k,fuel_cost_k=79959.6,79959.6,79959.6,plant input (mock)
CST-003,Fuel cost,cur k,Plant,Plant 01,2026-06,fuel_cost_k,fuel_cost_k=63241.6,63241.6,63241.6,plant input (mock)
CST-003,Fuel cost,cur k,Plant,Plant 01,2026-07,fuel_cost_k,fuel_cost_k=64810.6,64810.6,64810.6,plant input (mock)
CST-003,Fuel cost,cur k,Plant,Plant 01,2026-08,fuel_cost_k,fuel_cost_k=78893.9,78893.9,78893.9,plant input (mock)
CST-003,Fuel cost,cur k,Plant,Plant 01,2026-09,fuel_cost_k,fuel_cost_k=50616.0,50616.0,50616.0,plant input (mock)
CST-003,Fuel cost,cur k,Plant,Plant 02,2026-04,fuel_cost_k,fuel_cost_k=67780.4,67780.4,67780.4,plant input (mock)
CST-003,Fuel cost,cur k,Plant,Plant 02,2026-05,fuel_cost_k,fuel_cost_k=97181.8,97181.8,97181.8,plant input (mock)
CST-003,Fuel cost,cur k,Plant,Plant 02,2026-06,fuel_cost_k,fuel_cost_k=71503.8,71503.8,71503.8,plant input (mock)
CST-003,Fuel cost,cur k,Plant,Plant 02,2026-07,fuel_cost_k,fuel_cost_k=93258.3,93258.3,93258.3,plant input (mock)
CST-003,Fuel cost,cur k,Plant,Plant 02,2026-08,fuel_cost_k,fuel_cost_k=89718.1,89718.1,89718.1,plant input (mock)
CST-003,Fuel cost,cur k,Plant,Plant 02,2026-09,fuel_cost_k,fuel_cost_k=70784.4,70784.4,70784.4,plant input (mock)
CST-003,Fuel cost,cur k,Plant,Plant 03,2026-04,fuel_cost_k,fuel_cost_k=102285.4,102285.4,102285.4,plant input (mock)
CST-003,Fuel cost,cur k,Plant,Plant 03,2026-05,fuel_cost_k,fuel_cost_k=88979.2,88979.2,88979.2,plant input (mock)
CST-003,Fuel cost,cur k,Plant,Plant 03,2026-06,fuel_cost_k,fuel_cost_k=105483.0,105483.0,105483.0,plant input (mock)
CST-003,Fuel cost,cur k,Plant,Plant 03,2026-07,fuel_cost_k,fuel_cost_k=92438.5,92438.5,92438.5,plant input (mock)
CST-003,Fuel cost,cur k,Plant,Plant 03,2026-08,fuel_cost_k,fuel_cost_k=129686.6,129686.6,129686.6,plant input (mock)
CST-003,Fuel cost,cur k,Plant,Plant 03,2026-09,fuel_cost_k,fuel_cost_k=97272.0,97272.0,97272.0,plant input (mock)
CST-003,Fuel cost,cur k,Plant,Plant 04,2026-04,fuel_cost_k,fuel_cost_k=62768.6,62768.6,62768.6,plant input (mock)
CST-003,Fuel cost,cur k,Plant,Plant 04,2026-05,fuel_cost_k,fuel_cost_k=64991.9,64991.9,64991.9,plant input (mock)
CST-003,Fuel cost,cur k,Plant,Plant 04,2026-06,fuel_cost_k,fuel_cost_k=77698.3,77698.3,77698.3,plant input (mock)
CST-003,Fuel cost,cur k,Plant,Plant 04,2026-07,fuel_cost_k,fuel_cost_k=81305.8,81305.8,81305.8,plant input (mock)
CST-003,Fuel cost,cur k,Plant,Plant 04,2026-08,fuel_cost_k,fuel_cost_k=64490.9,64490.9,64490.9,plant input (mock)
CST-003,Fuel cost,cur k,Plant,Plant 04,2026-09,fuel_cost_k,fuel_cost_k=82640.2,82640.2,82640.2,plant input (mock)
CST-003,Fuel cost,cur k,Plant,Plant 05,2026-04,fuel_cost_k,fuel_cost_k=128779.7,128779.7,128779.7,plant input (mock)
CST-003,Fuel cost,cur k,Plant,Plant 05,2026-05,fuel_cost_k,fuel_cost_k=89550.0,89550.0,89550.0,plant input (mock)
CST-003,Fuel cost,cur k,Plant,Plant 05,2026-06,fuel_cost_k,fuel_cost_k=126359.0,126359.0,126359.0,plant input (mock)
CST-003,Fuel cost,cur k,Plant,Plant 05,2026-07,fuel_cost_k,fuel_cost_k=131632.2,131632.2,131632.2,plant input (mock)
CST-003,Fuel cost,cur k,Plant,Plant 05,2026-08,fuel_cost_k,fuel_cost_k=92794.1,92794.1,92794.1,plant input (mock)
CST-003,Fuel cost,cur k,Plant,Plant 05,2026-09,fuel_cost_k,fuel_cost_k=92193.9,92193.9,92193.9,plant input (mock)
CST-003,Fuel cost,cur k,Plant,Plant 06,2026-04,fuel_cost_k,fuel_cost_k=65884.4,65884.4,65884.4,plant input (mock)
CST-003,Fuel cost,cur k,Plant,Plant 06,2026-05,fuel_cost_k,fuel_cost_k=71687.7,71687.7,71687.7,plant input (mock)
CST-003,Fuel cost,cur k,Plant,Plant 06,2026-06,fuel_cost_k,fuel_cost_k=70567.7,70567.7,70567.7,plant input (mock)
CST-003,Fuel cost,cur k,Plant,Plant 06,2026-07,fuel_cost_k,fuel_cost_k=100678.8,100678.8,100678.8,plant input (mock)
CST-003,Fuel cost,cur k,Plant,Plant 06,2026-08,fuel_cost_k,fuel_cost_k=89325.1,89325.1,89325.1,plant input (mock)
CST-003,Fuel cost,cur k,Plant,Plant 06,2026-09,fuel_cost_k,fuel_cost_k=65862.8,65862.8,65862.8,plant input (mock)
CST-003,Fuel cost,cur k,Entity,Entity A1,2026-04,fuel_cost_k,fuel_cost_k=232897.8,232897.8,232897.8,"fuel_cost_k = SUM of [Plant 01, Plant 02, Plant 03]"
CST-003,Fuel cost,cur k,Entity,Entity A1,2026-05,fuel_cost_k,fuel_cost_k=266120.6,266120.6,266120.6,"fuel_cost_k = SUM of [Plant 01, Plant 02, Plant 03]"
CST-003,Fuel cost,cur k,Entity,Entity A1,2026-06,fuel_cost_k,fuel_cost_k=240228.4,240228.4,240228.4,"fuel_cost_k = SUM of [Plant 01, Plant 02, Plant 03]"
CST-003,Fuel cost,cur k,Entity,Entity A1,2026-07,fuel_cost_k,fuel_cost_k=250507.4,250507.4,250507.4,"fuel_cost_k = SUM of [Plant 01, Plant 02, Plant 03]"
CST-003,Fuel cost,cur k,Entity,Entity A1,2026-08,fuel_cost_k,fuel_cost_k=298298.6,298298.6,298298.6,"fuel_cost_k = SUM of [Plant 01, Plant 02, Plant 03]"
CST-003,Fuel cost,cur k,Entity,Entity A1,2026-09,fuel_cost_k,fuel_cost_k=218672.4,218672.4,218672.4,"fuel_cost_k = SUM of [Plant 01, Plant 02, Plant 03]"
CST-003,Fuel cost,cur k,Entity,Entity A2,2026-04,fuel_cost_k,fuel_cost_k=257432.7,257432.7,257432.7,"fuel_cost_k = SUM of [Plant 04, Plant 05, Plant 06]"
CST-003,Fuel cost,cur k,Entity,Entity A2,2026-05,fuel_cost_k,fuel_cost_k=226229.6,226229.6,226229.6,"fuel_cost_k = SUM of [Plant 04, Plant 05, Plant 06]"
CST-003,Fuel cost,cur k,Entity,Entity A2,2026-06,fuel_cost_k,fuel_cost_k=274625.0,274625.0,274625.0,"fuel_cost_k = SUM of [Plant 04, Plant 05, Plant 06]"
CST-003,Fuel cost,cur k,Entity,Entity A2,2026-07,fuel_cost_k,fuel_cost_k=313616.8,313616.8,313616.8,"fuel_cost_k = SUM of [Plant 04, Plant 05, Plant 06]"
CST-003,Fuel cost,cur k,Entity,Entity A2,2026-08,fuel_cost_k,fuel_cost_k=246610.1,246610.1,246610.1,"fuel_cost_k = SUM of [Plant 04, Plant 05, Plant 06]"
CST-003,Fuel cost,cur k,Entity,Entity A2,2026-09,fuel_cost_k,fuel_cost_k=240696.9,240696.9,240696.9,"fuel_cost_k = SUM of [Plant 04, Plant 05, Plant 06]"
CST-003,Fuel cost,cur k,Group,Group,2026-04,fuel_cost_k,fuel_cost_k=490330.5,490330.5,490330.5,"fuel_cost_k = SUM of [Entity A1, Entity A2]"
CST-003,Fuel cost,cur k,Group,Group,2026-05,fuel_cost_k,fuel_cost_k=492350.2,492350.2,492350.2,"fuel_cost_k = SUM of [Entity A1, Entity A2]"
CST-003,Fuel cost,cur k,Group,Group,2026-06,fuel_cost_k,fuel_cost_k=514853.4,514853.4,514853.4,"fuel_cost_k = SUM of [Entity A1, Entity A2]"
CST-003,Fuel cost,cur k,Group,Group,2026-07,fuel_cost_k,fuel_cost_k=564124.2,564124.2,564124.2,"fuel_cost_k = SUM of [Entity A1, Entity A2]"
CST-003,Fuel cost,cur k,Group,Group,2026-08,fuel_cost_k,fuel_cost_k=544908.7,544908.7,544908.7,"fuel_cost_k = SUM of [Entity A1, Entity A2]"
CST-003,Fuel cost,cur k,Group,Group,2026-09,fuel_cost_k,fuel_cost_k=459369.3,459369.3,459369.3,"fuel_cost_k = SUM of [Entity A1, Entity A2]"
SUS-001,Water usage,m3,Plant,Plant 01,2026-04,water_m3,water_m3=167244,167244,167244,plant input (mock)
SUS-001,Water usage,m3,Plant,Plant 01,2026-05,water_m3,water_m3=205726,205726,205726,plant input (mock)
SUS-001,Water usage,m3,Plant,Plant 01,2026-06,water_m3,water_m3=166424,166424,166424,plant input (mock)
SUS-001,Water usage,m3,Plant,Plant 01,2026-07,water_m3,water_m3=180484,180484,180484,plant input (mock)
SUS-001,Water usage,m3,Plant,Plant 01,2026-08,water_m3,water_m3=192091,192091,192091,plant input (mock)
SUS-001,Water usage,m3,Plant,Plant 01,2026-09,water_m3,water_m3=148807,148807,148807,plant input (mock)
SUS-001,Water usage,m3,Plant,Plant 02,2026-04,water_m3,water_m3=202909,202909,202909,plant input (mock)
SUS-001,Water usage,m3,Plant,Plant 02,2026-05,water_m3,water_m3=176546,176546,176546,plant input (mock)
SUS-001,Water usage,m3,Plant,Plant 02,2026-06,water_m3,water_m3=174177,174177,174177,plant input (mock)
SUS-001,Water usage,m3,Plant,Plant 02,2026-07,water_m3,water_m3=204288,204288,204288,plant input (mock)
SUS-001,Water usage,m3,Plant,Plant 02,2026-08,water_m3,water_m3=164589,164589,164589,plant input (mock)
SUS-001,Water usage,m3,Plant,Plant 02,2026-09,water_m3,water_m3=245659,245659,245659,plant input (mock)
SUS-001,Water usage,m3,Plant,Plant 03,2026-04,water_m3,water_m3=293580,293580,293580,plant input (mock)
SUS-001,Water usage,m3,Plant,Plant 03,2026-05,water_m3,water_m3=320054,320054,320054,plant input (mock)
SUS-001,Water usage,m3,Plant,Plant 03,2026-06,water_m3,water_m3=282180,282180,282180,plant input (mock)
SUS-001,Water usage,m3,Plant,Plant 03,2026-07,water_m3,water_m3=353704,353704,353704,plant input (mock)
SUS-001,Water usage,m3,Plant,Plant 03,2026-08,water_m3,water_m3=316694,316694,316694,plant input (mock)
SUS-001,Water usage,m3,Plant,Plant 03,2026-09,water_m3,water_m3=346844,346844,346844,plant input (mock)
SUS-001,Water usage,m3,Plant,Plant 04,2026-04,water_m3,water_m3=186852,186852,186852,plant input (mock)
SUS-001,Water usage,m3,Plant,Plant 04,2026-05,water_m3,water_m3=165220,165220,165220,plant input (mock)
SUS-001,Water usage,m3,Plant,Plant 04,2026-06,water_m3,water_m3=135852,135852,135852,plant input (mock)
SUS-001,Water usage,m3,Plant,Plant 04,2026-07,water_m3,water_m3=154581,154581,154581,plant input (mock)
SUS-001,Water usage,m3,Plant,Plant 04,2026-08,water_m3,water_m3=184195,184195,184195,plant input (mock)
SUS-001,Water usage,m3,Plant,Plant 04,2026-09,water_m3,water_m3=178267,178267,178267,plant input (mock)
SUS-001,Water usage,m3,Plant,Plant 05,2026-04,water_m3,water_m3=292639,292639,292639,plant input (mock)
SUS-001,Water usage,m3,Plant,Plant 05,2026-05,water_m3,water_m3=244417,244417,244417,plant input (mock)
SUS-001,Water usage,m3,Plant,Plant 05,2026-06,water_m3,water_m3=277551,277551,277551,plant input (mock)
SUS-001,Water usage,m3,Plant,Plant 05,2026-07,water_m3,water_m3=285264,285264,285264,plant input (mock)
SUS-001,Water usage,m3,Plant,Plant 05,2026-08,water_m3,water_m3=320464,320464,320464,plant input (mock)
SUS-001,Water usage,m3,Plant,Plant 05,2026-09,water_m3,water_m3=299945,299945,299945,plant input (mock)
SUS-001,Water usage,m3,Plant,Plant 06,2026-04,water_m3,water_m3=209508,209508,209508,plant input (mock)
SUS-001,Water usage,m3,Plant,Plant 06,2026-05,water_m3,water_m3=170103,170103,170103,plant input (mock)
SUS-001,Water usage,m3,Plant,Plant 06,2026-06,water_m3,water_m3=209475,209475,209475,plant input (mock)
SUS-001,Water usage,m3,Plant,Plant 06,2026-07,water_m3,water_m3=220957,220957,220957,plant input (mock)
SUS-001,Water usage,m3,Plant,Plant 06,2026-08,water_m3,water_m3=185666,185666,185666,plant input (mock)
SUS-001,Water usage,m3,Plant,Plant 06,2026-09,water_m3,water_m3=230619,230619,230619,plant input (mock)
SUS-001,Water usage,m3,Entity,Entity A1,2026-04,water_m3,water_m3=663733,663733,663733,"water_m3 = SUM of [Plant 01, Plant 02, Plant 03]"
SUS-001,Water usage,m3,Entity,Entity A1,2026-05,water_m3,water_m3=702326,702326,702326,"water_m3 = SUM of [Plant 01, Plant 02, Plant 03]"
SUS-001,Water usage,m3,Entity,Entity A1,2026-06,water_m3,water_m3=622781,622781,622781,"water_m3 = SUM of [Plant 01, Plant 02, Plant 03]"
SUS-001,Water usage,m3,Entity,Entity A1,2026-07,water_m3,water_m3=738476,738476,738476,"water_m3 = SUM of [Plant 01, Plant 02, Plant 03]"
SUS-001,Water usage,m3,Entity,Entity A1,2026-08,water_m3,water_m3=673374,673374,673374,"water_m3 = SUM of [Plant 01, Plant 02, Plant 03]"
SUS-001,Water usage,m3,Entity,Entity A1,2026-09,water_m3,water_m3=741310,741310,741310,"water_m3 = SUM of [Plant 01, Plant 02, Plant 03]"
SUS-001,Water usage,m3,Entity,Entity A2,2026-04,water_m3,water_m3=688999,688999,688999,"water_m3 = SUM of [Plant 04, Plant 05, Plant 06]"
SUS-001,Water usage,m3,Entity,Entity A2,2026-05,water_m3,water_m3=579740,579740,579740,"water_m3 = SUM of [Plant 04, Plant 05, Plant 06]"
SUS-001,Water usage,m3,Entity,Entity A2,2026-06,water_m3,water_m3=622878,622878,622878,"water_m3 = SUM of [Plant 04, Plant 05, Plant 06]"
SUS-001,Water usage,m3,Entity,Entity A2,2026-07,water_m3,water_m3=660802,660802,660802,"water_m3 = SUM of [Plant 04, Plant 05, Plant 06]"
SUS-001,Water usage,m3,Entity,Entity A2,2026-08,water_m3,water_m3=690325,690325,690325,"water_m3 = SUM of [Plant 04, Plant 05, Plant 06]"
SUS-001,Water usage,m3,Entity,Entity A2,2026-09,water_m3,water_m3=708831,708831,708831,"water_m3 = SUM of [Plant 04, Plant 05, Plant 06]"
SUS-001,Water usage,m3,Group,Group,2026-04,water_m3,water_m3=1352732,1352732,1352732,"water_m3 = SUM of [Entity A1, Entity A2]"
SUS-001,Water usage,m3,Group,Group,2026-05,water_m3,water_m3=1282066,1282066,1282066,"water_m3 = SUM of [Entity A1, Entity A2]"
SUS-001,Water usage,m3,Group,Group,2026-06,water_m3,water_m3=1245659,1245659,1245659,"water_m3 = SUM of [Entity A1, Entity A2]"
SUS-001,Water usage,m3,Group,Group,2026-07,water_m3,water_m3=1399278,1399278,1399278,"water_m3 = SUM of [Entity A1, Entity A2]"
SUS-001,Water usage,m3,Group,Group,2026-08,water_m3,water_m3=1363699,1363699,1363699,"water_m3 = SUM of [Entity A1, Entity A2]"
SUS-001,Water usage,m3,Group,Group,2026-09,water_m3,water_m3=1450141,1450141,1450141,"water_m3 = SUM of [Entity A1, Entity A2]"
SUS-002,Emissions,tCO2e,Plant,Plant 01,2026-04,emissions_tco2e,emissions_tco2e=61316,61316,61316,plant input (mock)
SUS-002,Emissions,tCO2e,Plant,Plant 01,2026-05,emissions_tco2e,emissions_tco2e=53724,53724,53724,plant input (mock)
SUS-002,Emissions,tCO2e,Plant,Plant 01,2026-06,emissions_tco2e,emissions_tco2e=60010,60010,60010,plant input (mock)
SUS-002,Emissions,tCO2e,Plant,Plant 01,2026-07,emissions_tco2e,emissions_tco2e=54600,54600,54600,plant input (mock)
SUS-002,Emissions,tCO2e,Plant,Plant 01,2026-08,emissions_tco2e,emissions_tco2e=54889,54889,54889,plant input (mock)
SUS-002,Emissions,tCO2e,Plant,Plant 01,2026-09,emissions_tco2e,emissions_tco2e=59115,59115,59115,plant input (mock)
SUS-002,Emissions,tCO2e,Plant,Plant 02,2026-04,emissions_tco2e,emissions_tco2e=69227,69227,69227,plant input (mock)
SUS-002,Emissions,tCO2e,Plant,Plant 02,2026-05,emissions_tco2e,emissions_tco2e=62330,62330,62330,plant input (mock)
SUS-002,Emissions,tCO2e,Plant,Plant 02,2026-06,emissions_tco2e,emissions_tco2e=54970,54970,54970,plant input (mock)
SUS-002,Emissions,tCO2e,Plant,Plant 02,2026-07,emissions_tco2e,emissions_tco2e=57701,57701,57701,plant input (mock)
SUS-002,Emissions,tCO2e,Plant,Plant 02,2026-08,emissions_tco2e,emissions_tco2e=62319,62319,62319,plant input (mock)
SUS-002,Emissions,tCO2e,Plant,Plant 02,2026-09,emissions_tco2e,emissions_tco2e=68824,68824,68824,plant input (mock)
SUS-002,Emissions,tCO2e,Plant,Plant 03,2026-04,emissions_tco2e,emissions_tco2e=100138,100138,100138,plant input (mock)
SUS-002,Emissions,tCO2e,Plant,Plant 03,2026-05,emissions_tco2e,emissions_tco2e=72786,72786,72786,plant input (mock)
SUS-002,Emissions,tCO2e,Plant,Plant 03,2026-06,emissions_tco2e,emissions_tco2e=73193,73193,73193,plant input (mock)
SUS-002,Emissions,tCO2e,Plant,Plant 03,2026-07,emissions_tco2e,emissions_tco2e=77990,77990,77990,plant input (mock)
SUS-002,Emissions,tCO2e,Plant,Plant 03,2026-08,emissions_tco2e,emissions_tco2e=99207,99207,99207,plant input (mock)
SUS-002,Emissions,tCO2e,Plant,Plant 03,2026-09,emissions_tco2e,emissions_tco2e=91566,91566,91566,plant input (mock)
SUS-002,Emissions,tCO2e,Plant,Plant 04,2026-04,emissions_tco2e,emissions_tco2e=47773,47773,47773,plant input (mock)
SUS-002,Emissions,tCO2e,Plant,Plant 04,2026-05,emissions_tco2e,emissions_tco2e=55497,55497,55497,plant input (mock)
SUS-002,Emissions,tCO2e,Plant,Plant 04,2026-06,emissions_tco2e,emissions_tco2e=41790,41790,41790,plant input (mock)
SUS-002,Emissions,tCO2e,Plant,Plant 04,2026-07,emissions_tco2e,emissions_tco2e=45272,45272,45272,plant input (mock)
SUS-002,Emissions,tCO2e,Plant,Plant 04,2026-08,emissions_tco2e,emissions_tco2e=53673,53673,53673,plant input (mock)
SUS-002,Emissions,tCO2e,Plant,Plant 04,2026-09,emissions_tco2e,emissions_tco2e=58385,58385,58385,plant input (mock)
SUS-002,Emissions,tCO2e,Plant,Plant 05,2026-04,emissions_tco2e,emissions_tco2e=86136,86136,86136,plant input (mock)
SUS-002,Emissions,tCO2e,Plant,Plant 05,2026-05,emissions_tco2e,emissions_tco2e=74247,74247,74247,plant input (mock)
SUS-002,Emissions,tCO2e,Plant,Plant 05,2026-06,emissions_tco2e,emissions_tco2e=89682,89682,89682,plant input (mock)
SUS-002,Emissions,tCO2e,Plant,Plant 05,2026-07,emissions_tco2e,emissions_tco2e=93285,93285,93285,plant input (mock)
SUS-002,Emissions,tCO2e,Plant,Plant 05,2026-08,emissions_tco2e,emissions_tco2e=79520,79520,79520,plant input (mock)
SUS-002,Emissions,tCO2e,Plant,Plant 05,2026-09,emissions_tco2e,emissions_tco2e=86535,86535,86535,plant input (mock)
SUS-002,Emissions,tCO2e,Plant,Plant 06,2026-04,emissions_tco2e,emissions_tco2e=61037,61037,61037,plant input (mock)
SUS-002,Emissions,tCO2e,Plant,Plant 06,2026-05,emissions_tco2e,emissions_tco2e=63809,63809,63809,plant input (mock)
SUS-002,Emissions,tCO2e,Plant,Plant 06,2026-06,emissions_tco2e,emissions_tco2e=54476,54476,54476,plant input (mock)
SUS-002,Emissions,tCO2e,Plant,Plant 06,2026-07,emissions_tco2e,emissions_tco2e=68538,68538,68538,plant input (mock)
SUS-002,Emissions,tCO2e,Plant,Plant 06,2026-08,emissions_tco2e,emissions_tco2e=60804,60804,60804,plant input (mock)
SUS-002,Emissions,tCO2e,Plant,Plant 06,2026-09,emissions_tco2e,emissions_tco2e=63239,63239,63239,plant input (mock)
SUS-002,Emissions,tCO2e,Entity,Entity A1,2026-04,emissions_tco2e,emissions_tco2e=230681,230681,230681,"emissions_tco2e = SUM of [Plant 01, Plant 02, Plant 03]"
SUS-002,Emissions,tCO2e,Entity,Entity A1,2026-05,emissions_tco2e,emissions_tco2e=188840,188840,188840,"emissions_tco2e = SUM of [Plant 01, Plant 02, Plant 03]"
SUS-002,Emissions,tCO2e,Entity,Entity A1,2026-06,emissions_tco2e,emissions_tco2e=188173,188173,188173,"emissions_tco2e = SUM of [Plant 01, Plant 02, Plant 03]"
SUS-002,Emissions,tCO2e,Entity,Entity A1,2026-07,emissions_tco2e,emissions_tco2e=190291,190291,190291,"emissions_tco2e = SUM of [Plant 01, Plant 02, Plant 03]"
SUS-002,Emissions,tCO2e,Entity,Entity A1,2026-08,emissions_tco2e,emissions_tco2e=216415,216415,216415,"emissions_tco2e = SUM of [Plant 01, Plant 02, Plant 03]"
SUS-002,Emissions,tCO2e,Entity,Entity A1,2026-09,emissions_tco2e,emissions_tco2e=219505,219505,219505,"emissions_tco2e = SUM of [Plant 01, Plant 02, Plant 03]"
SUS-002,Emissions,tCO2e,Entity,Entity A2,2026-04,emissions_tco2e,emissions_tco2e=194946,194946,194946,"emissions_tco2e = SUM of [Plant 04, Plant 05, Plant 06]"
SUS-002,Emissions,tCO2e,Entity,Entity A2,2026-05,emissions_tco2e,emissions_tco2e=193553,193553,193553,"emissions_tco2e = SUM of [Plant 04, Plant 05, Plant 06]"
SUS-002,Emissions,tCO2e,Entity,Entity A2,2026-06,emissions_tco2e,emissions_tco2e=185948,185948,185948,"emissions_tco2e = SUM of [Plant 04, Plant 05, Plant 06]"
SUS-002,Emissions,tCO2e,Entity,Entity A2,2026-07,emissions_tco2e,emissions_tco2e=207095,207095,207095,"emissions_tco2e = SUM of [Plant 04, Plant 05, Plant 06]"
SUS-002,Emissions,tCO2e,Entity,Entity A2,2026-08,emissions_tco2e,emissions_tco2e=193997,193997,193997,"emissions_tco2e = SUM of [Plant 04, Plant 05, Plant 06]"
SUS-002,Emissions,tCO2e,Entity,Entity A2,2026-09,emissions_tco2e,emissions_tco2e=208159,208159,208159,"emissions_tco2e = SUM of [Plant 04, Plant 05, Plant 06]"
SUS-002,Emissions,tCO2e,Group,Group,2026-04,emissions_tco2e,emissions_tco2e=425627,425627,425627,"emissions_tco2e = SUM of [Entity A1, Entity A2]"
SUS-002,Emissions,tCO2e,Group,Group,2026-05,emissions_tco2e,emissions_tco2e=382393,382393,382393,"emissions_tco2e = SUM of [Entity A1, Entity A2]"
SUS-002,Emissions,tCO2e,Group,Group,2026-06,emissions_tco2e,emissions_tco2e=374121,374121,374121,"emissions_tco2e = SUM of [Entity A1, Entity A2]"
SUS-002,Emissions,tCO2e,Group,Group,2026-07,emissions_tco2e,emissions_tco2e=397386,397386,397386,"emissions_tco2e = SUM of [Entity A1, Entity A2]"
SUS-002,Emissions,tCO2e,Group,Group,2026-08,emissions_tco2e,emissions_tco2e=410412,410412,410412,"emissions_tco2e = SUM of [Entity A1, Entity A2]"
SUS-002,Emissions,tCO2e,Group,Group,2026-09,emissions_tco2e,emissions_tco2e=427664,427664,427664,"emissions_tco2e = SUM of [Entity A1, Entity A2]"
SUS-003,Energy intensity,GJ/t,Plant,Plant 01,2026-04,energy_gj / good_output_t,energy_gj=311042; good_output_t=87087,(311042/87087),3.57,plant input (mock)
SUS-003,Energy intensity,GJ/t,Plant,Plant 01,2026-05,energy_gj / good_output_t,energy_gj=252523; good_output_t=80872,(252523/80872),3.12,plant input (mock)
SUS-003,Energy intensity,GJ/t,Plant,Plant 01,2026-06,energy_gj / good_output_t,energy_gj=243788; good_output_t=81129,(243788/81129),3.0,plant input (mock)
SUS-003,Energy intensity,GJ/t,Plant,Plant 01,2026-07,energy_gj / good_output_t,energy_gj=243753; good_output_t=83254,(243753/83254),2.93,plant input (mock)
SUS-003,Energy intensity,GJ/t,Plant,Plant 01,2026-08,energy_gj / good_output_t,energy_gj=306311; good_output_t=87527,(306311/87527),3.5,plant input (mock)
SUS-003,Energy intensity,GJ/t,Plant,Plant 01,2026-09,energy_gj / good_output_t,energy_gj=289576; good_output_t=81854,(289576/81854),3.54,plant input (mock)
SUS-003,Energy intensity,GJ/t,Plant,Plant 02,2026-04,energy_gj / good_output_t,energy_gj=349419; good_output_t=98478,(349419/98478),3.55,plant input (mock)
SUS-003,Energy intensity,GJ/t,Plant,Plant 02,2026-05,energy_gj / good_output_t,energy_gj=375349; good_output_t=96839,(375349/96839),3.88,plant input (mock)
SUS-003,Energy intensity,GJ/t,Plant,Plant 02,2026-06,energy_gj / good_output_t,energy_gj=368624; good_output_t=91848,(368624/91848),4.01,plant input (mock)
SUS-003,Energy intensity,GJ/t,Plant,Plant 02,2026-07,energy_gj / good_output_t,energy_gj=356252; good_output_t=97731,(356252/97731),3.65,plant input (mock)
SUS-003,Energy intensity,GJ/t,Plant,Plant 02,2026-08,energy_gj / good_output_t,energy_gj=347920; good_output_t=86596,(347920/86596),4.02,plant input (mock)
SUS-003,Energy intensity,GJ/t,Plant,Plant 02,2026-09,energy_gj / good_output_t,energy_gj=358135; good_output_t=95233,(358135/95233),3.76,plant input (mock)
SUS-003,Energy intensity,GJ/t,Plant,Plant 03,2026-04,energy_gj / good_output_t,energy_gj=411317; good_output_t=135597,(411317/135597),3.03,plant input (mock)
SUS-003,Energy intensity,GJ/t,Plant,Plant 03,2026-05,energy_gj / good_output_t,energy_gj=378969; good_output_t=123727,(378969/123727),3.06,plant input (mock)
SUS-003,Energy intensity,GJ/t,Plant,Plant 03,2026-06,energy_gj / good_output_t,energy_gj=376725; good_output_t=129167,(376725/129167),2.92,plant input (mock)
SUS-003,Energy intensity,GJ/t,Plant,Plant 03,2026-07,energy_gj / good_output_t,energy_gj=471001; good_output_t=141110,(471001/141110),3.34,plant input (mock)
SUS-003,Energy intensity,GJ/t,Plant,Plant 03,2026-08,energy_gj / good_output_t,energy_gj=471761; good_output_t=138449,(471761/138449),3.41,plant input (mock)
SUS-003,Energy intensity,GJ/t,Plant,Plant 03,2026-09,energy_gj / good_output_t,energy_gj=496742; good_output_t=139711,(496742/139711),3.56,plant input (mock)
SUS-003,Energy intensity,GJ/t,Plant,Plant 04,2026-04,energy_gj / good_output_t,energy_gj=263207; good_output_t=77084,(263207/77084),3.41,plant input (mock)
SUS-003,Energy intensity,GJ/t,Plant,Plant 04,2026-05,energy_gj / good_output_t,energy_gj=234243; good_output_t=76321,(234243/76321),3.07,plant input (mock)
SUS-003,Energy intensity,GJ/t,Plant,Plant 04,2026-06,energy_gj / good_output_t,energy_gj=240232; good_output_t=75177,(240232/75177),3.2,plant input (mock)
SUS-003,Energy intensity,GJ/t,Plant,Plant 04,2026-07,energy_gj / good_output_t,energy_gj=243309; good_output_t=77695,(243309/77695),3.13,plant input (mock)
SUS-003,Energy intensity,GJ/t,Plant,Plant 04,2026-08,energy_gj / good_output_t,energy_gj=235582; good_output_t=77594,(235582/77594),3.04,plant input (mock)
SUS-003,Energy intensity,GJ/t,Plant,Plant 04,2026-09,energy_gj / good_output_t,energy_gj=283879; good_output_t=81694,(283879/81694),3.47,plant input (mock)
SUS-003,Energy intensity,GJ/t,Plant,Plant 05,2026-04,energy_gj / good_output_t,energy_gj=447791; good_output_t=129454,(447791/129454),3.46,plant input (mock)
SUS-003,Energy intensity,GJ/t,Plant,Plant 05,2026-05,energy_gj / good_output_t,energy_gj=353899; good_output_t=121753,(353899/121753),2.91,plant input (mock)
SUS-003,Energy intensity,GJ/t,Plant,Plant 05,2026-06,energy_gj / good_output_t,energy_gj=432290; good_output_t=123027,(432290/123027),3.51,plant input (mock)
SUS-003,Energy intensity,GJ/t,Plant,Plant 05,2026-07,energy_gj / good_output_t,energy_gj=457581; good_output_t=136982,(457581/136982),3.34,plant input (mock)
SUS-003,Energy intensity,GJ/t,Plant,Plant 05,2026-08,energy_gj / good_output_t,energy_gj=439606; good_output_t=123607,(439606/123607),3.56,plant input (mock)
SUS-003,Energy intensity,GJ/t,Plant,Plant 05,2026-09,energy_gj / good_output_t,energy_gj=425107; good_output_t=132787,(425107/132787),3.2,plant input (mock)
SUS-003,Energy intensity,GJ/t,Plant,Plant 06,2026-04,energy_gj / good_output_t,energy_gj=339430; good_output_t=101956,(339430/101956),3.33,plant input (mock)
SUS-003,Energy intensity,GJ/t,Plant,Plant 06,2026-05,energy_gj / good_output_t,energy_gj=283826; good_output_t=90953,(283826/90953),3.12,plant input (mock)
SUS-003,Energy intensity,GJ/t,Plant,Plant 06,2026-06,energy_gj / good_output_t,energy_gj=289664; good_output_t=97786,(289664/97786),2.96,plant input (mock)
SUS-003,Energy intensity,GJ/t,Plant,Plant 06,2026-07,energy_gj / good_output_t,energy_gj=303194; good_output_t=100958,(303194/100958),3.0,plant input (mock)
SUS-003,Energy intensity,GJ/t,Plant,Plant 06,2026-08,energy_gj / good_output_t,energy_gj=349459; good_output_t=97315,(349459/97315),3.59,plant input (mock)
SUS-003,Energy intensity,GJ/t,Plant,Plant 06,2026-09,energy_gj / good_output_t,energy_gj=287280; good_output_t=94388,(287280/94388),3.04,plant input (mock)
SUS-003,Energy intensity,GJ/t,Entity,Entity A1,2026-04,energy_gj / good_output_t,energy_gj=1071778; good_output_t=321162,(1071778/321162),3.34,"energy_gj = SUM of [Plant 01, Plant 02, Plant 03]; good_output_t = SUM of [Plant 01, Plant 02, Plant 03]"
SUS-003,Energy intensity,GJ/t,Entity,Entity A1,2026-05,energy_gj / good_output_t,energy_gj=1006841; good_output_t=301438,(1006841/301438),3.34,"energy_gj = SUM of [Plant 01, Plant 02, Plant 03]; good_output_t = SUM of [Plant 01, Plant 02, Plant 03]"
SUS-003,Energy intensity,GJ/t,Entity,Entity A1,2026-06,energy_gj / good_output_t,energy_gj=989137; good_output_t=302144,(989137/302144),3.27,"energy_gj = SUM of [Plant 01, Plant 02, Plant 03]; good_output_t = SUM of [Plant 01, Plant 02, Plant 03]"
SUS-003,Energy intensity,GJ/t,Entity,Entity A1,2026-07,energy_gj / good_output_t,energy_gj=1071006; good_output_t=322095,(1071006/322095),3.33,"energy_gj = SUM of [Plant 01, Plant 02, Plant 03]; good_output_t = SUM of [Plant 01, Plant 02, Plant 03]"
SUS-003,Energy intensity,GJ/t,Entity,Entity A1,2026-08,energy_gj / good_output_t,energy_gj=1125992; good_output_t=312572,(1125992/312572),3.6,"energy_gj = SUM of [Plant 01, Plant 02, Plant 03]; good_output_t = SUM of [Plant 01, Plant 02, Plant 03]"
SUS-003,Energy intensity,GJ/t,Entity,Entity A1,2026-09,energy_gj / good_output_t,energy_gj=1144453; good_output_t=316798,(1144453/316798),3.61,"energy_gj = SUM of [Plant 01, Plant 02, Plant 03]; good_output_t = SUM of [Plant 01, Plant 02, Plant 03]"
SUS-003,Energy intensity,GJ/t,Entity,Entity A2,2026-04,energy_gj / good_output_t,energy_gj=1050428; good_output_t=308494,(1050428/308494),3.41,"energy_gj = SUM of [Plant 04, Plant 05, Plant 06]; good_output_t = SUM of [Plant 04, Plant 05, Plant 06]"
SUS-003,Energy intensity,GJ/t,Entity,Entity A2,2026-05,energy_gj / good_output_t,energy_gj=871968; good_output_t=289027,(871968/289027),3.02,"energy_gj = SUM of [Plant 04, Plant 05, Plant 06]; good_output_t = SUM of [Plant 04, Plant 05, Plant 06]"
SUS-003,Energy intensity,GJ/t,Entity,Entity A2,2026-06,energy_gj / good_output_t,energy_gj=962186; good_output_t=295990,(962186/295990),3.25,"energy_gj = SUM of [Plant 04, Plant 05, Plant 06]; good_output_t = SUM of [Plant 04, Plant 05, Plant 06]"
SUS-003,Energy intensity,GJ/t,Entity,Entity A2,2026-07,energy_gj / good_output_t,energy_gj=1004084; good_output_t=315635,(1004084/315635),3.18,"energy_gj = SUM of [Plant 04, Plant 05, Plant 06]; good_output_t = SUM of [Plant 04, Plant 05, Plant 06]"
SUS-003,Energy intensity,GJ/t,Entity,Entity A2,2026-08,energy_gj / good_output_t,energy_gj=1024647; good_output_t=298516,(1024647/298516),3.43,"energy_gj = SUM of [Plant 04, Plant 05, Plant 06]; good_output_t = SUM of [Plant 04, Plant 05, Plant 06]"
SUS-003,Energy intensity,GJ/t,Entity,Entity A2,2026-09,energy_gj / good_output_t,energy_gj=996266; good_output_t=308869,(996266/308869),3.23,"energy_gj = SUM of [Plant 04, Plant 05, Plant 06]; good_output_t = SUM of [Plant 04, Plant 05, Plant 06]"
SUS-003,Energy intensity,GJ/t,Group,Group,2026-04,energy_gj / good_output_t,energy_gj=2122206; good_output_t=629656,(2122206/629656),3.37,"energy_gj = SUM of [Entity A1, Entity A2]; good_output_t = SUM of [Entity A1, Entity A2]"
SUS-003,Energy intensity,GJ/t,Group,Group,2026-05,energy_gj / good_output_t,energy_gj=1878809; good_output_t=590465,(1878809/590465),3.18,"energy_gj = SUM of [Entity A1, Entity A2]; good_output_t = SUM of [Entity A1, Entity A2]"
SUS-003,Energy intensity,GJ/t,Group,Group,2026-06,energy_gj / good_output_t,energy_gj=1951323; good_output_t=598134,(1951323/598134),3.26,"energy_gj = SUM of [Entity A1, Entity A2]; good_output_t = SUM of [Entity A1, Entity A2]"
SUS-003,Energy intensity,GJ/t,Group,Group,2026-07,energy_gj / good_output_t,energy_gj=2075090; good_output_t=637730,(2075090/637730),3.25,"energy_gj = SUM of [Entity A1, Entity A2]; good_output_t = SUM of [Entity A1, Entity A2]"
SUS-003,Energy intensity,GJ/t,Group,Group,2026-08,energy_gj / good_output_t,energy_gj=2150639; good_output_t=611088,(2150639/611088),3.52,"energy_gj = SUM of [Entity A1, Entity A2]; good_output_t = SUM of [Entity A1, Entity A2]"
SUS-003,Energy intensity,GJ/t,Group,Group,2026-09,energy_gj / good_output_t,energy_gj=2140719; good_output_t=625667,(2140719/625667),3.42,"energy_gj = SUM of [Entity A1, Entity A2]; good_output_t = SUM of [Entity A1, Entity A2]"
SIG-007,Production at risk,t,Plant,Plant 01,2026-04,production_at_risk_t,production_at_risk_t=3223,3223,3223,plant input (mock)
SIG-007,Production at risk,t,Plant,Plant 01,2026-05,production_at_risk_t,production_at_risk_t=5217,5217,5217,plant input (mock)
SIG-007,Production at risk,t,Plant,Plant 01,2026-06,production_at_risk_t,production_at_risk_t=7297,7297,7297,plant input (mock)
SIG-007,Production at risk,t,Plant,Plant 01,2026-07,production_at_risk_t,production_at_risk_t=5312,5312,5312,plant input (mock)
SIG-007,Production at risk,t,Plant,Plant 01,2026-08,production_at_risk_t,production_at_risk_t=1480,1480,1480,plant input (mock)
SIG-007,Production at risk,t,Plant,Plant 01,2026-09,production_at_risk_t,production_at_risk_t=3669,3669,3669,plant input (mock)
SIG-007,Production at risk,t,Plant,Plant 02,2026-04,production_at_risk_t,production_at_risk_t=17173,17173,17173,plant input (mock)
SIG-007,Production at risk,t,Plant,Plant 02,2026-05,production_at_risk_t,production_at_risk_t=20499,20499,20499,plant input (mock)
SIG-007,Production at risk,t,Plant,Plant 02,2026-06,production_at_risk_t,production_at_risk_t=28075,28075,28075,plant input (mock)
SIG-007,Production at risk,t,Plant,Plant 02,2026-07,production_at_risk_t,production_at_risk_t=22870,22870,22870,plant input (mock)
SIG-007,Production at risk,t,Plant,Plant 02,2026-08,production_at_risk_t,production_at_risk_t=23073,23073,23073,plant input (mock)
SIG-007,Production at risk,t,Plant,Plant 02,2026-09,production_at_risk_t,production_at_risk_t=24322,24322,24322,plant input (mock)
SIG-007,Production at risk,t,Plant,Plant 03,2026-04,production_at_risk_t,production_at_risk_t=5413,5413,5413,plant input (mock)
SIG-007,Production at risk,t,Plant,Plant 03,2026-05,production_at_risk_t,production_at_risk_t=18096,18096,18096,plant input (mock)
SIG-007,Production at risk,t,Plant,Plant 03,2026-06,production_at_risk_t,production_at_risk_t=14242,14242,14242,plant input (mock)
SIG-007,Production at risk,t,Plant,Plant 03,2026-07,production_at_risk_t,production_at_risk_t=2225,2225,2225,plant input (mock)
SIG-007,Production at risk,t,Plant,Plant 03,2026-08,production_at_risk_t,production_at_risk_t=13634,13634,13634,plant input (mock)
SIG-007,Production at risk,t,Plant,Plant 03,2026-09,production_at_risk_t,production_at_risk_t=2939,2939,2939,plant input (mock)
SIG-007,Production at risk,t,Plant,Plant 04,2026-04,production_at_risk_t,production_at_risk_t=29,29,29,plant input (mock)
SIG-007,Production at risk,t,Plant,Plant 04,2026-05,production_at_risk_t,production_at_risk_t=10015,10015,10015,plant input (mock)
SIG-007,Production at risk,t,Plant,Plant 04,2026-06,production_at_risk_t,production_at_risk_t=6867,6867,6867,plant input (mock)
SIG-007,Production at risk,t,Plant,Plant 04,2026-07,production_at_risk_t,production_at_risk_t=5005,5005,5005,plant input (mock)
SIG-007,Production at risk,t,Plant,Plant 04,2026-08,production_at_risk_t,production_at_risk_t=806,806,806,plant input (mock)
SIG-007,Production at risk,t,Plant,Plant 04,2026-09,production_at_risk_t,production_at_risk_t=0,0,0,plant input (mock)
SIG-007,Production at risk,t,Plant,Plant 05,2026-04,production_at_risk_t,production_at_risk_t=2659,2659,2659,plant input (mock)
SIG-007,Production at risk,t,Plant,Plant 05,2026-05,production_at_risk_t,production_at_risk_t=0,0,0,plant input (mock)
SIG-007,Production at risk,t,Plant,Plant 05,2026-06,production_at_risk_t,production_at_risk_t=11194,11194,11194,plant input (mock)
SIG-007,Production at risk,t,Plant,Plant 05,2026-07,production_at_risk_t,production_at_risk_t=1175,1175,1175,plant input (mock)
SIG-007,Production at risk,t,Plant,Plant 05,2026-08,production_at_risk_t,production_at_risk_t=0,0,0,plant input (mock)
SIG-007,Production at risk,t,Plant,Plant 05,2026-09,production_at_risk_t,production_at_risk_t=0,0,0,plant input (mock)
SIG-007,Production at risk,t,Plant,Plant 06,2026-04,production_at_risk_t,production_at_risk_t=0,0,0,plant input (mock)
SIG-007,Production at risk,t,Plant,Plant 06,2026-05,production_at_risk_t,production_at_risk_t=2043,2043,2043,plant input (mock)
SIG-007,Production at risk,t,Plant,Plant 06,2026-06,production_at_risk_t,production_at_risk_t=4506,4506,4506,plant input (mock)
SIG-007,Production at risk,t,Plant,Plant 06,2026-07,production_at_risk_t,production_at_risk_t=1940,1940,1940,plant input (mock)
SIG-007,Production at risk,t,Plant,Plant 06,2026-08,production_at_risk_t,production_at_risk_t=5827,5827,5827,plant input (mock)
SIG-007,Production at risk,t,Plant,Plant 06,2026-09,production_at_risk_t,production_at_risk_t=5880,5880,5880,plant input (mock)
SIG-007,Production at risk,t,Entity,Entity A1,2026-04,production_at_risk_t,production_at_risk_t=25809,25809,25809,"production_at_risk_t = SUM of [Plant 01, Plant 02, Plant 03]"
SIG-007,Production at risk,t,Entity,Entity A1,2026-05,production_at_risk_t,production_at_risk_t=43812,43812,43812,"production_at_risk_t = SUM of [Plant 01, Plant 02, Plant 03]"
SIG-007,Production at risk,t,Entity,Entity A1,2026-06,production_at_risk_t,production_at_risk_t=49614,49614,49614,"production_at_risk_t = SUM of [Plant 01, Plant 02, Plant 03]"
SIG-007,Production at risk,t,Entity,Entity A1,2026-07,production_at_risk_t,production_at_risk_t=30407,30407,30407,"production_at_risk_t = SUM of [Plant 01, Plant 02, Plant 03]"
SIG-007,Production at risk,t,Entity,Entity A1,2026-08,production_at_risk_t,production_at_risk_t=38187,38187,38187,"production_at_risk_t = SUM of [Plant 01, Plant 02, Plant 03]"
SIG-007,Production at risk,t,Entity,Entity A1,2026-09,production_at_risk_t,production_at_risk_t=30930,30930,30930,"production_at_risk_t = SUM of [Plant 01, Plant 02, Plant 03]"
SIG-007,Production at risk,t,Entity,Entity A2,2026-04,production_at_risk_t,production_at_risk_t=2688,2688,2688,"production_at_risk_t = SUM of [Plant 04, Plant 05, Plant 06]"
SIG-007,Production at risk,t,Entity,Entity A2,2026-05,production_at_risk_t,production_at_risk_t=12058,12058,12058,"production_at_risk_t = SUM of [Plant 04, Plant 05, Plant 06]"
SIG-007,Production at risk,t,Entity,Entity A2,2026-06,production_at_risk_t,production_at_risk_t=22567,22567,22567,"production_at_risk_t = SUM of [Plant 04, Plant 05, Plant 06]"
SIG-007,Production at risk,t,Entity,Entity A2,2026-07,production_at_risk_t,production_at_risk_t=8120,8120,8120,"production_at_risk_t = SUM of [Plant 04, Plant 05, Plant 06]"
SIG-007,Production at risk,t,Entity,Entity A2,2026-08,production_at_risk_t,production_at_risk_t=6633,6633,6633,"production_at_risk_t = SUM of [Plant 04, Plant 05, Plant 06]"
SIG-007,Production at risk,t,Entity,Entity A2,2026-09,production_at_risk_t,production_at_risk_t=5880,5880,5880,"production_at_risk_t = SUM of [Plant 04, Plant 05, Plant 06]"
SIG-007,Production at risk,t,Group,Group,2026-04,production_at_risk_t,production_at_risk_t=28497,28497,28497,"production_at_risk_t = SUM of [Entity A1, Entity A2]"
SIG-007,Production at risk,t,Group,Group,2026-05,production_at_risk_t,production_at_risk_t=55870,55870,55870,"production_at_risk_t = SUM of [Entity A1, Entity A2]"
SIG-007,Production at risk,t,Group,Group,2026-06,production_at_risk_t,production_at_risk_t=72181,72181,72181,"production_at_risk_t = SUM of [Entity A1, Entity A2]"
SIG-007,Production at risk,t,Group,Group,2026-07,production_at_risk_t,production_at_risk_t=38527,38527,38527,"production_at_risk_t = SUM of [Entity A1, Entity A2]"
SIG-007,Production at risk,t,Group,Group,2026-08,production_at_risk_t,production_at_risk_t=44820,44820,44820,"production_at_risk_t = SUM of [Entity A1, Entity A2]"
SIG-007,Production at risk,t,Group,Group,2026-09,production_at_risk_t,production_at_risk_t=36810,36810,36810,"production_at_risk_t = SUM of [Entity A1, Entity A2]"
SIG-008,Critical plant-state alerts,count,Plant,Plant 01,2026-04,critical_plant_alerts,critical_plant_alerts=1,1,1,plant input (mock)
SIG-008,Critical plant-state alerts,count,Plant,Plant 01,2026-05,critical_plant_alerts,critical_plant_alerts=1,1,1,plant input (mock)
SIG-008,Critical plant-state alerts,count,Plant,Plant 01,2026-06,critical_plant_alerts,critical_plant_alerts=2,2,2,plant input (mock)
SIG-008,Critical plant-state alerts,count,Plant,Plant 01,2026-07,critical_plant_alerts,critical_plant_alerts=0,0,0,plant input (mock)
SIG-008,Critical plant-state alerts,count,Plant,Plant 01,2026-08,critical_plant_alerts,critical_plant_alerts=2,2,2,plant input (mock)
SIG-008,Critical plant-state alerts,count,Plant,Plant 01,2026-09,critical_plant_alerts,critical_plant_alerts=0,0,0,plant input (mock)
SIG-008,Critical plant-state alerts,count,Plant,Plant 02,2026-04,critical_plant_alerts,critical_plant_alerts=2,2,2,plant input (mock)
SIG-008,Critical plant-state alerts,count,Plant,Plant 02,2026-05,critical_plant_alerts,critical_plant_alerts=4,4,4,plant input (mock)
SIG-008,Critical plant-state alerts,count,Plant,Plant 02,2026-06,critical_plant_alerts,critical_plant_alerts=2,2,2,plant input (mock)
SIG-008,Critical plant-state alerts,count,Plant,Plant 02,2026-07,critical_plant_alerts,critical_plant_alerts=2,2,2,plant input (mock)
SIG-008,Critical plant-state alerts,count,Plant,Plant 02,2026-08,critical_plant_alerts,critical_plant_alerts=3,3,3,plant input (mock)
SIG-008,Critical plant-state alerts,count,Plant,Plant 02,2026-09,critical_plant_alerts,critical_plant_alerts=4,4,4,plant input (mock)
SIG-008,Critical plant-state alerts,count,Plant,Plant 03,2026-04,critical_plant_alerts,critical_plant_alerts=1,1,1,plant input (mock)
SIG-008,Critical plant-state alerts,count,Plant,Plant 03,2026-05,critical_plant_alerts,critical_plant_alerts=1,1,1,plant input (mock)
SIG-008,Critical plant-state alerts,count,Plant,Plant 03,2026-06,critical_plant_alerts,critical_plant_alerts=1,1,1,plant input (mock)
SIG-008,Critical plant-state alerts,count,Plant,Plant 03,2026-07,critical_plant_alerts,critical_plant_alerts=0,0,0,plant input (mock)
SIG-008,Critical plant-state alerts,count,Plant,Plant 03,2026-08,critical_plant_alerts,critical_plant_alerts=2,2,2,plant input (mock)
SIG-008,Critical plant-state alerts,count,Plant,Plant 03,2026-09,critical_plant_alerts,critical_plant_alerts=1,1,1,plant input (mock)
SIG-008,Critical plant-state alerts,count,Plant,Plant 04,2026-04,critical_plant_alerts,critical_plant_alerts=0,0,0,plant input (mock)
SIG-008,Critical plant-state alerts,count,Plant,Plant 04,2026-05,critical_plant_alerts,critical_plant_alerts=0,0,0,plant input (mock)
SIG-008,Critical plant-state alerts,count,Plant,Plant 04,2026-06,critical_plant_alerts,critical_plant_alerts=0,0,0,plant input (mock)
SIG-008,Critical plant-state alerts,count,Plant,Plant 04,2026-07,critical_plant_alerts,critical_plant_alerts=1,1,1,plant input (mock)
SIG-008,Critical plant-state alerts,count,Plant,Plant 04,2026-08,critical_plant_alerts,critical_plant_alerts=0,0,0,plant input (mock)
SIG-008,Critical plant-state alerts,count,Plant,Plant 04,2026-09,critical_plant_alerts,critical_plant_alerts=0,0,0,plant input (mock)
SIG-008,Critical plant-state alerts,count,Plant,Plant 05,2026-04,critical_plant_alerts,critical_plant_alerts=2,2,2,plant input (mock)
SIG-008,Critical plant-state alerts,count,Plant,Plant 05,2026-05,critical_plant_alerts,critical_plant_alerts=0,0,0,plant input (mock)
SIG-008,Critical plant-state alerts,count,Plant,Plant 05,2026-06,critical_plant_alerts,critical_plant_alerts=2,2,2,plant input (mock)
SIG-008,Critical plant-state alerts,count,Plant,Plant 05,2026-07,critical_plant_alerts,critical_plant_alerts=0,0,0,plant input (mock)
SIG-008,Critical plant-state alerts,count,Plant,Plant 05,2026-08,critical_plant_alerts,critical_plant_alerts=2,2,2,plant input (mock)
SIG-008,Critical plant-state alerts,count,Plant,Plant 05,2026-09,critical_plant_alerts,critical_plant_alerts=1,1,1,plant input (mock)
SIG-008,Critical plant-state alerts,count,Plant,Plant 06,2026-04,critical_plant_alerts,critical_plant_alerts=2,2,2,plant input (mock)
SIG-008,Critical plant-state alerts,count,Plant,Plant 06,2026-05,critical_plant_alerts,critical_plant_alerts=0,0,0,plant input (mock)
SIG-008,Critical plant-state alerts,count,Plant,Plant 06,2026-06,critical_plant_alerts,critical_plant_alerts=2,2,2,plant input (mock)
SIG-008,Critical plant-state alerts,count,Plant,Plant 06,2026-07,critical_plant_alerts,critical_plant_alerts=0,0,0,plant input (mock)
SIG-008,Critical plant-state alerts,count,Plant,Plant 06,2026-08,critical_plant_alerts,critical_plant_alerts=2,2,2,plant input (mock)
SIG-008,Critical plant-state alerts,count,Plant,Plant 06,2026-09,critical_plant_alerts,critical_plant_alerts=1,1,1,plant input (mock)
SIG-008,Critical plant-state alerts,count,Entity,Entity A1,2026-04,critical_plant_alerts,critical_plant_alerts=4,4,4,"critical_plant_alerts = SUM of [Plant 01, Plant 02, Plant 03]"
SIG-008,Critical plant-state alerts,count,Entity,Entity A1,2026-05,critical_plant_alerts,critical_plant_alerts=6,6,6,"critical_plant_alerts = SUM of [Plant 01, Plant 02, Plant 03]"
SIG-008,Critical plant-state alerts,count,Entity,Entity A1,2026-06,critical_plant_alerts,critical_plant_alerts=5,5,5,"critical_plant_alerts = SUM of [Plant 01, Plant 02, Plant 03]"
SIG-008,Critical plant-state alerts,count,Entity,Entity A1,2026-07,critical_plant_alerts,critical_plant_alerts=2,2,2,"critical_plant_alerts = SUM of [Plant 01, Plant 02, Plant 03]"
SIG-008,Critical plant-state alerts,count,Entity,Entity A1,2026-08,critical_plant_alerts,critical_plant_alerts=7,7,7,"critical_plant_alerts = SUM of [Plant 01, Plant 02, Plant 03]"
SIG-008,Critical plant-state alerts,count,Entity,Entity A1,2026-09,critical_plant_alerts,critical_plant_alerts=5,5,5,"critical_plant_alerts = SUM of [Plant 01, Plant 02, Plant 03]"
SIG-008,Critical plant-state alerts,count,Entity,Entity A2,2026-04,critical_plant_alerts,critical_plant_alerts=4,4,4,"critical_plant_alerts = SUM of [Plant 04, Plant 05, Plant 06]"
SIG-008,Critical plant-state alerts,count,Entity,Entity A2,2026-05,critical_plant_alerts,critical_plant_alerts=0,0,0,"critical_plant_alerts = SUM of [Plant 04, Plant 05, Plant 06]"
SIG-008,Critical plant-state alerts,count,Entity,Entity A2,2026-06,critical_plant_alerts,critical_plant_alerts=4,4,4,"critical_plant_alerts = SUM of [Plant 04, Plant 05, Plant 06]"
SIG-008,Critical plant-state alerts,count,Entity,Entity A2,2026-07,critical_plant_alerts,critical_plant_alerts=1,1,1,"critical_plant_alerts = SUM of [Plant 04, Plant 05, Plant 06]"
SIG-008,Critical plant-state alerts,count,Entity,Entity A2,2026-08,critical_plant_alerts,critical_plant_alerts=4,4,4,"critical_plant_alerts = SUM of [Plant 04, Plant 05, Plant 06]"
SIG-008,Critical plant-state alerts,count,Entity,Entity A2,2026-09,critical_plant_alerts,critical_plant_alerts=2,2,2,"critical_plant_alerts = SUM of [Plant 04, Plant 05, Plant 06]"
SIG-008,Critical plant-state alerts,count,Group,Group,2026-04,critical_plant_alerts,critical_plant_alerts=8,8,8,"critical_plant_alerts = SUM of [Entity A1, Entity A2]"
SIG-008,Critical plant-state alerts,count,Group,Group,2026-05,critical_plant_alerts,critical_plant_alerts=6,6,6,"critical_plant_alerts = SUM of [Entity A1, Entity A2]"
SIG-008,Critical plant-state alerts,count,Group,Group,2026-06,critical_plant_alerts,critical_plant_alerts=9,9,9,"critical_plant_alerts = SUM of [Entity A1, Entity A2]"
SIG-008,Critical plant-state alerts,count,Group,Group,2026-07,critical_plant_alerts,critical_plant_alerts=3,3,3,"critical_plant_alerts = SUM of [Entity A1, Entity A2]"
SIG-008,Critical plant-state alerts,count,Group,Group,2026-08,critical_plant_alerts,critical_plant_alerts=11,11,11,"critical_plant_alerts = SUM of [Entity A1, Entity A2]"
SIG-008,Critical plant-state alerts,count,Group,Group,2026-09,critical_plant_alerts,critical_plant_alerts=7,7,7,"critical_plant_alerts = SUM of [Entity A1, Entity A2]"
SIG-009,Critical-material shortage risk,count,Plant,Plant 01,2026-04,critical_material_risks,critical_material_risks=0,0,0,plant input (mock)
SIG-009,Critical-material shortage risk,count,Plant,Plant 01,2026-05,critical_material_risks,critical_material_risks=0,0,0,plant input (mock)
SIG-009,Critical-material shortage risk,count,Plant,Plant 01,2026-06,critical_material_risks,critical_material_risks=0,0,0,plant input (mock)
SIG-009,Critical-material shortage risk,count,Plant,Plant 01,2026-07,critical_material_risks,critical_material_risks=1,1,1,plant input (mock)
SIG-009,Critical-material shortage risk,count,Plant,Plant 01,2026-08,critical_material_risks,critical_material_risks=2,2,2,plant input (mock)
SIG-009,Critical-material shortage risk,count,Plant,Plant 01,2026-09,critical_material_risks,critical_material_risks=2,2,2,plant input (mock)
SIG-009,Critical-material shortage risk,count,Plant,Plant 02,2026-04,critical_material_risks,critical_material_risks=1,1,1,plant input (mock)
SIG-009,Critical-material shortage risk,count,Plant,Plant 02,2026-05,critical_material_risks,critical_material_risks=0,0,0,plant input (mock)
SIG-009,Critical-material shortage risk,count,Plant,Plant 02,2026-06,critical_material_risks,critical_material_risks=1,1,1,plant input (mock)
SIG-009,Critical-material shortage risk,count,Plant,Plant 02,2026-07,critical_material_risks,critical_material_risks=0,0,0,plant input (mock)
SIG-009,Critical-material shortage risk,count,Plant,Plant 02,2026-08,critical_material_risks,critical_material_risks=0,0,0,plant input (mock)
SIG-009,Critical-material shortage risk,count,Plant,Plant 02,2026-09,critical_material_risks,critical_material_risks=1,1,1,plant input (mock)
SIG-009,Critical-material shortage risk,count,Plant,Plant 03,2026-04,critical_material_risks,critical_material_risks=0,0,0,plant input (mock)
SIG-009,Critical-material shortage risk,count,Plant,Plant 03,2026-05,critical_material_risks,critical_material_risks=0,0,0,plant input (mock)
SIG-009,Critical-material shortage risk,count,Plant,Plant 03,2026-06,critical_material_risks,critical_material_risks=0,0,0,plant input (mock)
SIG-009,Critical-material shortage risk,count,Plant,Plant 03,2026-07,critical_material_risks,critical_material_risks=1,1,1,plant input (mock)
SIG-009,Critical-material shortage risk,count,Plant,Plant 03,2026-08,critical_material_risks,critical_material_risks=1,1,1,plant input (mock)
SIG-009,Critical-material shortage risk,count,Plant,Plant 03,2026-09,critical_material_risks,critical_material_risks=1,1,1,plant input (mock)
SIG-009,Critical-material shortage risk,count,Plant,Plant 04,2026-04,critical_material_risks,critical_material_risks=2,2,2,plant input (mock)
SIG-009,Critical-material shortage risk,count,Plant,Plant 04,2026-05,critical_material_risks,critical_material_risks=2,2,2,plant input (mock)
SIG-009,Critical-material shortage risk,count,Plant,Plant 04,2026-06,critical_material_risks,critical_material_risks=0,0,0,plant input (mock)
SIG-009,Critical-material shortage risk,count,Plant,Plant 04,2026-07,critical_material_risks,critical_material_risks=1,1,1,plant input (mock)
SIG-009,Critical-material shortage risk,count,Plant,Plant 04,2026-08,critical_material_risks,critical_material_risks=2,2,2,plant input (mock)
SIG-009,Critical-material shortage risk,count,Plant,Plant 04,2026-09,critical_material_risks,critical_material_risks=0,0,0,plant input (mock)
SIG-009,Critical-material shortage risk,count,Plant,Plant 05,2026-04,critical_material_risks,critical_material_risks=0,0,0,plant input (mock)
SIG-009,Critical-material shortage risk,count,Plant,Plant 05,2026-05,critical_material_risks,critical_material_risks=1,1,1,plant input (mock)
SIG-009,Critical-material shortage risk,count,Plant,Plant 05,2026-06,critical_material_risks,critical_material_risks=0,0,0,plant input (mock)
SIG-009,Critical-material shortage risk,count,Plant,Plant 05,2026-07,critical_material_risks,critical_material_risks=1,1,1,plant input (mock)
SIG-009,Critical-material shortage risk,count,Plant,Plant 05,2026-08,critical_material_risks,critical_material_risks=1,1,1,plant input (mock)
SIG-009,Critical-material shortage risk,count,Plant,Plant 05,2026-09,critical_material_risks,critical_material_risks=0,0,0,plant input (mock)
SIG-009,Critical-material shortage risk,count,Plant,Plant 06,2026-04,critical_material_risks,critical_material_risks=0,0,0,plant input (mock)
SIG-009,Critical-material shortage risk,count,Plant,Plant 06,2026-05,critical_material_risks,critical_material_risks=0,0,0,plant input (mock)
SIG-009,Critical-material shortage risk,count,Plant,Plant 06,2026-06,critical_material_risks,critical_material_risks=0,0,0,plant input (mock)
SIG-009,Critical-material shortage risk,count,Plant,Plant 06,2026-07,critical_material_risks,critical_material_risks=2,2,2,plant input (mock)
SIG-009,Critical-material shortage risk,count,Plant,Plant 06,2026-08,critical_material_risks,critical_material_risks=0,0,0,plant input (mock)
SIG-009,Critical-material shortage risk,count,Plant,Plant 06,2026-09,critical_material_risks,critical_material_risks=1,1,1,plant input (mock)
SIG-009,Critical-material shortage risk,count,Entity,Entity A1,2026-04,critical_material_risks,critical_material_risks=1,1,1,"critical_material_risks = SUM of [Plant 01, Plant 02, Plant 03]"
SIG-009,Critical-material shortage risk,count,Entity,Entity A1,2026-05,critical_material_risks,critical_material_risks=0,0,0,"critical_material_risks = SUM of [Plant 01, Plant 02, Plant 03]"
SIG-009,Critical-material shortage risk,count,Entity,Entity A1,2026-06,critical_material_risks,critical_material_risks=1,1,1,"critical_material_risks = SUM of [Plant 01, Plant 02, Plant 03]"
SIG-009,Critical-material shortage risk,count,Entity,Entity A1,2026-07,critical_material_risks,critical_material_risks=2,2,2,"critical_material_risks = SUM of [Plant 01, Plant 02, Plant 03]"
SIG-009,Critical-material shortage risk,count,Entity,Entity A1,2026-08,critical_material_risks,critical_material_risks=3,3,3,"critical_material_risks = SUM of [Plant 01, Plant 02, Plant 03]"
SIG-009,Critical-material shortage risk,count,Entity,Entity A1,2026-09,critical_material_risks,critical_material_risks=4,4,4,"critical_material_risks = SUM of [Plant 01, Plant 02, Plant 03]"
SIG-009,Critical-material shortage risk,count,Entity,Entity A2,2026-04,critical_material_risks,critical_material_risks=2,2,2,"critical_material_risks = SUM of [Plant 04, Plant 05, Plant 06]"
SIG-009,Critical-material shortage risk,count,Entity,Entity A2,2026-05,critical_material_risks,critical_material_risks=3,3,3,"critical_material_risks = SUM of [Plant 04, Plant 05, Plant 06]"
SIG-009,Critical-material shortage risk,count,Entity,Entity A2,2026-06,critical_material_risks,critical_material_risks=0,0,0,"critical_material_risks = SUM of [Plant 04, Plant 05, Plant 06]"
SIG-009,Critical-material shortage risk,count,Entity,Entity A2,2026-07,critical_material_risks,critical_material_risks=4,4,4,"critical_material_risks = SUM of [Plant 04, Plant 05, Plant 06]"
SIG-009,Critical-material shortage risk,count,Entity,Entity A2,2026-08,critical_material_risks,critical_material_risks=3,3,3,"critical_material_risks = SUM of [Plant 04, Plant 05, Plant 06]"
SIG-009,Critical-material shortage risk,count,Entity,Entity A2,2026-09,critical_material_risks,critical_material_risks=1,1,1,"critical_material_risks = SUM of [Plant 04, Plant 05, Plant 06]"
SIG-009,Critical-material shortage risk,count,Group,Group,2026-04,critical_material_risks,critical_material_risks=3,3,3,"critical_material_risks = SUM of [Entity A1, Entity A2]"
SIG-009,Critical-material shortage risk,count,Group,Group,2026-05,critical_material_risks,critical_material_risks=3,3,3,"critical_material_risks = SUM of [Entity A1, Entity A2]"
SIG-009,Critical-material shortage risk,count,Group,Group,2026-06,critical_material_risks,critical_material_risks=1,1,1,"critical_material_risks = SUM of [Entity A1, Entity A2]"
SIG-009,Critical-material shortage risk,count,Group,Group,2026-07,critical_material_risks,critical_material_risks=6,6,6,"critical_material_risks = SUM of [Entity A1, Entity A2]"
SIG-009,Critical-material shortage risk,count,Group,Group,2026-08,critical_material_risks,critical_material_risks=6,6,6,"critical_material_risks = SUM of [Entity A1, Entity A2]"
SIG-009,Critical-material shortage risk,count,Group,Group,2026-09,critical_material_risks,critical_material_risks=5,5,5,"critical_material_risks = SUM of [Entity A1, Entity A2]"
SIG-012,Dispatch delays,%,Plant,Plant 01,2026-04,dispatches_delayed / dispatches_total x 100,dispatches_delayed=9; dispatches_total=158,(100*9/158),5.7,plant input (mock)
SIG-012,Dispatch delays,%,Plant,Plant 01,2026-05,dispatches_delayed / dispatches_total x 100,dispatches_delayed=10; dispatches_total=256,(100*10/256),3.91,plant input (mock)
SIG-012,Dispatch delays,%,Plant,Plant 01,2026-06,dispatches_delayed / dispatches_total x 100,dispatches_delayed=11; dispatches_total=148,(100*11/148),7.43,plant input (mock)
SIG-012,Dispatch delays,%,Plant,Plant 01,2026-07,dispatches_delayed / dispatches_total x 100,dispatches_delayed=9; dispatches_total=198,(100*9/198),4.55,plant input (mock)
SIG-012,Dispatch delays,%,Plant,Plant 01,2026-08,dispatches_delayed / dispatches_total x 100,dispatches_delayed=10; dispatches_total=121,(100*10/121),8.26,plant input (mock)
SIG-012,Dispatch delays,%,Plant,Plant 01,2026-09,dispatches_delayed / dispatches_total x 100,dispatches_delayed=9; dispatches_total=120,(100*9/120),7.5,plant input (mock)
SIG-012,Dispatch delays,%,Plant,Plant 02,2026-04,dispatches_delayed / dispatches_total x 100,dispatches_delayed=11; dispatches_total=187,(100*11/187),5.88,plant input (mock)
SIG-012,Dispatch delays,%,Plant,Plant 02,2026-05,dispatches_delayed / dispatches_total x 100,dispatches_delayed=21; dispatches_total=197,(100*21/197),10.66,plant input (mock)
SIG-012,Dispatch delays,%,Plant,Plant 02,2026-06,dispatches_delayed / dispatches_total x 100,dispatches_delayed=21; dispatches_total=194,(100*21/194),10.82,plant input (mock)
SIG-012,Dispatch delays,%,Plant,Plant 02,2026-07,dispatches_delayed / dispatches_total x 100,dispatches_delayed=15; dispatches_total=129,(100*15/129),11.63,plant input (mock)
SIG-012,Dispatch delays,%,Plant,Plant 02,2026-08,dispatches_delayed / dispatches_total x 100,dispatches_delayed=32; dispatches_total=212,(100*32/212),15.09,plant input (mock)
SIG-012,Dispatch delays,%,Plant,Plant 02,2026-09,dispatches_delayed / dispatches_total x 100,dispatches_delayed=36; dispatches_total=225,(100*36/225),16.0,plant input (mock)
SIG-012,Dispatch delays,%,Plant,Plant 03,2026-04,dispatches_delayed / dispatches_total x 100,dispatches_delayed=5; dispatches_total=130,(100*5/130),3.85,plant input (mock)
SIG-012,Dispatch delays,%,Plant,Plant 03,2026-05,dispatches_delayed / dispatches_total x 100,dispatches_delayed=12; dispatches_total=230,(100*12/230),5.22,plant input (mock)
SIG-012,Dispatch delays,%,Plant,Plant 03,2026-06,dispatches_delayed / dispatches_total x 100,dispatches_delayed=13; dispatches_total=181,(100*13/181),7.18,plant input (mock)
SIG-012,Dispatch delays,%,Plant,Plant 03,2026-07,dispatches_delayed / dispatches_total x 100,dispatches_delayed=12; dispatches_total=146,(100*12/146),8.22,plant input (mock)
SIG-012,Dispatch delays,%,Plant,Plant 03,2026-08,dispatches_delayed / dispatches_total x 100,dispatches_delayed=4; dispatches_total=123,(100*4/123),3.25,plant input (mock)
SIG-012,Dispatch delays,%,Plant,Plant 03,2026-09,dispatches_delayed / dispatches_total x 100,dispatches_delayed=16; dispatches_total=214,(100*16/214),7.48,plant input (mock)
SIG-012,Dispatch delays,%,Plant,Plant 04,2026-04,dispatches_delayed / dispatches_total x 100,dispatches_delayed=21; dispatches_total=243,(100*21/243),8.64,plant input (mock)
SIG-012,Dispatch delays,%,Plant,Plant 04,2026-05,dispatches_delayed / dispatches_total x 100,dispatches_delayed=12; dispatches_total=142,(100*12/142),8.45,plant input (mock)
SIG-012,Dispatch delays,%,Plant,Plant 04,2026-06,dispatches_delayed / dispatches_total x 100,dispatches_delayed=12; dispatches_total=162,(100*12/162),7.41,plant input (mock)
SIG-012,Dispatch delays,%,Plant,Plant 04,2026-07,dispatches_delayed / dispatches_total x 100,dispatches_delayed=16; dispatches_total=184,(100*16/184),8.7,plant input (mock)
SIG-012,Dispatch delays,%,Plant,Plant 04,2026-08,dispatches_delayed / dispatches_total x 100,dispatches_delayed=17; dispatches_total=203,(100*17/203),8.37,plant input (mock)
SIG-012,Dispatch delays,%,Plant,Plant 04,2026-09,dispatches_delayed / dispatches_total x 100,dispatches_delayed=12; dispatches_total=169,(100*12/169),7.1,plant input (mock)
SIG-012,Dispatch delays,%,Plant,Plant 05,2026-04,dispatches_delayed / dispatches_total x 100,dispatches_delayed=10; dispatches_total=134,(100*10/134),7.46,plant input (mock)
SIG-012,Dispatch delays,%,Plant,Plant 05,2026-05,dispatches_delayed / dispatches_total x 100,dispatches_delayed=12; dispatches_total=149,(100*12/149),8.05,plant input (mock)
SIG-012,Dispatch delays,%,Plant,Plant 05,2026-06,dispatches_delayed / dispatches_total x 100,dispatches_delayed=18; dispatches_total=249,(100*18/249),7.23,plant input (mock)
SIG-012,Dispatch delays,%,Plant,Plant 05,2026-07,dispatches_delayed / dispatches_total x 100,dispatches_delayed=14; dispatches_total=167,(100*14/167),8.38,plant input (mock)
SIG-012,Dispatch delays,%,Plant,Plant 05,2026-08,dispatches_delayed / dispatches_total x 100,dispatches_delayed=11; dispatches_total=185,(100*11/185),5.95,plant input (mock)
SIG-012,Dispatch delays,%,Plant,Plant 05,2026-09,dispatches_delayed / dispatches_total x 100,dispatches_delayed=15; dispatches_total=198,(100*15/198),7.58,plant input (mock)
SIG-012,Dispatch delays,%,Plant,Plant 06,2026-04,dispatches_delayed / dispatches_total x 100,dispatches_delayed=6; dispatches_total=184,(100*6/184),3.26,plant input (mock)
SIG-012,Dispatch delays,%,Plant,Plant 06,2026-05,dispatches_delayed / dispatches_total x 100,dispatches_delayed=15; dispatches_total=185,(100*15/185),8.11,plant input (mock)
SIG-012,Dispatch delays,%,Plant,Plant 06,2026-06,dispatches_delayed / dispatches_total x 100,dispatches_delayed=8; dispatches_total=175,(100*8/175),4.57,plant input (mock)
SIG-012,Dispatch delays,%,Plant,Plant 06,2026-07,dispatches_delayed / dispatches_total x 100,dispatches_delayed=12; dispatches_total=153,(100*12/153),7.84,plant input (mock)
SIG-012,Dispatch delays,%,Plant,Plant 06,2026-08,dispatches_delayed / dispatches_total x 100,dispatches_delayed=8; dispatches_total=231,(100*8/231),3.46,plant input (mock)
SIG-012,Dispatch delays,%,Plant,Plant 06,2026-09,dispatches_delayed / dispatches_total x 100,dispatches_delayed=3; dispatches_total=125,(100*3/125),2.4,plant input (mock)
SIG-012,Dispatch delays,%,Entity,Entity A1,2026-04,dispatches_delayed / dispatches_total x 100,dispatches_delayed=25; dispatches_total=475,(100*25/475),5.26,"dispatches_delayed = SUM of [Plant 01, Plant 02, Plant 03]; dispatches_total = SUM of [Plant 01, Plant 02, Plant 03]"
SIG-012,Dispatch delays,%,Entity,Entity A1,2026-05,dispatches_delayed / dispatches_total x 100,dispatches_delayed=43; dispatches_total=683,(100*43/683),6.3,"dispatches_delayed = SUM of [Plant 01, Plant 02, Plant 03]; dispatches_total = SUM of [Plant 01, Plant 02, Plant 03]"
SIG-012,Dispatch delays,%,Entity,Entity A1,2026-06,dispatches_delayed / dispatches_total x 100,dispatches_delayed=45; dispatches_total=523,(100*45/523),8.6,"dispatches_delayed = SUM of [Plant 01, Plant 02, Plant 03]; dispatches_total = SUM of [Plant 01, Plant 02, Plant 03]"
SIG-012,Dispatch delays,%,Entity,Entity A1,2026-07,dispatches_delayed / dispatches_total x 100,dispatches_delayed=36; dispatches_total=473,(100*36/473),7.61,"dispatches_delayed = SUM of [Plant 01, Plant 02, Plant 03]; dispatches_total = SUM of [Plant 01, Plant 02, Plant 03]"
SIG-012,Dispatch delays,%,Entity,Entity A1,2026-08,dispatches_delayed / dispatches_total x 100,dispatches_delayed=46; dispatches_total=456,(100*46/456),10.09,"dispatches_delayed = SUM of [Plant 01, Plant 02, Plant 03]; dispatches_total = SUM of [Plant 01, Plant 02, Plant 03]"
SIG-012,Dispatch delays,%,Entity,Entity A1,2026-09,dispatches_delayed / dispatches_total x 100,dispatches_delayed=61; dispatches_total=559,(100*61/559),10.91,"dispatches_delayed = SUM of [Plant 01, Plant 02, Plant 03]; dispatches_total = SUM of [Plant 01, Plant 02, Plant 03]"
SIG-012,Dispatch delays,%,Entity,Entity A2,2026-04,dispatches_delayed / dispatches_total x 100,dispatches_delayed=37; dispatches_total=561,(100*37/561),6.6,"dispatches_delayed = SUM of [Plant 04, Plant 05, Plant 06]; dispatches_total = SUM of [Plant 04, Plant 05, Plant 06]"
SIG-012,Dispatch delays,%,Entity,Entity A2,2026-05,dispatches_delayed / dispatches_total x 100,dispatches_delayed=39; dispatches_total=476,(100*39/476),8.19,"dispatches_delayed = SUM of [Plant 04, Plant 05, Plant 06]; dispatches_total = SUM of [Plant 04, Plant 05, Plant 06]"
SIG-012,Dispatch delays,%,Entity,Entity A2,2026-06,dispatches_delayed / dispatches_total x 100,dispatches_delayed=38; dispatches_total=586,(100*38/586),6.48,"dispatches_delayed = SUM of [Plant 04, Plant 05, Plant 06]; dispatches_total = SUM of [Plant 04, Plant 05, Plant 06]"
SIG-012,Dispatch delays,%,Entity,Entity A2,2026-07,dispatches_delayed / dispatches_total x 100,dispatches_delayed=42; dispatches_total=504,(100*42/504),8.33,"dispatches_delayed = SUM of [Plant 04, Plant 05, Plant 06]; dispatches_total = SUM of [Plant 04, Plant 05, Plant 06]"
SIG-012,Dispatch delays,%,Entity,Entity A2,2026-08,dispatches_delayed / dispatches_total x 100,dispatches_delayed=36; dispatches_total=619,(100*36/619),5.82,"dispatches_delayed = SUM of [Plant 04, Plant 05, Plant 06]; dispatches_total = SUM of [Plant 04, Plant 05, Plant 06]"
SIG-012,Dispatch delays,%,Entity,Entity A2,2026-09,dispatches_delayed / dispatches_total x 100,dispatches_delayed=30; dispatches_total=492,(100*30/492),6.1,"dispatches_delayed = SUM of [Plant 04, Plant 05, Plant 06]; dispatches_total = SUM of [Plant 04, Plant 05, Plant 06]"
SIG-012,Dispatch delays,%,Group,Group,2026-04,dispatches_delayed / dispatches_total x 100,dispatches_delayed=62; dispatches_total=1036,(100*62/1036),5.98,"dispatches_delayed = SUM of [Entity A1, Entity A2]; dispatches_total = SUM of [Entity A1, Entity A2]"
SIG-012,Dispatch delays,%,Group,Group,2026-05,dispatches_delayed / dispatches_total x 100,dispatches_delayed=82; dispatches_total=1159,(100*82/1159),7.08,"dispatches_delayed = SUM of [Entity A1, Entity A2]; dispatches_total = SUM of [Entity A1, Entity A2]"
SIG-012,Dispatch delays,%,Group,Group,2026-06,dispatches_delayed / dispatches_total x 100,dispatches_delayed=83; dispatches_total=1109,(100*83/1109),7.48,"dispatches_delayed = SUM of [Entity A1, Entity A2]; dispatches_total = SUM of [Entity A1, Entity A2]"
SIG-012,Dispatch delays,%,Group,Group,2026-07,dispatches_delayed / dispatches_total x 100,dispatches_delayed=78; dispatches_total=977,(100*78/977),7.98,"dispatches_delayed = SUM of [Entity A1, Entity A2]; dispatches_total = SUM of [Entity A1, Entity A2]"
SIG-012,Dispatch delays,%,Group,Group,2026-08,dispatches_delayed / dispatches_total x 100,dispatches_delayed=82; dispatches_total=1075,(100*82/1075),7.63,"dispatches_delayed = SUM of [Entity A1, Entity A2]; dispatches_total = SUM of [Entity A1, Entity A2]"
SIG-012,Dispatch delays,%,Group,Group,2026-09,dispatches_delayed / dispatches_total x 100,dispatches_delayed=91; dispatches_total=1051,(100*91/1051),8.66,"dispatches_delayed = SUM of [Entity A1, Entity A2]; dispatches_total = SUM of [Entity A1, Entity A2]"
SIG-021,Environmental violations,count,Plant,Plant 01,2026-04,env_violations,env_violations=0,0,0,plant input (mock)
SIG-021,Environmental violations,count,Plant,Plant 01,2026-05,env_violations,env_violations=0,0,0,plant input (mock)
SIG-021,Environmental violations,count,Plant,Plant 01,2026-06,env_violations,env_violations=0,0,0,plant input (mock)
SIG-021,Environmental violations,count,Plant,Plant 01,2026-07,env_violations,env_violations=0,0,0,plant input (mock)
SIG-021,Environmental violations,count,Plant,Plant 01,2026-08,env_violations,env_violations=0,0,0,plant input (mock)
SIG-021,Environmental violations,count,Plant,Plant 01,2026-09,env_violations,env_violations=0,0,0,plant input (mock)
SIG-021,Environmental violations,count,Plant,Plant 02,2026-04,env_violations,env_violations=0,0,0,plant input (mock)
SIG-021,Environmental violations,count,Plant,Plant 02,2026-05,env_violations,env_violations=0,0,0,plant input (mock)
SIG-021,Environmental violations,count,Plant,Plant 02,2026-06,env_violations,env_violations=0,0,0,plant input (mock)
SIG-021,Environmental violations,count,Plant,Plant 02,2026-07,env_violations,env_violations=0,0,0,plant input (mock)
SIG-021,Environmental violations,count,Plant,Plant 02,2026-08,env_violations,env_violations=0,0,0,plant input (mock)
SIG-021,Environmental violations,count,Plant,Plant 02,2026-09,env_violations,env_violations=0,0,0,plant input (mock)
SIG-021,Environmental violations,count,Plant,Plant 03,2026-04,env_violations,env_violations=0,0,0,plant input (mock)
SIG-021,Environmental violations,count,Plant,Plant 03,2026-05,env_violations,env_violations=0,0,0,plant input (mock)
SIG-021,Environmental violations,count,Plant,Plant 03,2026-06,env_violations,env_violations=0,0,0,plant input (mock)
SIG-021,Environmental violations,count,Plant,Plant 03,2026-07,env_violations,env_violations=0,0,0,plant input (mock)
SIG-021,Environmental violations,count,Plant,Plant 03,2026-08,env_violations,env_violations=0,0,0,plant input (mock)
SIG-021,Environmental violations,count,Plant,Plant 03,2026-09,env_violations,env_violations=0,0,0,plant input (mock)
SIG-021,Environmental violations,count,Plant,Plant 04,2026-04,env_violations,env_violations=0,0,0,plant input (mock)
SIG-021,Environmental violations,count,Plant,Plant 04,2026-05,env_violations,env_violations=0,0,0,plant input (mock)
SIG-021,Environmental violations,count,Plant,Plant 04,2026-06,env_violations,env_violations=0,0,0,plant input (mock)
SIG-021,Environmental violations,count,Plant,Plant 04,2026-07,env_violations,env_violations=0,0,0,plant input (mock)
SIG-021,Environmental violations,count,Plant,Plant 04,2026-08,env_violations,env_violations=0,0,0,plant input (mock)
SIG-021,Environmental violations,count,Plant,Plant 04,2026-09,env_violations,env_violations=0,0,0,plant input (mock)
SIG-021,Environmental violations,count,Plant,Plant 05,2026-04,env_violations,env_violations=0,0,0,plant input (mock)
SIG-021,Environmental violations,count,Plant,Plant 05,2026-05,env_violations,env_violations=0,0,0,plant input (mock)
SIG-021,Environmental violations,count,Plant,Plant 05,2026-06,env_violations,env_violations=1,1,1,plant input (mock)
SIG-021,Environmental violations,count,Plant,Plant 05,2026-07,env_violations,env_violations=0,0,0,plant input (mock)
SIG-021,Environmental violations,count,Plant,Plant 05,2026-08,env_violations,env_violations=0,0,0,plant input (mock)
SIG-021,Environmental violations,count,Plant,Plant 05,2026-09,env_violations,env_violations=0,0,0,plant input (mock)
SIG-021,Environmental violations,count,Plant,Plant 06,2026-04,env_violations,env_violations=1,1,1,plant input (mock)
SIG-021,Environmental violations,count,Plant,Plant 06,2026-05,env_violations,env_violations=0,0,0,plant input (mock)
SIG-021,Environmental violations,count,Plant,Plant 06,2026-06,env_violations,env_violations=0,0,0,plant input (mock)
SIG-021,Environmental violations,count,Plant,Plant 06,2026-07,env_violations,env_violations=0,0,0,plant input (mock)
SIG-021,Environmental violations,count,Plant,Plant 06,2026-08,env_violations,env_violations=0,0,0,plant input (mock)
SIG-021,Environmental violations,count,Plant,Plant 06,2026-09,env_violations,env_violations=0,0,0,plant input (mock)
SIG-021,Environmental violations,count,Entity,Entity A1,2026-04,env_violations,env_violations=0,0,0,"env_violations = SUM of [Plant 01, Plant 02, Plant 03]"
SIG-021,Environmental violations,count,Entity,Entity A1,2026-05,env_violations,env_violations=0,0,0,"env_violations = SUM of [Plant 01, Plant 02, Plant 03]"
SIG-021,Environmental violations,count,Entity,Entity A1,2026-06,env_violations,env_violations=0,0,0,"env_violations = SUM of [Plant 01, Plant 02, Plant 03]"
SIG-021,Environmental violations,count,Entity,Entity A1,2026-07,env_violations,env_violations=0,0,0,"env_violations = SUM of [Plant 01, Plant 02, Plant 03]"
SIG-021,Environmental violations,count,Entity,Entity A1,2026-08,env_violations,env_violations=0,0,0,"env_violations = SUM of [Plant 01, Plant 02, Plant 03]"
SIG-021,Environmental violations,count,Entity,Entity A1,2026-09,env_violations,env_violations=0,0,0,"env_violations = SUM of [Plant 01, Plant 02, Plant 03]"
SIG-021,Environmental violations,count,Entity,Entity A2,2026-04,env_violations,env_violations=1,1,1,"env_violations = SUM of [Plant 04, Plant 05, Plant 06]"
SIG-021,Environmental violations,count,Entity,Entity A2,2026-05,env_violations,env_violations=0,0,0,"env_violations = SUM of [Plant 04, Plant 05, Plant 06]"
SIG-021,Environmental violations,count,Entity,Entity A2,2026-06,env_violations,env_violations=1,1,1,"env_violations = SUM of [Plant 04, Plant 05, Plant 06]"
SIG-021,Environmental violations,count,Entity,Entity A2,2026-07,env_violations,env_violations=0,0,0,"env_violations = SUM of [Plant 04, Plant 05, Plant 06]"
SIG-021,Environmental violations,count,Entity,Entity A2,2026-08,env_violations,env_violations=0,0,0,"env_violations = SUM of [Plant 04, Plant 05, Plant 06]"
SIG-021,Environmental violations,count,Entity,Entity A2,2026-09,env_violations,env_violations=0,0,0,"env_violations = SUM of [Plant 04, Plant 05, Plant 06]"
SIG-021,Environmental violations,count,Group,Group,2026-04,env_violations,env_violations=1,1,1,"env_violations = SUM of [Entity A1, Entity A2]"
SIG-021,Environmental violations,count,Group,Group,2026-05,env_violations,env_violations=0,0,0,"env_violations = SUM of [Entity A1, Entity A2]"
SIG-021,Environmental violations,count,Group,Group,2026-06,env_violations,env_violations=1,1,1,"env_violations = SUM of [Entity A1, Entity A2]"
SIG-021,Environmental violations,count,Group,Group,2026-07,env_violations,env_violations=0,0,0,"env_violations = SUM of [Entity A1, Entity A2]"
SIG-021,Environmental violations,count,Group,Group,2026-08,env_violations,env_violations=0,0,0,"env_violations = SUM of [Entity A1, Entity A2]"
SIG-021,Environmental violations,count,Group,Group,2026-09,env_violations,env_violations=0,0,0,"env_violations = SUM of [Entity A1, Entity A2]"
EHS-001,TRIR,per 200k h,Plant,Plant 01,2026-04,"recordable_injuries x 200,000 / hours_worked",recordable_injuries=0; hours_worked=79000,(200000*0/79000),0.0,plant input (mock)
EHS-001,TRIR,per 200k h,Plant,Plant 01,2026-05,"recordable_injuries x 200,000 / hours_worked",recordable_injuries=0; hours_worked=66000,(200000*0/66000),0.0,plant input (mock)
EHS-001,TRIR,per 200k h,Plant,Plant 01,2026-06,"recordable_injuries x 200,000 / hours_worked",recordable_injuries=1; hours_worked=91000,(200000*1/91000),2.2,plant input (mock)
EHS-001,TRIR,per 200k h,Plant,Plant 01,2026-07,"recordable_injuries x 200,000 / hours_worked",recordable_injuries=1; hours_worked=76000,(200000*1/76000),2.63,plant input (mock)
EHS-001,TRIR,per 200k h,Plant,Plant 01,2026-08,"recordable_injuries x 200,000 / hours_worked",recordable_injuries=1; hours_worked=56000,(200000*1/56000),3.57,plant input (mock)
EHS-001,TRIR,per 200k h,Plant,Plant 01,2026-09,"recordable_injuries x 200,000 / hours_worked",recordable_injuries=0; hours_worked=55000,(200000*0/55000),0.0,plant input (mock)
EHS-001,TRIR,per 200k h,Plant,Plant 02,2026-04,"recordable_injuries x 200,000 / hours_worked",recordable_injuries=0; hours_worked=61000,(200000*0/61000),0.0,plant input (mock)
EHS-001,TRIR,per 200k h,Plant,Plant 02,2026-05,"recordable_injuries x 200,000 / hours_worked",recordable_injuries=1; hours_worked=69000,(200000*1/69000),2.9,plant input (mock)
EHS-001,TRIR,per 200k h,Plant,Plant 02,2026-06,"recordable_injuries x 200,000 / hours_worked",recordable_injuries=1; hours_worked=62000,(200000*1/62000),3.23,plant input (mock)
EHS-001,TRIR,per 200k h,Plant,Plant 02,2026-07,"recordable_injuries x 200,000 / hours_worked",recordable_injuries=0; hours_worked=68000,(200000*0/68000),0.0,plant input (mock)
EHS-001,TRIR,per 200k h,Plant,Plant 02,2026-08,"recordable_injuries x 200,000 / hours_worked",recordable_injuries=0; hours_worked=69000,(200000*0/69000),0.0,plant input (mock)
EHS-001,TRIR,per 200k h,Plant,Plant 02,2026-09,"recordable_injuries x 200,000 / hours_worked",recordable_injuries=0; hours_worked=95000,(200000*0/95000),0.0,plant input (mock)
EHS-001,TRIR,per 200k h,Plant,Plant 03,2026-04,"recordable_injuries x 200,000 / hours_worked",recordable_injuries=0; hours_worked=81000,(200000*0/81000),0.0,plant input (mock)
EHS-001,TRIR,per 200k h,Plant,Plant 03,2026-05,"recordable_injuries x 200,000 / hours_worked",recordable_injuries=1; hours_worked=76000,(200000*1/76000),2.63,plant input (mock)
EHS-001,TRIR,per 200k h,Plant,Plant 03,2026-06,"recordable_injuries x 200,000 / hours_worked",recordable_injuries=1; hours_worked=72000,(200000*1/72000),2.78,plant input (mock)
EHS-001,TRIR,per 200k h,Plant,Plant 03,2026-07,"recordable_injuries x 200,000 / hours_worked",recordable_injuries=1; hours_worked=88000,(200000*1/88000),2.27,plant input (mock)
EHS-001,TRIR,per 200k h,Plant,Plant 03,2026-08,"recordable_injuries x 200,000 / hours_worked",recordable_injuries=1; hours_worked=68000,(200000*1/68000),2.94,plant input (mock)
EHS-001,TRIR,per 200k h,Plant,Plant 03,2026-09,"recordable_injuries x 200,000 / hours_worked",recordable_injuries=1; hours_worked=69000,(200000*1/69000),2.9,plant input (mock)
EHS-001,TRIR,per 200k h,Plant,Plant 04,2026-04,"recordable_injuries x 200,000 / hours_worked",recordable_injuries=0; hours_worked=82000,(200000*0/82000),0.0,plant input (mock)
EHS-001,TRIR,per 200k h,Plant,Plant 04,2026-05,"recordable_injuries x 200,000 / hours_worked",recordable_injuries=2; hours_worked=78000,(200000*2/78000),5.13,plant input (mock)
EHS-001,TRIR,per 200k h,Plant,Plant 04,2026-06,"recordable_injuries x 200,000 / hours_worked",recordable_injuries=0; hours_worked=61000,(200000*0/61000),0.0,plant input (mock)
EHS-001,TRIR,per 200k h,Plant,Plant 04,2026-07,"recordable_injuries x 200,000 / hours_worked",recordable_injuries=0; hours_worked=62000,(200000*0/62000),0.0,plant input (mock)
EHS-001,TRIR,per 200k h,Plant,Plant 04,2026-08,"recordable_injuries x 200,000 / hours_worked",recordable_injuries=0; hours_worked=70000,(200000*0/70000),0.0,plant input (mock)
EHS-001,TRIR,per 200k h,Plant,Plant 04,2026-09,"recordable_injuries x 200,000 / hours_worked",recordable_injuries=0; hours_worked=57000,(200000*0/57000),0.0,plant input (mock)
EHS-001,TRIR,per 200k h,Plant,Plant 05,2026-04,"recordable_injuries x 200,000 / hours_worked",recordable_injuries=2; hours_worked=88000,(200000*2/88000),4.55,plant input (mock)
EHS-001,TRIR,per 200k h,Plant,Plant 05,2026-05,"recordable_injuries x 200,000 / hours_worked",recordable_injuries=0; hours_worked=79000,(200000*0/79000),0.0,plant input (mock)
EHS-001,TRIR,per 200k h,Plant,Plant 05,2026-06,"recordable_injuries x 200,000 / hours_worked",recordable_injuries=2; hours_worked=64000,(200000*2/64000),6.25,plant input (mock)
EHS-001,TRIR,per 200k h,Plant,Plant 05,2026-07,"recordable_injuries x 200,000 / hours_worked",recordable_injuries=1; hours_worked=65000,(200000*1/65000),3.08,plant input (mock)
EHS-001,TRIR,per 200k h,Plant,Plant 05,2026-08,"recordable_injuries x 200,000 / hours_worked",recordable_injuries=0; hours_worked=68000,(200000*0/68000),0.0,plant input (mock)
EHS-001,TRIR,per 200k h,Plant,Plant 05,2026-09,"recordable_injuries x 200,000 / hours_worked",recordable_injuries=0; hours_worked=60000,(200000*0/60000),0.0,plant input (mock)
EHS-001,TRIR,per 200k h,Plant,Plant 06,2026-04,"recordable_injuries x 200,000 / hours_worked",recordable_injuries=0; hours_worked=68000,(200000*0/68000),0.0,plant input (mock)
EHS-001,TRIR,per 200k h,Plant,Plant 06,2026-05,"recordable_injuries x 200,000 / hours_worked",recordable_injuries=0; hours_worked=59000,(200000*0/59000),0.0,plant input (mock)
EHS-001,TRIR,per 200k h,Plant,Plant 06,2026-06,"recordable_injuries x 200,000 / hours_worked",recordable_injuries=0; hours_worked=93000,(200000*0/93000),0.0,plant input (mock)
EHS-001,TRIR,per 200k h,Plant,Plant 06,2026-07,"recordable_injuries x 200,000 / hours_worked",recordable_injuries=0; hours_worked=86000,(200000*0/86000),0.0,plant input (mock)
EHS-001,TRIR,per 200k h,Plant,Plant 06,2026-08,"recordable_injuries x 200,000 / hours_worked",recordable_injuries=1; hours_worked=57000,(200000*1/57000),3.51,plant input (mock)
EHS-001,TRIR,per 200k h,Plant,Plant 06,2026-09,"recordable_injuries x 200,000 / hours_worked",recordable_injuries=0; hours_worked=89000,(200000*0/89000),0.0,plant input (mock)
EHS-001,TRIR,per 200k h,Entity,Entity A1,2026-04,"recordable_injuries x 200,000 / hours_worked",recordable_injuries=0; hours_worked=221000,(200000*0/221000),0.0,"recordable_injuries = SUM of [Plant 01, Plant 02, Plant 03]; hours_worked = SUM of [Plant 01, Plant 02, Plant 03]"
EHS-001,TRIR,per 200k h,Entity,Entity A1,2026-05,"recordable_injuries x 200,000 / hours_worked",recordable_injuries=2; hours_worked=211000,(200000*2/211000),1.9,"recordable_injuries = SUM of [Plant 01, Plant 02, Plant 03]; hours_worked = SUM of [Plant 01, Plant 02, Plant 03]"
EHS-001,TRIR,per 200k h,Entity,Entity A1,2026-06,"recordable_injuries x 200,000 / hours_worked",recordable_injuries=3; hours_worked=225000,(200000*3/225000),2.67,"recordable_injuries = SUM of [Plant 01, Plant 02, Plant 03]; hours_worked = SUM of [Plant 01, Plant 02, Plant 03]"
EHS-001,TRIR,per 200k h,Entity,Entity A1,2026-07,"recordable_injuries x 200,000 / hours_worked",recordable_injuries=2; hours_worked=232000,(200000*2/232000),1.72,"recordable_injuries = SUM of [Plant 01, Plant 02, Plant 03]; hours_worked = SUM of [Plant 01, Plant 02, Plant 03]"
EHS-001,TRIR,per 200k h,Entity,Entity A1,2026-08,"recordable_injuries x 200,000 / hours_worked",recordable_injuries=2; hours_worked=193000,(200000*2/193000),2.07,"recordable_injuries = SUM of [Plant 01, Plant 02, Plant 03]; hours_worked = SUM of [Plant 01, Plant 02, Plant 03]"
EHS-001,TRIR,per 200k h,Entity,Entity A1,2026-09,"recordable_injuries x 200,000 / hours_worked",recordable_injuries=1; hours_worked=219000,(200000*1/219000),0.91,"recordable_injuries = SUM of [Plant 01, Plant 02, Plant 03]; hours_worked = SUM of [Plant 01, Plant 02, Plant 03]"
EHS-001,TRIR,per 200k h,Entity,Entity A2,2026-04,"recordable_injuries x 200,000 / hours_worked",recordable_injuries=2; hours_worked=238000,(200000*2/238000),1.68,"recordable_injuries = SUM of [Plant 04, Plant 05, Plant 06]; hours_worked = SUM of [Plant 04, Plant 05, Plant 06]"
EHS-001,TRIR,per 200k h,Entity,Entity A2,2026-05,"recordable_injuries x 200,000 / hours_worked",recordable_injuries=2; hours_worked=216000,(200000*2/216000),1.85,"recordable_injuries = SUM of [Plant 04, Plant 05, Plant 06]; hours_worked = SUM of [Plant 04, Plant 05, Plant 06]"
EHS-001,TRIR,per 200k h,Entity,Entity A2,2026-06,"recordable_injuries x 200,000 / hours_worked",recordable_injuries=2; hours_worked=218000,(200000*2/218000),1.83,"recordable_injuries = SUM of [Plant 04, Plant 05, Plant 06]; hours_worked = SUM of [Plant 04, Plant 05, Plant 06]"
EHS-001,TRIR,per 200k h,Entity,Entity A2,2026-07,"recordable_injuries x 200,000 / hours_worked",recordable_injuries=1; hours_worked=213000,(200000*1/213000),0.94,"recordable_injuries = SUM of [Plant 04, Plant 05, Plant 06]; hours_worked = SUM of [Plant 04, Plant 05, Plant 06]"
EHS-001,TRIR,per 200k h,Entity,Entity A2,2026-08,"recordable_injuries x 200,000 / hours_worked",recordable_injuries=1; hours_worked=195000,(200000*1/195000),1.03,"recordable_injuries = SUM of [Plant 04, Plant 05, Plant 06]; hours_worked = SUM of [Plant 04, Plant 05, Plant 06]"
EHS-001,TRIR,per 200k h,Entity,Entity A2,2026-09,"recordable_injuries x 200,000 / hours_worked",recordable_injuries=0; hours_worked=206000,(200000*0/206000),0.0,"recordable_injuries = SUM of [Plant 04, Plant 05, Plant 06]; hours_worked = SUM of [Plant 04, Plant 05, Plant 06]"
EHS-001,TRIR,per 200k h,Group,Group,2026-04,"recordable_injuries x 200,000 / hours_worked",recordable_injuries=2; hours_worked=459000,(200000*2/459000),0.87,"recordable_injuries = SUM of [Entity A1, Entity A2]; hours_worked = SUM of [Entity A1, Entity A2]"
EHS-001,TRIR,per 200k h,Group,Group,2026-05,"recordable_injuries x 200,000 / hours_worked",recordable_injuries=4; hours_worked=427000,(200000*4/427000),1.87,"recordable_injuries = SUM of [Entity A1, Entity A2]; hours_worked = SUM of [Entity A1, Entity A2]"
EHS-001,TRIR,per 200k h,Group,Group,2026-06,"recordable_injuries x 200,000 / hours_worked",recordable_injuries=5; hours_worked=443000,(200000*5/443000),2.26,"recordable_injuries = SUM of [Entity A1, Entity A2]; hours_worked = SUM of [Entity A1, Entity A2]"
EHS-001,TRIR,per 200k h,Group,Group,2026-07,"recordable_injuries x 200,000 / hours_worked",recordable_injuries=3; hours_worked=445000,(200000*3/445000),1.35,"recordable_injuries = SUM of [Entity A1, Entity A2]; hours_worked = SUM of [Entity A1, Entity A2]"
EHS-001,TRIR,per 200k h,Group,Group,2026-08,"recordable_injuries x 200,000 / hours_worked",recordable_injuries=3; hours_worked=388000,(200000*3/388000),1.55,"recordable_injuries = SUM of [Entity A1, Entity A2]; hours_worked = SUM of [Entity A1, Entity A2]"
EHS-001,TRIR,per 200k h,Group,Group,2026-09,"recordable_injuries x 200,000 / hours_worked",recordable_injuries=1; hours_worked=425000,(200000*1/425000),0.47,"recordable_injuries = SUM of [Entity A1, Entity A2]; hours_worked = SUM of [Entity A1, Entity A2]"
EHS-002,Severity incidents,count,Plant,Plant 01,2026-04,severity_incidents,severity_incidents=1,1,1,plant input (mock)
EHS-002,Severity incidents,count,Plant,Plant 01,2026-05,severity_incidents,severity_incidents=0,0,0,plant input (mock)
EHS-002,Severity incidents,count,Plant,Plant 01,2026-06,severity_incidents,severity_incidents=0,0,0,plant input (mock)
EHS-002,Severity incidents,count,Plant,Plant 01,2026-07,severity_incidents,severity_incidents=0,0,0,plant input (mock)
EHS-002,Severity incidents,count,Plant,Plant 01,2026-08,severity_incidents,severity_incidents=0,0,0,plant input (mock)
EHS-002,Severity incidents,count,Plant,Plant 01,2026-09,severity_incidents,severity_incidents=1,1,1,plant input (mock)
EHS-002,Severity incidents,count,Plant,Plant 02,2026-04,severity_incidents,severity_incidents=0,0,0,plant input (mock)
EHS-002,Severity incidents,count,Plant,Plant 02,2026-05,severity_incidents,severity_incidents=0,0,0,plant input (mock)
EHS-002,Severity incidents,count,Plant,Plant 02,2026-06,severity_incidents,severity_incidents=0,0,0,plant input (mock)
EHS-002,Severity incidents,count,Plant,Plant 02,2026-07,severity_incidents,severity_incidents=1,1,1,plant input (mock)
EHS-002,Severity incidents,count,Plant,Plant 02,2026-08,severity_incidents,severity_incidents=1,1,1,plant input (mock)
EHS-002,Severity incidents,count,Plant,Plant 02,2026-09,severity_incidents,severity_incidents=0,0,0,plant input (mock)
EHS-002,Severity incidents,count,Plant,Plant 03,2026-04,severity_incidents,severity_incidents=0,0,0,plant input (mock)
EHS-002,Severity incidents,count,Plant,Plant 03,2026-05,severity_incidents,severity_incidents=0,0,0,plant input (mock)
EHS-002,Severity incidents,count,Plant,Plant 03,2026-06,severity_incidents,severity_incidents=0,0,0,plant input (mock)
EHS-002,Severity incidents,count,Plant,Plant 03,2026-07,severity_incidents,severity_incidents=0,0,0,plant input (mock)
EHS-002,Severity incidents,count,Plant,Plant 03,2026-08,severity_incidents,severity_incidents=0,0,0,plant input (mock)
EHS-002,Severity incidents,count,Plant,Plant 03,2026-09,severity_incidents,severity_incidents=0,0,0,plant input (mock)
EHS-002,Severity incidents,count,Plant,Plant 04,2026-04,severity_incidents,severity_incidents=0,0,0,plant input (mock)
EHS-002,Severity incidents,count,Plant,Plant 04,2026-05,severity_incidents,severity_incidents=0,0,0,plant input (mock)
EHS-002,Severity incidents,count,Plant,Plant 04,2026-06,severity_incidents,severity_incidents=0,0,0,plant input (mock)
EHS-002,Severity incidents,count,Plant,Plant 04,2026-07,severity_incidents,severity_incidents=1,1,1,plant input (mock)
EHS-002,Severity incidents,count,Plant,Plant 04,2026-08,severity_incidents,severity_incidents=0,0,0,plant input (mock)
EHS-002,Severity incidents,count,Plant,Plant 04,2026-09,severity_incidents,severity_incidents=0,0,0,plant input (mock)
EHS-002,Severity incidents,count,Plant,Plant 05,2026-04,severity_incidents,severity_incidents=0,0,0,plant input (mock)
EHS-002,Severity incidents,count,Plant,Plant 05,2026-05,severity_incidents,severity_incidents=0,0,0,plant input (mock)
EHS-002,Severity incidents,count,Plant,Plant 05,2026-06,severity_incidents,severity_incidents=0,0,0,plant input (mock)
EHS-002,Severity incidents,count,Plant,Plant 05,2026-07,severity_incidents,severity_incidents=0,0,0,plant input (mock)
EHS-002,Severity incidents,count,Plant,Plant 05,2026-08,severity_incidents,severity_incidents=0,0,0,plant input (mock)
EHS-002,Severity incidents,count,Plant,Plant 05,2026-09,severity_incidents,severity_incidents=1,1,1,plant input (mock)
EHS-002,Severity incidents,count,Plant,Plant 06,2026-04,severity_incidents,severity_incidents=0,0,0,plant input (mock)
EHS-002,Severity incidents,count,Plant,Plant 06,2026-05,severity_incidents,severity_incidents=1,1,1,plant input (mock)
EHS-002,Severity incidents,count,Plant,Plant 06,2026-06,severity_incidents,severity_incidents=0,0,0,plant input (mock)
EHS-002,Severity incidents,count,Plant,Plant 06,2026-07,severity_incidents,severity_incidents=0,0,0,plant input (mock)
EHS-002,Severity incidents,count,Plant,Plant 06,2026-08,severity_incidents,severity_incidents=0,0,0,plant input (mock)
EHS-002,Severity incidents,count,Plant,Plant 06,2026-09,severity_incidents,severity_incidents=1,1,1,plant input (mock)
EHS-002,Severity incidents,count,Entity,Entity A1,2026-04,severity_incidents,severity_incidents=1,1,1,"severity_incidents = SUM of [Plant 01, Plant 02, Plant 03]"
EHS-002,Severity incidents,count,Entity,Entity A1,2026-05,severity_incidents,severity_incidents=0,0,0,"severity_incidents = SUM of [Plant 01, Plant 02, Plant 03]"
EHS-002,Severity incidents,count,Entity,Entity A1,2026-06,severity_incidents,severity_incidents=0,0,0,"severity_incidents = SUM of [Plant 01, Plant 02, Plant 03]"
EHS-002,Severity incidents,count,Entity,Entity A1,2026-07,severity_incidents,severity_incidents=1,1,1,"severity_incidents = SUM of [Plant 01, Plant 02, Plant 03]"
EHS-002,Severity incidents,count,Entity,Entity A1,2026-08,severity_incidents,severity_incidents=1,1,1,"severity_incidents = SUM of [Plant 01, Plant 02, Plant 03]"
EHS-002,Severity incidents,count,Entity,Entity A1,2026-09,severity_incidents,severity_incidents=1,1,1,"severity_incidents = SUM of [Plant 01, Plant 02, Plant 03]"
EHS-002,Severity incidents,count,Entity,Entity A2,2026-04,severity_incidents,severity_incidents=0,0,0,"severity_incidents = SUM of [Plant 04, Plant 05, Plant 06]"
EHS-002,Severity incidents,count,Entity,Entity A2,2026-05,severity_incidents,severity_incidents=1,1,1,"severity_incidents = SUM of [Plant 04, Plant 05, Plant 06]"
EHS-002,Severity incidents,count,Entity,Entity A2,2026-06,severity_incidents,severity_incidents=0,0,0,"severity_incidents = SUM of [Plant 04, Plant 05, Plant 06]"
EHS-002,Severity incidents,count,Entity,Entity A2,2026-07,severity_incidents,severity_incidents=1,1,1,"severity_incidents = SUM of [Plant 04, Plant 05, Plant 06]"
EHS-002,Severity incidents,count,Entity,Entity A2,2026-08,severity_incidents,severity_incidents=0,0,0,"severity_incidents = SUM of [Plant 04, Plant 05, Plant 06]"
EHS-002,Severity incidents,count,Entity,Entity A2,2026-09,severity_incidents,severity_incidents=2,2,2,"severity_incidents = SUM of [Plant 04, Plant 05, Plant 06]"
EHS-002,Severity incidents,count,Group,Group,2026-04,severity_incidents,severity_incidents=1,1,1,"severity_incidents = SUM of [Entity A1, Entity A2]"
EHS-002,Severity incidents,count,Group,Group,2026-05,severity_incidents,severity_incidents=1,1,1,"severity_incidents = SUM of [Entity A1, Entity A2]"
EHS-002,Severity incidents,count,Group,Group,2026-06,severity_incidents,severity_incidents=0,0,0,"severity_incidents = SUM of [Entity A1, Entity A2]"
EHS-002,Severity incidents,count,Group,Group,2026-07,severity_incidents,severity_incidents=2,2,2,"severity_incidents = SUM of [Entity A1, Entity A2]"
EHS-002,Severity incidents,count,Group,Group,2026-08,severity_incidents,severity_incidents=1,1,1,"severity_incidents = SUM of [Entity A1, Entity A2]"
EHS-002,Severity incidents,count,Group,Group,2026-09,severity_incidents,severity_incidents=3,3,3,"severity_incidents = SUM of [Entity A1, Entity A2]"
EHS-003,Near misses,count,Plant,Plant 01,2026-04,near_misses,near_misses=10,10,10,plant input (mock)
EHS-003,Near misses,count,Plant,Plant 01,2026-05,near_misses,near_misses=4,4,4,plant input (mock)
EHS-003,Near misses,count,Plant,Plant 01,2026-06,near_misses,near_misses=10,10,10,plant input (mock)
EHS-003,Near misses,count,Plant,Plant 01,2026-07,near_misses,near_misses=9,9,9,plant input (mock)
EHS-003,Near misses,count,Plant,Plant 01,2026-08,near_misses,near_misses=6,6,6,plant input (mock)
EHS-003,Near misses,count,Plant,Plant 01,2026-09,near_misses,near_misses=9,9,9,plant input (mock)
EHS-003,Near misses,count,Plant,Plant 02,2026-04,near_misses,near_misses=6,6,6,plant input (mock)
EHS-003,Near misses,count,Plant,Plant 02,2026-05,near_misses,near_misses=4,4,4,plant input (mock)
EHS-003,Near misses,count,Plant,Plant 02,2026-06,near_misses,near_misses=4,4,4,plant input (mock)
EHS-003,Near misses,count,Plant,Plant 02,2026-07,near_misses,near_misses=6,6,6,plant input (mock)
EHS-003,Near misses,count,Plant,Plant 02,2026-08,near_misses,near_misses=5,5,5,plant input (mock)
EHS-003,Near misses,count,Plant,Plant 02,2026-09,near_misses,near_misses=2,2,2,plant input (mock)
EHS-003,Near misses,count,Plant,Plant 03,2026-04,near_misses,near_misses=5,5,5,plant input (mock)
EHS-003,Near misses,count,Plant,Plant 03,2026-05,near_misses,near_misses=10,10,10,plant input (mock)
EHS-003,Near misses,count,Plant,Plant 03,2026-06,near_misses,near_misses=8,8,8,plant input (mock)
EHS-003,Near misses,count,Plant,Plant 03,2026-07,near_misses,near_misses=4,4,4,plant input (mock)
EHS-003,Near misses,count,Plant,Plant 03,2026-08,near_misses,near_misses=8,8,8,plant input (mock)
EHS-003,Near misses,count,Plant,Plant 03,2026-09,near_misses,near_misses=9,9,9,plant input (mock)
EHS-003,Near misses,count,Plant,Plant 04,2026-04,near_misses,near_misses=5,5,5,plant input (mock)
EHS-003,Near misses,count,Plant,Plant 04,2026-05,near_misses,near_misses=8,8,8,plant input (mock)
EHS-003,Near misses,count,Plant,Plant 04,2026-06,near_misses,near_misses=11,11,11,plant input (mock)
EHS-003,Near misses,count,Plant,Plant 04,2026-07,near_misses,near_misses=4,4,4,plant input (mock)
EHS-003,Near misses,count,Plant,Plant 04,2026-08,near_misses,near_misses=2,2,2,plant input (mock)
EHS-003,Near misses,count,Plant,Plant 04,2026-09,near_misses,near_misses=3,3,3,plant input (mock)
EHS-003,Near misses,count,Plant,Plant 05,2026-04,near_misses,near_misses=3,3,3,plant input (mock)
EHS-003,Near misses,count,Plant,Plant 05,2026-05,near_misses,near_misses=12,12,12,plant input (mock)
EHS-003,Near misses,count,Plant,Plant 05,2026-06,near_misses,near_misses=6,6,6,plant input (mock)
EHS-003,Near misses,count,Plant,Plant 05,2026-07,near_misses,near_misses=3,3,3,plant input (mock)
EHS-003,Near misses,count,Plant,Plant 05,2026-08,near_misses,near_misses=11,11,11,plant input (mock)
EHS-003,Near misses,count,Plant,Plant 05,2026-09,near_misses,near_misses=9,9,9,plant input (mock)
EHS-003,Near misses,count,Plant,Plant 06,2026-04,near_misses,near_misses=10,10,10,plant input (mock)
EHS-003,Near misses,count,Plant,Plant 06,2026-05,near_misses,near_misses=8,8,8,plant input (mock)
EHS-003,Near misses,count,Plant,Plant 06,2026-06,near_misses,near_misses=5,5,5,plant input (mock)
EHS-003,Near misses,count,Plant,Plant 06,2026-07,near_misses,near_misses=6,6,6,plant input (mock)
EHS-003,Near misses,count,Plant,Plant 06,2026-08,near_misses,near_misses=10,10,10,plant input (mock)
EHS-003,Near misses,count,Plant,Plant 06,2026-09,near_misses,near_misses=9,9,9,plant input (mock)
EHS-003,Near misses,count,Entity,Entity A1,2026-04,near_misses,near_misses=21,21,21,"near_misses = SUM of [Plant 01, Plant 02, Plant 03]"
EHS-003,Near misses,count,Entity,Entity A1,2026-05,near_misses,near_misses=18,18,18,"near_misses = SUM of [Plant 01, Plant 02, Plant 03]"
EHS-003,Near misses,count,Entity,Entity A1,2026-06,near_misses,near_misses=22,22,22,"near_misses = SUM of [Plant 01, Plant 02, Plant 03]"
EHS-003,Near misses,count,Entity,Entity A1,2026-07,near_misses,near_misses=19,19,19,"near_misses = SUM of [Plant 01, Plant 02, Plant 03]"
EHS-003,Near misses,count,Entity,Entity A1,2026-08,near_misses,near_misses=19,19,19,"near_misses = SUM of [Plant 01, Plant 02, Plant 03]"
EHS-003,Near misses,count,Entity,Entity A1,2026-09,near_misses,near_misses=20,20,20,"near_misses = SUM of [Plant 01, Plant 02, Plant 03]"
EHS-003,Near misses,count,Entity,Entity A2,2026-04,near_misses,near_misses=18,18,18,"near_misses = SUM of [Plant 04, Plant 05, Plant 06]"
EHS-003,Near misses,count,Entity,Entity A2,2026-05,near_misses,near_misses=28,28,28,"near_misses = SUM of [Plant 04, Plant 05, Plant 06]"
EHS-003,Near misses,count,Entity,Entity A2,2026-06,near_misses,near_misses=22,22,22,"near_misses = SUM of [Plant 04, Plant 05, Plant 06]"
EHS-003,Near misses,count,Entity,Entity A2,2026-07,near_misses,near_misses=13,13,13,"near_misses = SUM of [Plant 04, Plant 05, Plant 06]"
EHS-003,Near misses,count,Entity,Entity A2,2026-08,near_misses,near_misses=23,23,23,"near_misses = SUM of [Plant 04, Plant 05, Plant 06]"
EHS-003,Near misses,count,Entity,Entity A2,2026-09,near_misses,near_misses=21,21,21,"near_misses = SUM of [Plant 04, Plant 05, Plant 06]"
EHS-003,Near misses,count,Group,Group,2026-04,near_misses,near_misses=39,39,39,"near_misses = SUM of [Entity A1, Entity A2]"
EHS-003,Near misses,count,Group,Group,2026-05,near_misses,near_misses=46,46,46,"near_misses = SUM of [Entity A1, Entity A2]"
EHS-003,Near misses,count,Group,Group,2026-06,near_misses,near_misses=44,44,44,"near_misses = SUM of [Entity A1, Entity A2]"
EHS-003,Near misses,count,Group,Group,2026-07,near_misses,near_misses=32,32,32,"near_misses = SUM of [Entity A1, Entity A2]"
EHS-003,Near misses,count,Group,Group,2026-08,near_misses,near_misses=42,42,42,"near_misses = SUM of [Entity A1, Entity A2]"
EHS-003,Near misses,count,Group,Group,2026-09,near_misses,near_misses=41,41,41,"near_misses = SUM of [Entity A1, Entity A2]"
EHS-004,Critical safety incidents,count,Plant,Plant 01,2026-04,critical_safety_incidents,critical_safety_incidents=0,0,0,plant input (mock)
EHS-004,Critical safety incidents,count,Plant,Plant 01,2026-05,critical_safety_incidents,critical_safety_incidents=0,0,0,plant input (mock)
EHS-004,Critical safety incidents,count,Plant,Plant 01,2026-06,critical_safety_incidents,critical_safety_incidents=0,0,0,plant input (mock)
EHS-004,Critical safety incidents,count,Plant,Plant 01,2026-07,critical_safety_incidents,critical_safety_incidents=0,0,0,plant input (mock)
EHS-004,Critical safety incidents,count,Plant,Plant 01,2026-08,critical_safety_incidents,critical_safety_incidents=0,0,0,plant input (mock)
EHS-004,Critical safety incidents,count,Plant,Plant 01,2026-09,critical_safety_incidents,critical_safety_incidents=0,0,0,plant input (mock)
EHS-004,Critical safety incidents,count,Plant,Plant 02,2026-04,critical_safety_incidents,critical_safety_incidents=0,0,0,plant input (mock)
EHS-004,Critical safety incidents,count,Plant,Plant 02,2026-05,critical_safety_incidents,critical_safety_incidents=0,0,0,plant input (mock)
EHS-004,Critical safety incidents,count,Plant,Plant 02,2026-06,critical_safety_incidents,critical_safety_incidents=0,0,0,plant input (mock)
EHS-004,Critical safety incidents,count,Plant,Plant 02,2026-07,critical_safety_incidents,critical_safety_incidents=0,0,0,plant input (mock)
EHS-004,Critical safety incidents,count,Plant,Plant 02,2026-08,critical_safety_incidents,critical_safety_incidents=1,1,1,plant input (mock)
EHS-004,Critical safety incidents,count,Plant,Plant 02,2026-09,critical_safety_incidents,critical_safety_incidents=0,0,0,plant input (mock)
EHS-004,Critical safety incidents,count,Plant,Plant 03,2026-04,critical_safety_incidents,critical_safety_incidents=0,0,0,plant input (mock)
EHS-004,Critical safety incidents,count,Plant,Plant 03,2026-05,critical_safety_incidents,critical_safety_incidents=0,0,0,plant input (mock)
EHS-004,Critical safety incidents,count,Plant,Plant 03,2026-06,critical_safety_incidents,critical_safety_incidents=0,0,0,plant input (mock)
EHS-004,Critical safety incidents,count,Plant,Plant 03,2026-07,critical_safety_incidents,critical_safety_incidents=0,0,0,plant input (mock)
EHS-004,Critical safety incidents,count,Plant,Plant 03,2026-08,critical_safety_incidents,critical_safety_incidents=0,0,0,plant input (mock)
EHS-004,Critical safety incidents,count,Plant,Plant 03,2026-09,critical_safety_incidents,critical_safety_incidents=0,0,0,plant input (mock)
EHS-004,Critical safety incidents,count,Plant,Plant 04,2026-04,critical_safety_incidents,critical_safety_incidents=0,0,0,plant input (mock)
EHS-004,Critical safety incidents,count,Plant,Plant 04,2026-05,critical_safety_incidents,critical_safety_incidents=0,0,0,plant input (mock)
EHS-004,Critical safety incidents,count,Plant,Plant 04,2026-06,critical_safety_incidents,critical_safety_incidents=0,0,0,plant input (mock)
EHS-004,Critical safety incidents,count,Plant,Plant 04,2026-07,critical_safety_incidents,critical_safety_incidents=0,0,0,plant input (mock)
EHS-004,Critical safety incidents,count,Plant,Plant 04,2026-08,critical_safety_incidents,critical_safety_incidents=0,0,0,plant input (mock)
EHS-004,Critical safety incidents,count,Plant,Plant 04,2026-09,critical_safety_incidents,critical_safety_incidents=0,0,0,plant input (mock)
EHS-004,Critical safety incidents,count,Plant,Plant 05,2026-04,critical_safety_incidents,critical_safety_incidents=0,0,0,plant input (mock)
EHS-004,Critical safety incidents,count,Plant,Plant 05,2026-05,critical_safety_incidents,critical_safety_incidents=0,0,0,plant input (mock)
EHS-004,Critical safety incidents,count,Plant,Plant 05,2026-06,critical_safety_incidents,critical_safety_incidents=0,0,0,plant input (mock)
EHS-004,Critical safety incidents,count,Plant,Plant 05,2026-07,critical_safety_incidents,critical_safety_incidents=0,0,0,plant input (mock)
EHS-004,Critical safety incidents,count,Plant,Plant 05,2026-08,critical_safety_incidents,critical_safety_incidents=0,0,0,plant input (mock)
EHS-004,Critical safety incidents,count,Plant,Plant 05,2026-09,critical_safety_incidents,critical_safety_incidents=0,0,0,plant input (mock)
EHS-004,Critical safety incidents,count,Plant,Plant 06,2026-04,critical_safety_incidents,critical_safety_incidents=0,0,0,plant input (mock)
EHS-004,Critical safety incidents,count,Plant,Plant 06,2026-05,critical_safety_incidents,critical_safety_incidents=1,1,1,plant input (mock)
EHS-004,Critical safety incidents,count,Plant,Plant 06,2026-06,critical_safety_incidents,critical_safety_incidents=0,0,0,plant input (mock)
EHS-004,Critical safety incidents,count,Plant,Plant 06,2026-07,critical_safety_incidents,critical_safety_incidents=0,0,0,plant input (mock)
EHS-004,Critical safety incidents,count,Plant,Plant 06,2026-08,critical_safety_incidents,critical_safety_incidents=0,0,0,plant input (mock)
EHS-004,Critical safety incidents,count,Plant,Plant 06,2026-09,critical_safety_incidents,critical_safety_incidents=0,0,0,plant input (mock)
EHS-004,Critical safety incidents,count,Entity,Entity A1,2026-04,critical_safety_incidents,critical_safety_incidents=0,0,0,"critical_safety_incidents = SUM of [Plant 01, Plant 02, Plant 03]"
EHS-004,Critical safety incidents,count,Entity,Entity A1,2026-05,critical_safety_incidents,critical_safety_incidents=0,0,0,"critical_safety_incidents = SUM of [Plant 01, Plant 02, Plant 03]"
EHS-004,Critical safety incidents,count,Entity,Entity A1,2026-06,critical_safety_incidents,critical_safety_incidents=0,0,0,"critical_safety_incidents = SUM of [Plant 01, Plant 02, Plant 03]"
EHS-004,Critical safety incidents,count,Entity,Entity A1,2026-07,critical_safety_incidents,critical_safety_incidents=0,0,0,"critical_safety_incidents = SUM of [Plant 01, Plant 02, Plant 03]"
EHS-004,Critical safety incidents,count,Entity,Entity A1,2026-08,critical_safety_incidents,critical_safety_incidents=1,1,1,"critical_safety_incidents = SUM of [Plant 01, Plant 02, Plant 03]"
EHS-004,Critical safety incidents,count,Entity,Entity A1,2026-09,critical_safety_incidents,critical_safety_incidents=0,0,0,"critical_safety_incidents = SUM of [Plant 01, Plant 02, Plant 03]"
EHS-004,Critical safety incidents,count,Entity,Entity A2,2026-04,critical_safety_incidents,critical_safety_incidents=0,0,0,"critical_safety_incidents = SUM of [Plant 04, Plant 05, Plant 06]"
EHS-004,Critical safety incidents,count,Entity,Entity A2,2026-05,critical_safety_incidents,critical_safety_incidents=1,1,1,"critical_safety_incidents = SUM of [Plant 04, Plant 05, Plant 06]"
EHS-004,Critical safety incidents,count,Entity,Entity A2,2026-06,critical_safety_incidents,critical_safety_incidents=0,0,0,"critical_safety_incidents = SUM of [Plant 04, Plant 05, Plant 06]"
EHS-004,Critical safety incidents,count,Entity,Entity A2,2026-07,critical_safety_incidents,critical_safety_incidents=0,0,0,"critical_safety_incidents = SUM of [Plant 04, Plant 05, Plant 06]"
EHS-004,Critical safety incidents,count,Entity,Entity A2,2026-08,critical_safety_incidents,critical_safety_incidents=0,0,0,"critical_safety_incidents = SUM of [Plant 04, Plant 05, Plant 06]"
EHS-004,Critical safety incidents,count,Entity,Entity A2,2026-09,critical_safety_incidents,critical_safety_incidents=0,0,0,"critical_safety_incidents = SUM of [Plant 04, Plant 05, Plant 06]"
EHS-004,Critical safety incidents,count,Group,Group,2026-04,critical_safety_incidents,critical_safety_incidents=0,0,0,"critical_safety_incidents = SUM of [Entity A1, Entity A2]"
EHS-004,Critical safety incidents,count,Group,Group,2026-05,critical_safety_incidents,critical_safety_incidents=1,1,1,"critical_safety_incidents = SUM of [Entity A1, Entity A2]"
EHS-004,Critical safety incidents,count,Group,Group,2026-06,critical_safety_incidents,critical_safety_incidents=0,0,0,"critical_safety_incidents = SUM of [Entity A1, Entity A2]"
EHS-004,Critical safety incidents,count,Group,Group,2026-07,critical_safety_incidents,critical_safety_incidents=0,0,0,"critical_safety_incidents = SUM of [Entity A1, Entity A2]"
EHS-004,Critical safety incidents,count,Group,Group,2026-08,critical_safety_incidents,critical_safety_incidents=1,1,1,"critical_safety_incidents = SUM of [Entity A1, Entity A2]"
EHS-004,Critical safety incidents,count,Group,Group,2026-09,critical_safety_incidents,critical_safety_incidents=0,0,0,"critical_safety_incidents = SUM of [Entity A1, Entity A2]"
EHS-005,Environmental excursions,count,Plant,Plant 01,2026-04,env_excursions,env_excursions=0,0,0,plant input (mock)
EHS-005,Environmental excursions,count,Plant,Plant 01,2026-05,env_excursions,env_excursions=0,0,0,plant input (mock)
EHS-005,Environmental excursions,count,Plant,Plant 01,2026-06,env_excursions,env_excursions=1,1,1,plant input (mock)
EHS-005,Environmental excursions,count,Plant,Plant 01,2026-07,env_excursions,env_excursions=1,1,1,plant input (mock)
EHS-005,Environmental excursions,count,Plant,Plant 01,2026-08,env_excursions,env_excursions=0,0,0,plant input (mock)
EHS-005,Environmental excursions,count,Plant,Plant 01,2026-09,env_excursions,env_excursions=0,0,0,plant input (mock)
EHS-005,Environmental excursions,count,Plant,Plant 02,2026-04,env_excursions,env_excursions=0,0,0,plant input (mock)
EHS-005,Environmental excursions,count,Plant,Plant 02,2026-05,env_excursions,env_excursions=0,0,0,plant input (mock)
EHS-005,Environmental excursions,count,Plant,Plant 02,2026-06,env_excursions,env_excursions=0,0,0,plant input (mock)
EHS-005,Environmental excursions,count,Plant,Plant 02,2026-07,env_excursions,env_excursions=1,1,1,plant input (mock)
EHS-005,Environmental excursions,count,Plant,Plant 02,2026-08,env_excursions,env_excursions=0,0,0,plant input (mock)
EHS-005,Environmental excursions,count,Plant,Plant 02,2026-09,env_excursions,env_excursions=1,1,1,plant input (mock)
EHS-005,Environmental excursions,count,Plant,Plant 03,2026-04,env_excursions,env_excursions=1,1,1,plant input (mock)
EHS-005,Environmental excursions,count,Plant,Plant 03,2026-05,env_excursions,env_excursions=1,1,1,plant input (mock)
EHS-005,Environmental excursions,count,Plant,Plant 03,2026-06,env_excursions,env_excursions=0,0,0,plant input (mock)
EHS-005,Environmental excursions,count,Plant,Plant 03,2026-07,env_excursions,env_excursions=0,0,0,plant input (mock)
EHS-005,Environmental excursions,count,Plant,Plant 03,2026-08,env_excursions,env_excursions=0,0,0,plant input (mock)
EHS-005,Environmental excursions,count,Plant,Plant 03,2026-09,env_excursions,env_excursions=0,0,0,plant input (mock)
EHS-005,Environmental excursions,count,Plant,Plant 04,2026-04,env_excursions,env_excursions=0,0,0,plant input (mock)
EHS-005,Environmental excursions,count,Plant,Plant 04,2026-05,env_excursions,env_excursions=0,0,0,plant input (mock)
EHS-005,Environmental excursions,count,Plant,Plant 04,2026-06,env_excursions,env_excursions=0,0,0,plant input (mock)
EHS-005,Environmental excursions,count,Plant,Plant 04,2026-07,env_excursions,env_excursions=1,1,1,plant input (mock)
EHS-005,Environmental excursions,count,Plant,Plant 04,2026-08,env_excursions,env_excursions=1,1,1,plant input (mock)
EHS-005,Environmental excursions,count,Plant,Plant 04,2026-09,env_excursions,env_excursions=1,1,1,plant input (mock)
EHS-005,Environmental excursions,count,Plant,Plant 05,2026-04,env_excursions,env_excursions=0,0,0,plant input (mock)
EHS-005,Environmental excursions,count,Plant,Plant 05,2026-05,env_excursions,env_excursions=0,0,0,plant input (mock)
EHS-005,Environmental excursions,count,Plant,Plant 05,2026-06,env_excursions,env_excursions=0,0,0,plant input (mock)
EHS-005,Environmental excursions,count,Plant,Plant 05,2026-07,env_excursions,env_excursions=0,0,0,plant input (mock)
EHS-005,Environmental excursions,count,Plant,Plant 05,2026-08,env_excursions,env_excursions=0,0,0,plant input (mock)
EHS-005,Environmental excursions,count,Plant,Plant 05,2026-09,env_excursions,env_excursions=0,0,0,plant input (mock)
EHS-005,Environmental excursions,count,Plant,Plant 06,2026-04,env_excursions,env_excursions=1,1,1,plant input (mock)
EHS-005,Environmental excursions,count,Plant,Plant 06,2026-05,env_excursions,env_excursions=0,0,0,plant input (mock)
EHS-005,Environmental excursions,count,Plant,Plant 06,2026-06,env_excursions,env_excursions=0,0,0,plant input (mock)
EHS-005,Environmental excursions,count,Plant,Plant 06,2026-07,env_excursions,env_excursions=0,0,0,plant input (mock)
EHS-005,Environmental excursions,count,Plant,Plant 06,2026-08,env_excursions,env_excursions=0,0,0,plant input (mock)
EHS-005,Environmental excursions,count,Plant,Plant 06,2026-09,env_excursions,env_excursions=0,0,0,plant input (mock)
EHS-005,Environmental excursions,count,Entity,Entity A1,2026-04,env_excursions,env_excursions=1,1,1,"env_excursions = SUM of [Plant 01, Plant 02, Plant 03]"
EHS-005,Environmental excursions,count,Entity,Entity A1,2026-05,env_excursions,env_excursions=1,1,1,"env_excursions = SUM of [Plant 01, Plant 02, Plant 03]"
EHS-005,Environmental excursions,count,Entity,Entity A1,2026-06,env_excursions,env_excursions=1,1,1,"env_excursions = SUM of [Plant 01, Plant 02, Plant 03]"
EHS-005,Environmental excursions,count,Entity,Entity A1,2026-07,env_excursions,env_excursions=2,2,2,"env_excursions = SUM of [Plant 01, Plant 02, Plant 03]"
EHS-005,Environmental excursions,count,Entity,Entity A1,2026-08,env_excursions,env_excursions=0,0,0,"env_excursions = SUM of [Plant 01, Plant 02, Plant 03]"
EHS-005,Environmental excursions,count,Entity,Entity A1,2026-09,env_excursions,env_excursions=1,1,1,"env_excursions = SUM of [Plant 01, Plant 02, Plant 03]"
EHS-005,Environmental excursions,count,Entity,Entity A2,2026-04,env_excursions,env_excursions=1,1,1,"env_excursions = SUM of [Plant 04, Plant 05, Plant 06]"
EHS-005,Environmental excursions,count,Entity,Entity A2,2026-05,env_excursions,env_excursions=0,0,0,"env_excursions = SUM of [Plant 04, Plant 05, Plant 06]"
EHS-005,Environmental excursions,count,Entity,Entity A2,2026-06,env_excursions,env_excursions=0,0,0,"env_excursions = SUM of [Plant 04, Plant 05, Plant 06]"
EHS-005,Environmental excursions,count,Entity,Entity A2,2026-07,env_excursions,env_excursions=1,1,1,"env_excursions = SUM of [Plant 04, Plant 05, Plant 06]"
EHS-005,Environmental excursions,count,Entity,Entity A2,2026-08,env_excursions,env_excursions=1,1,1,"env_excursions = SUM of [Plant 04, Plant 05, Plant 06]"
EHS-005,Environmental excursions,count,Entity,Entity A2,2026-09,env_excursions,env_excursions=1,1,1,"env_excursions = SUM of [Plant 04, Plant 05, Plant 06]"
EHS-005,Environmental excursions,count,Group,Group,2026-04,env_excursions,env_excursions=2,2,2,"env_excursions = SUM of [Entity A1, Entity A2]"
EHS-005,Environmental excursions,count,Group,Group,2026-05,env_excursions,env_excursions=1,1,1,"env_excursions = SUM of [Entity A1, Entity A2]"
EHS-005,Environmental excursions,count,Group,Group,2026-06,env_excursions,env_excursions=1,1,1,"env_excursions = SUM of [Entity A1, Entity A2]"
EHS-005,Environmental excursions,count,Group,Group,2026-07,env_excursions,env_excursions=3,3,3,"env_excursions = SUM of [Entity A1, Entity A2]"
EHS-005,Environmental excursions,count,Group,Group,2026-08,env_excursions,env_excursions=1,1,1,"env_excursions = SUM of [Entity A1, Entity A2]"
EHS-005,Environmental excursions,count,Group,Group,2026-09,env_excursions,env_excursions=2,2,2,"env_excursions = SUM of [Entity A1, Entity A2]"
EHS-006,Open EHS corrective actions,count,Plant,Plant 01,2026-04,ehs_ca_open,ehs_ca_open=14,14,14,plant input (mock)
EHS-006,Open EHS corrective actions,count,Plant,Plant 01,2026-05,ehs_ca_open,ehs_ca_open=11,11,11,plant input (mock)
EHS-006,Open EHS corrective actions,count,Plant,Plant 01,2026-06,ehs_ca_open,ehs_ca_open=5,5,5,plant input (mock)
EHS-006,Open EHS corrective actions,count,Plant,Plant 01,2026-07,ehs_ca_open,ehs_ca_open=4,4,4,plant input (mock)
EHS-006,Open EHS corrective actions,count,Plant,Plant 01,2026-08,ehs_ca_open,ehs_ca_open=5,5,5,plant input (mock)
EHS-006,Open EHS corrective actions,count,Plant,Plant 01,2026-09,ehs_ca_open,ehs_ca_open=14,14,14,plant input (mock)
EHS-006,Open EHS corrective actions,count,Plant,Plant 02,2026-04,ehs_ca_open,ehs_ca_open=6,6,6,plant input (mock)
EHS-006,Open EHS corrective actions,count,Plant,Plant 02,2026-05,ehs_ca_open,ehs_ca_open=5,5,5,plant input (mock)
EHS-006,Open EHS corrective actions,count,Plant,Plant 02,2026-06,ehs_ca_open,ehs_ca_open=5,5,5,plant input (mock)
EHS-006,Open EHS corrective actions,count,Plant,Plant 02,2026-07,ehs_ca_open,ehs_ca_open=7,7,7,plant input (mock)
EHS-006,Open EHS corrective actions,count,Plant,Plant 02,2026-08,ehs_ca_open,ehs_ca_open=8,8,8,plant input (mock)
EHS-006,Open EHS corrective actions,count,Plant,Plant 02,2026-09,ehs_ca_open,ehs_ca_open=6,6,6,plant input (mock)
EHS-006,Open EHS corrective actions,count,Plant,Plant 03,2026-04,ehs_ca_open,ehs_ca_open=5,5,5,plant input (mock)
EHS-006,Open EHS corrective actions,count,Plant,Plant 03,2026-05,ehs_ca_open,ehs_ca_open=10,10,10,plant input (mock)
EHS-006,Open EHS corrective actions,count,Plant,Plant 03,2026-06,ehs_ca_open,ehs_ca_open=13,13,13,plant input (mock)
EHS-006,Open EHS corrective actions,count,Plant,Plant 03,2026-07,ehs_ca_open,ehs_ca_open=13,13,13,plant input (mock)
EHS-006,Open EHS corrective actions,count,Plant,Plant 03,2026-08,ehs_ca_open,ehs_ca_open=5,5,5,plant input (mock)
EHS-006,Open EHS corrective actions,count,Plant,Plant 03,2026-09,ehs_ca_open,ehs_ca_open=8,8,8,plant input (mock)
EHS-006,Open EHS corrective actions,count,Plant,Plant 04,2026-04,ehs_ca_open,ehs_ca_open=14,14,14,plant input (mock)
EHS-006,Open EHS corrective actions,count,Plant,Plant 04,2026-05,ehs_ca_open,ehs_ca_open=14,14,14,plant input (mock)
EHS-006,Open EHS corrective actions,count,Plant,Plant 04,2026-06,ehs_ca_open,ehs_ca_open=7,7,7,plant input (mock)
EHS-006,Open EHS corrective actions,count,Plant,Plant 04,2026-07,ehs_ca_open,ehs_ca_open=13,13,13,plant input (mock)
EHS-006,Open EHS corrective actions,count,Plant,Plant 04,2026-08,ehs_ca_open,ehs_ca_open=12,12,12,plant input (mock)
EHS-006,Open EHS corrective actions,count,Plant,Plant 04,2026-09,ehs_ca_open,ehs_ca_open=6,6,6,plant input (mock)
EHS-006,Open EHS corrective actions,count,Plant,Plant 05,2026-04,ehs_ca_open,ehs_ca_open=12,12,12,plant input (mock)
EHS-006,Open EHS corrective actions,count,Plant,Plant 05,2026-05,ehs_ca_open,ehs_ca_open=12,12,12,plant input (mock)
EHS-006,Open EHS corrective actions,count,Plant,Plant 05,2026-06,ehs_ca_open,ehs_ca_open=3,3,3,plant input (mock)
EHS-006,Open EHS corrective actions,count,Plant,Plant 05,2026-07,ehs_ca_open,ehs_ca_open=14,14,14,plant input (mock)
EHS-006,Open EHS corrective actions,count,Plant,Plant 05,2026-08,ehs_ca_open,ehs_ca_open=8,8,8,plant input (mock)
EHS-006,Open EHS corrective actions,count,Plant,Plant 05,2026-09,ehs_ca_open,ehs_ca_open=6,6,6,plant input (mock)
EHS-006,Open EHS corrective actions,count,Plant,Plant 06,2026-04,ehs_ca_open,ehs_ca_open=9,9,9,plant input (mock)
EHS-006,Open EHS corrective actions,count,Plant,Plant 06,2026-05,ehs_ca_open,ehs_ca_open=6,6,6,plant input (mock)
EHS-006,Open EHS corrective actions,count,Plant,Plant 06,2026-06,ehs_ca_open,ehs_ca_open=12,12,12,plant input (mock)
EHS-006,Open EHS corrective actions,count,Plant,Plant 06,2026-07,ehs_ca_open,ehs_ca_open=9,9,9,plant input (mock)
EHS-006,Open EHS corrective actions,count,Plant,Plant 06,2026-08,ehs_ca_open,ehs_ca_open=6,6,6,plant input (mock)
EHS-006,Open EHS corrective actions,count,Plant,Plant 06,2026-09,ehs_ca_open,ehs_ca_open=5,5,5,plant input (mock)
EHS-006,Open EHS corrective actions,count,Entity,Entity A1,2026-04,ehs_ca_open,ehs_ca_open=25,25,25,"ehs_ca_open = SUM of [Plant 01, Plant 02, Plant 03]"
EHS-006,Open EHS corrective actions,count,Entity,Entity A1,2026-05,ehs_ca_open,ehs_ca_open=26,26,26,"ehs_ca_open = SUM of [Plant 01, Plant 02, Plant 03]"
EHS-006,Open EHS corrective actions,count,Entity,Entity A1,2026-06,ehs_ca_open,ehs_ca_open=23,23,23,"ehs_ca_open = SUM of [Plant 01, Plant 02, Plant 03]"
EHS-006,Open EHS corrective actions,count,Entity,Entity A1,2026-07,ehs_ca_open,ehs_ca_open=24,24,24,"ehs_ca_open = SUM of [Plant 01, Plant 02, Plant 03]"
EHS-006,Open EHS corrective actions,count,Entity,Entity A1,2026-08,ehs_ca_open,ehs_ca_open=18,18,18,"ehs_ca_open = SUM of [Plant 01, Plant 02, Plant 03]"
EHS-006,Open EHS corrective actions,count,Entity,Entity A1,2026-09,ehs_ca_open,ehs_ca_open=28,28,28,"ehs_ca_open = SUM of [Plant 01, Plant 02, Plant 03]"
EHS-006,Open EHS corrective actions,count,Entity,Entity A2,2026-04,ehs_ca_open,ehs_ca_open=35,35,35,"ehs_ca_open = SUM of [Plant 04, Plant 05, Plant 06]"
EHS-006,Open EHS corrective actions,count,Entity,Entity A2,2026-05,ehs_ca_open,ehs_ca_open=32,32,32,"ehs_ca_open = SUM of [Plant 04, Plant 05, Plant 06]"
EHS-006,Open EHS corrective actions,count,Entity,Entity A2,2026-06,ehs_ca_open,ehs_ca_open=22,22,22,"ehs_ca_open = SUM of [Plant 04, Plant 05, Plant 06]"
EHS-006,Open EHS corrective actions,count,Entity,Entity A2,2026-07,ehs_ca_open,ehs_ca_open=36,36,36,"ehs_ca_open = SUM of [Plant 04, Plant 05, Plant 06]"
EHS-006,Open EHS corrective actions,count,Entity,Entity A2,2026-08,ehs_ca_open,ehs_ca_open=26,26,26,"ehs_ca_open = SUM of [Plant 04, Plant 05, Plant 06]"
EHS-006,Open EHS corrective actions,count,Entity,Entity A2,2026-09,ehs_ca_open,ehs_ca_open=17,17,17,"ehs_ca_open = SUM of [Plant 04, Plant 05, Plant 06]"
EHS-006,Open EHS corrective actions,count,Group,Group,2026-04,ehs_ca_open,ehs_ca_open=60,60,60,"ehs_ca_open = SUM of [Entity A1, Entity A2]"
EHS-006,Open EHS corrective actions,count,Group,Group,2026-05,ehs_ca_open,ehs_ca_open=58,58,58,"ehs_ca_open = SUM of [Entity A1, Entity A2]"
EHS-006,Open EHS corrective actions,count,Group,Group,2026-06,ehs_ca_open,ehs_ca_open=45,45,45,"ehs_ca_open = SUM of [Entity A1, Entity A2]"
EHS-006,Open EHS corrective actions,count,Group,Group,2026-07,ehs_ca_open,ehs_ca_open=60,60,60,"ehs_ca_open = SUM of [Entity A1, Entity A2]"
EHS-006,Open EHS corrective actions,count,Group,Group,2026-08,ehs_ca_open,ehs_ca_open=44,44,44,"ehs_ca_open = SUM of [Entity A1, Entity A2]"
EHS-006,Open EHS corrective actions,count,Group,Group,2026-09,ehs_ca_open,ehs_ca_open=45,45,45,"ehs_ca_open = SUM of [Entity A1, Entity A2]"
EHS-007,Overdue EHS actions,count,Plant,Plant 01,2026-04,ehs_ca_overdue,ehs_ca_overdue=4,4,4,plant input (mock)
EHS-007,Overdue EHS actions,count,Plant,Plant 01,2026-05,ehs_ca_overdue,ehs_ca_overdue=2,2,2,plant input (mock)
EHS-007,Overdue EHS actions,count,Plant,Plant 01,2026-06,ehs_ca_overdue,ehs_ca_overdue=1,1,1,plant input (mock)
EHS-007,Overdue EHS actions,count,Plant,Plant 01,2026-07,ehs_ca_overdue,ehs_ca_overdue=1,1,1,plant input (mock)
EHS-007,Overdue EHS actions,count,Plant,Plant 01,2026-08,ehs_ca_overdue,ehs_ca_overdue=0,0,0,plant input (mock)
EHS-007,Overdue EHS actions,count,Plant,Plant 01,2026-09,ehs_ca_overdue,ehs_ca_overdue=4,4,4,plant input (mock)
EHS-007,Overdue EHS actions,count,Plant,Plant 02,2026-04,ehs_ca_overdue,ehs_ca_overdue=2,2,2,plant input (mock)
EHS-007,Overdue EHS actions,count,Plant,Plant 02,2026-05,ehs_ca_overdue,ehs_ca_overdue=1,1,1,plant input (mock)
EHS-007,Overdue EHS actions,count,Plant,Plant 02,2026-06,ehs_ca_overdue,ehs_ca_overdue=0,0,0,plant input (mock)
EHS-007,Overdue EHS actions,count,Plant,Plant 02,2026-07,ehs_ca_overdue,ehs_ca_overdue=0,0,0,plant input (mock)
EHS-007,Overdue EHS actions,count,Plant,Plant 02,2026-08,ehs_ca_overdue,ehs_ca_overdue=1,1,1,plant input (mock)
EHS-007,Overdue EHS actions,count,Plant,Plant 02,2026-09,ehs_ca_overdue,ehs_ca_overdue=1,1,1,plant input (mock)
EHS-007,Overdue EHS actions,count,Plant,Plant 03,2026-04,ehs_ca_overdue,ehs_ca_overdue=1,1,1,plant input (mock)
EHS-007,Overdue EHS actions,count,Plant,Plant 03,2026-05,ehs_ca_overdue,ehs_ca_overdue=2,2,2,plant input (mock)
EHS-007,Overdue EHS actions,count,Plant,Plant 03,2026-06,ehs_ca_overdue,ehs_ca_overdue=3,3,3,plant input (mock)
EHS-007,Overdue EHS actions,count,Plant,Plant 03,2026-07,ehs_ca_overdue,ehs_ca_overdue=4,4,4,plant input (mock)
EHS-007,Overdue EHS actions,count,Plant,Plant 03,2026-08,ehs_ca_overdue,ehs_ca_overdue=0,0,0,plant input (mock)
EHS-007,Overdue EHS actions,count,Plant,Plant 03,2026-09,ehs_ca_overdue,ehs_ca_overdue=2,2,2,plant input (mock)
EHS-007,Overdue EHS actions,count,Plant,Plant 04,2026-04,ehs_ca_overdue,ehs_ca_overdue=4,4,4,plant input (mock)
EHS-007,Overdue EHS actions,count,Plant,Plant 04,2026-05,ehs_ca_overdue,ehs_ca_overdue=4,4,4,plant input (mock)
EHS-007,Overdue EHS actions,count,Plant,Plant 04,2026-06,ehs_ca_overdue,ehs_ca_overdue=1,1,1,plant input (mock)
EHS-007,Overdue EHS actions,count,Plant,Plant 04,2026-07,ehs_ca_overdue,ehs_ca_overdue=2,2,2,plant input (mock)
EHS-007,Overdue EHS actions,count,Plant,Plant 04,2026-08,ehs_ca_overdue,ehs_ca_overdue=1,1,1,plant input (mock)
EHS-007,Overdue EHS actions,count,Plant,Plant 04,2026-09,ehs_ca_overdue,ehs_ca_overdue=1,1,1,plant input (mock)
EHS-007,Overdue EHS actions,count,Plant,Plant 05,2026-04,ehs_ca_overdue,ehs_ca_overdue=0,0,0,plant input (mock)
EHS-007,Overdue EHS actions,count,Plant,Plant 05,2026-05,ehs_ca_overdue,ehs_ca_overdue=3,3,3,plant input (mock)
EHS-007,Overdue EHS actions,count,Plant,Plant 05,2026-06,ehs_ca_overdue,ehs_ca_overdue=1,1,1,plant input (mock)
EHS-007,Overdue EHS actions,count,Plant,Plant 05,2026-07,ehs_ca_overdue,ehs_ca_overdue=4,4,4,plant input (mock)
EHS-007,Overdue EHS actions,count,Plant,Plant 05,2026-08,ehs_ca_overdue,ehs_ca_overdue=1,1,1,plant input (mock)
EHS-007,Overdue EHS actions,count,Plant,Plant 05,2026-09,ehs_ca_overdue,ehs_ca_overdue=0,0,0,plant input (mock)
EHS-007,Overdue EHS actions,count,Plant,Plant 06,2026-04,ehs_ca_overdue,ehs_ca_overdue=1,1,1,plant input (mock)
EHS-007,Overdue EHS actions,count,Plant,Plant 06,2026-05,ehs_ca_overdue,ehs_ca_overdue=2,2,2,plant input (mock)
EHS-007,Overdue EHS actions,count,Plant,Plant 06,2026-06,ehs_ca_overdue,ehs_ca_overdue=2,2,2,plant input (mock)
EHS-007,Overdue EHS actions,count,Plant,Plant 06,2026-07,ehs_ca_overdue,ehs_ca_overdue=1,1,1,plant input (mock)
EHS-007,Overdue EHS actions,count,Plant,Plant 06,2026-08,ehs_ca_overdue,ehs_ca_overdue=0,0,0,plant input (mock)
EHS-007,Overdue EHS actions,count,Plant,Plant 06,2026-09,ehs_ca_overdue,ehs_ca_overdue=1,1,1,plant input (mock)
EHS-007,Overdue EHS actions,count,Entity,Entity A1,2026-04,ehs_ca_overdue,ehs_ca_overdue=7,7,7,"ehs_ca_overdue = SUM of [Plant 01, Plant 02, Plant 03]"
EHS-007,Overdue EHS actions,count,Entity,Entity A1,2026-05,ehs_ca_overdue,ehs_ca_overdue=5,5,5,"ehs_ca_overdue = SUM of [Plant 01, Plant 02, Plant 03]"
EHS-007,Overdue EHS actions,count,Entity,Entity A1,2026-06,ehs_ca_overdue,ehs_ca_overdue=4,4,4,"ehs_ca_overdue = SUM of [Plant 01, Plant 02, Plant 03]"
EHS-007,Overdue EHS actions,count,Entity,Entity A1,2026-07,ehs_ca_overdue,ehs_ca_overdue=5,5,5,"ehs_ca_overdue = SUM of [Plant 01, Plant 02, Plant 03]"
EHS-007,Overdue EHS actions,count,Entity,Entity A1,2026-08,ehs_ca_overdue,ehs_ca_overdue=1,1,1,"ehs_ca_overdue = SUM of [Plant 01, Plant 02, Plant 03]"
EHS-007,Overdue EHS actions,count,Entity,Entity A1,2026-09,ehs_ca_overdue,ehs_ca_overdue=7,7,7,"ehs_ca_overdue = SUM of [Plant 01, Plant 02, Plant 03]"
EHS-007,Overdue EHS actions,count,Entity,Entity A2,2026-04,ehs_ca_overdue,ehs_ca_overdue=5,5,5,"ehs_ca_overdue = SUM of [Plant 04, Plant 05, Plant 06]"
EHS-007,Overdue EHS actions,count,Entity,Entity A2,2026-05,ehs_ca_overdue,ehs_ca_overdue=9,9,9,"ehs_ca_overdue = SUM of [Plant 04, Plant 05, Plant 06]"
EHS-007,Overdue EHS actions,count,Entity,Entity A2,2026-06,ehs_ca_overdue,ehs_ca_overdue=4,4,4,"ehs_ca_overdue = SUM of [Plant 04, Plant 05, Plant 06]"
EHS-007,Overdue EHS actions,count,Entity,Entity A2,2026-07,ehs_ca_overdue,ehs_ca_overdue=7,7,7,"ehs_ca_overdue = SUM of [Plant 04, Plant 05, Plant 06]"
EHS-007,Overdue EHS actions,count,Entity,Entity A2,2026-08,ehs_ca_overdue,ehs_ca_overdue=2,2,2,"ehs_ca_overdue = SUM of [Plant 04, Plant 05, Plant 06]"
EHS-007,Overdue EHS actions,count,Entity,Entity A2,2026-09,ehs_ca_overdue,ehs_ca_overdue=2,2,2,"ehs_ca_overdue = SUM of [Plant 04, Plant 05, Plant 06]"
EHS-007,Overdue EHS actions,count,Group,Group,2026-04,ehs_ca_overdue,ehs_ca_overdue=12,12,12,"ehs_ca_overdue = SUM of [Entity A1, Entity A2]"
EHS-007,Overdue EHS actions,count,Group,Group,2026-05,ehs_ca_overdue,ehs_ca_overdue=14,14,14,"ehs_ca_overdue = SUM of [Entity A1, Entity A2]"
EHS-007,Overdue EHS actions,count,Group,Group,2026-06,ehs_ca_overdue,ehs_ca_overdue=8,8,8,"ehs_ca_overdue = SUM of [Entity A1, Entity A2]"
EHS-007,Overdue EHS actions,count,Group,Group,2026-07,ehs_ca_overdue,ehs_ca_overdue=12,12,12,"ehs_ca_overdue = SUM of [Entity A1, Entity A2]"
EHS-007,Overdue EHS actions,count,Group,Group,2026-08,ehs_ca_overdue,ehs_ca_overdue=3,3,3,"ehs_ca_overdue = SUM of [Entity A1, Entity A2]"
EHS-007,Overdue EHS actions,count,Group,Group,2026-09,ehs_ca_overdue,ehs_ca_overdue=9,9,9,"ehs_ca_overdue = SUM of [Entity A1, Entity A2]"
EHS-009,EHS investigation completion,%,Plant,Plant 01,2026-04,investigations_completed / investigations_due x 100 (100 if none due),investigations_due=0; investigations_completed=0,"IF(0=0,100,100*0/0)",100.0,plant input (mock)
EHS-009,EHS investigation completion,%,Plant,Plant 01,2026-05,investigations_completed / investigations_due x 100 (100 if none due),investigations_due=3; investigations_completed=3,"IF(3=0,100,100*3/3)",100.0,plant input (mock)
EHS-009,EHS investigation completion,%,Plant,Plant 01,2026-06,investigations_completed / investigations_due x 100 (100 if none due),investigations_due=0; investigations_completed=0,"IF(0=0,100,100*0/0)",100.0,plant input (mock)
EHS-009,EHS investigation completion,%,Plant,Plant 01,2026-07,investigations_completed / investigations_due x 100 (100 if none due),investigations_due=3; investigations_completed=3,"IF(3=0,100,100*3/3)",100.0,plant input (mock)
EHS-009,EHS investigation completion,%,Plant,Plant 01,2026-08,investigations_completed / investigations_due x 100 (100 if none due),investigations_due=1; investigations_completed=1,"IF(1=0,100,100*1/1)",100.0,plant input (mock)
EHS-009,EHS investigation completion,%,Plant,Plant 01,2026-09,investigations_completed / investigations_due x 100 (100 if none due),investigations_due=2; investigations_completed=2,"IF(2=0,100,100*2/2)",100.0,plant input (mock)
EHS-009,EHS investigation completion,%,Plant,Plant 02,2026-04,investigations_completed / investigations_due x 100 (100 if none due),investigations_due=3; investigations_completed=3,"IF(3=0,100,100*3/3)",100.0,plant input (mock)
EHS-009,EHS investigation completion,%,Plant,Plant 02,2026-05,investigations_completed / investigations_due x 100 (100 if none due),investigations_due=0; investigations_completed=0,"IF(0=0,100,100*0/0)",100.0,plant input (mock)
EHS-009,EHS investigation completion,%,Plant,Plant 02,2026-06,investigations_completed / investigations_due x 100 (100 if none due),investigations_due=2; investigations_completed=1,"IF(2=0,100,100*1/2)",50.0,plant input (mock)
EHS-009,EHS investigation completion,%,Plant,Plant 02,2026-07,investigations_completed / investigations_due x 100 (100 if none due),investigations_due=1; investigations_completed=1,"IF(1=0,100,100*1/1)",100.0,plant input (mock)
EHS-009,EHS investigation completion,%,Plant,Plant 02,2026-08,investigations_completed / investigations_due x 100 (100 if none due),investigations_due=0; investigations_completed=0,"IF(0=0,100,100*0/0)",100.0,plant input (mock)
EHS-009,EHS investigation completion,%,Plant,Plant 02,2026-09,investigations_completed / investigations_due x 100 (100 if none due),investigations_due=2; investigations_completed=1,"IF(2=0,100,100*1/2)",50.0,plant input (mock)
EHS-009,EHS investigation completion,%,Plant,Plant 03,2026-04,investigations_completed / investigations_due x 100 (100 if none due),investigations_due=1; investigations_completed=0,"IF(1=0,100,100*0/1)",0.0,plant input (mock)
EHS-009,EHS investigation completion,%,Plant,Plant 03,2026-05,investigations_completed / investigations_due x 100 (100 if none due),investigations_due=0; investigations_completed=0,"IF(0=0,100,100*0/0)",100.0,plant input (mock)
EHS-009,EHS investigation completion,%,Plant,Plant 03,2026-06,investigations_completed / investigations_due x 100 (100 if none due),investigations_due=2; investigations_completed=2,"IF(2=0,100,100*2/2)",100.0,plant input (mock)
EHS-009,EHS investigation completion,%,Plant,Plant 03,2026-07,investigations_completed / investigations_due x 100 (100 if none due),investigations_due=0; investigations_completed=0,"IF(0=0,100,100*0/0)",100.0,plant input (mock)
EHS-009,EHS investigation completion,%,Plant,Plant 03,2026-08,investigations_completed / investigations_due x 100 (100 if none due),investigations_due=2; investigations_completed=1,"IF(2=0,100,100*1/2)",50.0,plant input (mock)
EHS-009,EHS investigation completion,%,Plant,Plant 03,2026-09,investigations_completed / investigations_due x 100 (100 if none due),investigations_due=0; investigations_completed=0,"IF(0=0,100,100*0/0)",100.0,plant input (mock)
EHS-009,EHS investigation completion,%,Plant,Plant 04,2026-04,investigations_completed / investigations_due x 100 (100 if none due),investigations_due=2; investigations_completed=1,"IF(2=0,100,100*1/2)",50.0,plant input (mock)
EHS-009,EHS investigation completion,%,Plant,Plant 04,2026-05,investigations_completed / investigations_due x 100 (100 if none due),investigations_due=1; investigations_completed=1,"IF(1=0,100,100*1/1)",100.0,plant input (mock)
EHS-009,EHS investigation completion,%,Plant,Plant 04,2026-06,investigations_completed / investigations_due x 100 (100 if none due),investigations_due=2; investigations_completed=2,"IF(2=0,100,100*2/2)",100.0,plant input (mock)
EHS-009,EHS investigation completion,%,Plant,Plant 04,2026-07,investigations_completed / investigations_due x 100 (100 if none due),investigations_due=0; investigations_completed=0,"IF(0=0,100,100*0/0)",100.0,plant input (mock)
EHS-009,EHS investigation completion,%,Plant,Plant 04,2026-08,investigations_completed / investigations_due x 100 (100 if none due),investigations_due=2; investigations_completed=2,"IF(2=0,100,100*2/2)",100.0,plant input (mock)
EHS-009,EHS investigation completion,%,Plant,Plant 04,2026-09,investigations_completed / investigations_due x 100 (100 if none due),investigations_due=0; investigations_completed=0,"IF(0=0,100,100*0/0)",100.0,plant input (mock)
EHS-009,EHS investigation completion,%,Plant,Plant 05,2026-04,investigations_completed / investigations_due x 100 (100 if none due),investigations_due=1; investigations_completed=0,"IF(1=0,100,100*0/1)",0.0,plant input (mock)
EHS-009,EHS investigation completion,%,Plant,Plant 05,2026-05,investigations_completed / investigations_due x 100 (100 if none due),investigations_due=2; investigations_completed=2,"IF(2=0,100,100*2/2)",100.0,plant input (mock)
EHS-009,EHS investigation completion,%,Plant,Plant 05,2026-06,investigations_completed / investigations_due x 100 (100 if none due),investigations_due=0; investigations_completed=0,"IF(0=0,100,100*0/0)",100.0,plant input (mock)
EHS-009,EHS investigation completion,%,Plant,Plant 05,2026-07,investigations_completed / investigations_due x 100 (100 if none due),investigations_due=0; investigations_completed=0,"IF(0=0,100,100*0/0)",100.0,plant input (mock)
EHS-009,EHS investigation completion,%,Plant,Plant 05,2026-08,investigations_completed / investigations_due x 100 (100 if none due),investigations_due=3; investigations_completed=3,"IF(3=0,100,100*3/3)",100.0,plant input (mock)
EHS-009,EHS investigation completion,%,Plant,Plant 05,2026-09,investigations_completed / investigations_due x 100 (100 if none due),investigations_due=0; investigations_completed=0,"IF(0=0,100,100*0/0)",100.0,plant input (mock)
EHS-009,EHS investigation completion,%,Plant,Plant 06,2026-04,investigations_completed / investigations_due x 100 (100 if none due),investigations_due=2; investigations_completed=2,"IF(2=0,100,100*2/2)",100.0,plant input (mock)
EHS-009,EHS investigation completion,%,Plant,Plant 06,2026-05,investigations_completed / investigations_due x 100 (100 if none due),investigations_due=2; investigations_completed=2,"IF(2=0,100,100*2/2)",100.0,plant input (mock)
EHS-009,EHS investigation completion,%,Plant,Plant 06,2026-06,investigations_completed / investigations_due x 100 (100 if none due),investigations_due=3; investigations_completed=3,"IF(3=0,100,100*3/3)",100.0,plant input (mock)
EHS-009,EHS investigation completion,%,Plant,Plant 06,2026-07,investigations_completed / investigations_due x 100 (100 if none due),investigations_due=3; investigations_completed=2,"IF(3=0,100,100*2/3)",66.67,plant input (mock)
EHS-009,EHS investigation completion,%,Plant,Plant 06,2026-08,investigations_completed / investigations_due x 100 (100 if none due),investigations_due=3; investigations_completed=3,"IF(3=0,100,100*3/3)",100.0,plant input (mock)
EHS-009,EHS investigation completion,%,Plant,Plant 06,2026-09,investigations_completed / investigations_due x 100 (100 if none due),investigations_due=0; investigations_completed=0,"IF(0=0,100,100*0/0)",100.0,plant input (mock)
EHS-009,EHS investigation completion,%,Entity,Entity A1,2026-04,investigations_completed / investigations_due x 100 (100 if none due),investigations_due=4; investigations_completed=3,"IF(4=0,100,100*3/4)",75.0,"investigations_due = SUM of [Plant 01, Plant 02, Plant 03]; investigations_completed = SUM of [Plant 01, Plant 02, Plant 03]"
EHS-009,EHS investigation completion,%,Entity,Entity A1,2026-05,investigations_completed / investigations_due x 100 (100 if none due),investigations_due=3; investigations_completed=3,"IF(3=0,100,100*3/3)",100.0,"investigations_due = SUM of [Plant 01, Plant 02, Plant 03]; investigations_completed = SUM of [Plant 01, Plant 02, Plant 03]"
EHS-009,EHS investigation completion,%,Entity,Entity A1,2026-06,investigations_completed / investigations_due x 100 (100 if none due),investigations_due=4; investigations_completed=3,"IF(4=0,100,100*3/4)",75.0,"investigations_due = SUM of [Plant 01, Plant 02, Plant 03]; investigations_completed = SUM of [Plant 01, Plant 02, Plant 03]"
EHS-009,EHS investigation completion,%,Entity,Entity A1,2026-07,investigations_completed / investigations_due x 100 (100 if none due),investigations_due=4; investigations_completed=4,"IF(4=0,100,100*4/4)",100.0,"investigations_due = SUM of [Plant 01, Plant 02, Plant 03]; investigations_completed = SUM of [Plant 01, Plant 02, Plant 03]"
EHS-009,EHS investigation completion,%,Entity,Entity A1,2026-08,investigations_completed / investigations_due x 100 (100 if none due),investigations_due=3; investigations_completed=2,"IF(3=0,100,100*2/3)",66.67,"investigations_due = SUM of [Plant 01, Plant 02, Plant 03]; investigations_completed = SUM of [Plant 01, Plant 02, Plant 03]"
EHS-009,EHS investigation completion,%,Entity,Entity A1,2026-09,investigations_completed / investigations_due x 100 (100 if none due),investigations_due=4; investigations_completed=3,"IF(4=0,100,100*3/4)",75.0,"investigations_due = SUM of [Plant 01, Plant 02, Plant 03]; investigations_completed = SUM of [Plant 01, Plant 02, Plant 03]"
EHS-009,EHS investigation completion,%,Entity,Entity A2,2026-04,investigations_completed / investigations_due x 100 (100 if none due),investigations_due=5; investigations_completed=3,"IF(5=0,100,100*3/5)",60.0,"investigations_due = SUM of [Plant 04, Plant 05, Plant 06]; investigations_completed = SUM of [Plant 04, Plant 05, Plant 06]"
EHS-009,EHS investigation completion,%,Entity,Entity A2,2026-05,investigations_completed / investigations_due x 100 (100 if none due),investigations_due=5; investigations_completed=5,"IF(5=0,100,100*5/5)",100.0,"investigations_due = SUM of [Plant 04, Plant 05, Plant 06]; investigations_completed = SUM of [Plant 04, Plant 05, Plant 06]"
EHS-009,EHS investigation completion,%,Entity,Entity A2,2026-06,investigations_completed / investigations_due x 100 (100 if none due),investigations_due=5; investigations_completed=5,"IF(5=0,100,100*5/5)",100.0,"investigations_due = SUM of [Plant 04, Plant 05, Plant 06]; investigations_completed = SUM of [Plant 04, Plant 05, Plant 06]"
EHS-009,EHS investigation completion,%,Entity,Entity A2,2026-07,investigations_completed / investigations_due x 100 (100 if none due),investigations_due=3; investigations_completed=2,"IF(3=0,100,100*2/3)",66.67,"investigations_due = SUM of [Plant 04, Plant 05, Plant 06]; investigations_completed = SUM of [Plant 04, Plant 05, Plant 06]"
EHS-009,EHS investigation completion,%,Entity,Entity A2,2026-08,investigations_completed / investigations_due x 100 (100 if none due),investigations_due=8; investigations_completed=8,"IF(8=0,100,100*8/8)",100.0,"investigations_due = SUM of [Plant 04, Plant 05, Plant 06]; investigations_completed = SUM of [Plant 04, Plant 05, Plant 06]"
EHS-009,EHS investigation completion,%,Entity,Entity A2,2026-09,investigations_completed / investigations_due x 100 (100 if none due),investigations_due=0; investigations_completed=0,"IF(0=0,100,100*0/0)",100.0,"investigations_due = SUM of [Plant 04, Plant 05, Plant 06]; investigations_completed = SUM of [Plant 04, Plant 05, Plant 06]"
EHS-009,EHS investigation completion,%,Group,Group,2026-04,investigations_completed / investigations_due x 100 (100 if none due),investigations_due=9; investigations_completed=6,"IF(9=0,100,100*6/9)",66.67,"investigations_due = SUM of [Entity A1, Entity A2]; investigations_completed = SUM of [Entity A1, Entity A2]"
EHS-009,EHS investigation completion,%,Group,Group,2026-05,investigations_completed / investigations_due x 100 (100 if none due),investigations_due=8; investigations_completed=8,"IF(8=0,100,100*8/8)",100.0,"investigations_due = SUM of [Entity A1, Entity A2]; investigations_completed = SUM of [Entity A1, Entity A2]"
EHS-009,EHS investigation completion,%,Group,Group,2026-06,investigations_completed / investigations_due x 100 (100 if none due),investigations_due=9; investigations_completed=8,"IF(9=0,100,100*8/9)",88.89,"investigations_due = SUM of [Entity A1, Entity A2]; investigations_completed = SUM of [Entity A1, Entity A2]"
EHS-009,EHS investigation completion,%,Group,Group,2026-07,investigations_completed / investigations_due x 100 (100 if none due),investigations_due=7; investigations_completed=6,"IF(7=0,100,100*6/7)",85.71,"investigations_due = SUM of [Entity A1, Entity A2]; investigations_completed = SUM of [Entity A1, Entity A2]"
EHS-009,EHS investigation completion,%,Group,Group,2026-08,investigations_completed / investigations_due x 100 (100 if none due),investigations_due=11; investigations_completed=10,"IF(11=0,100,100*10/11)",90.91,"investigations_due = SUM of [Entity A1, Entity A2]; investigations_completed = SUM of [Entity A1, Entity A2]"
EHS-009,EHS investigation completion,%,Group,Group,2026-09,investigations_completed / investigations_due x 100 (100 if none due),investigations_due=4; investigations_completed=3,"IF(4=0,100,100*3/4)",75.0,"investigations_due = SUM of [Entity A1, Entity A2]; investigations_completed = SUM of [Entity A1, Entity A2]"
REG-006,Licence or permit expiry clock,days,Plant,Plant 01,2026-04,permit_days_to_expiry (MIN across children),permit_days_to_expiry=311,311,311,plant input (mock)
REG-006,Licence or permit expiry clock,days,Plant,Plant 01,2026-05,permit_days_to_expiry (MIN across children),permit_days_to_expiry=281,281,281,plant input (mock)
REG-006,Licence or permit expiry clock,days,Plant,Plant 01,2026-06,permit_days_to_expiry (MIN across children),permit_days_to_expiry=251,251,251,plant input (mock)
REG-006,Licence or permit expiry clock,days,Plant,Plant 01,2026-07,permit_days_to_expiry (MIN across children),permit_days_to_expiry=221,221,221,plant input (mock)
REG-006,Licence or permit expiry clock,days,Plant,Plant 01,2026-08,permit_days_to_expiry (MIN across children),permit_days_to_expiry=191,191,191,plant input (mock)
REG-006,Licence or permit expiry clock,days,Plant,Plant 01,2026-09,permit_days_to_expiry (MIN across children),permit_days_to_expiry=161,161,161,plant input (mock)
REG-006,Licence or permit expiry clock,days,Plant,Plant 02,2026-04,permit_days_to_expiry (MIN across children),permit_days_to_expiry=215,215,215,plant input (mock)
REG-006,Licence or permit expiry clock,days,Plant,Plant 02,2026-05,permit_days_to_expiry (MIN across children),permit_days_to_expiry=185,185,185,plant input (mock)
REG-006,Licence or permit expiry clock,days,Plant,Plant 02,2026-06,permit_days_to_expiry (MIN across children),permit_days_to_expiry=155,155,155,plant input (mock)
REG-006,Licence or permit expiry clock,days,Plant,Plant 02,2026-07,permit_days_to_expiry (MIN across children),permit_days_to_expiry=125,125,125,plant input (mock)
REG-006,Licence or permit expiry clock,days,Plant,Plant 02,2026-08,permit_days_to_expiry (MIN across children),permit_days_to_expiry=95,95,95,plant input (mock)
REG-006,Licence or permit expiry clock,days,Plant,Plant 02,2026-09,permit_days_to_expiry (MIN across children),permit_days_to_expiry=65,65,65,plant input (mock)
REG-006,Licence or permit expiry clock,days,Plant,Plant 03,2026-04,permit_days_to_expiry (MIN across children),permit_days_to_expiry=218,218,218,plant input (mock)
REG-006,Licence or permit expiry clock,days,Plant,Plant 03,2026-05,permit_days_to_expiry (MIN across children),permit_days_to_expiry=188,188,188,plant input (mock)
REG-006,Licence or permit expiry clock,days,Plant,Plant 03,2026-06,permit_days_to_expiry (MIN across children),permit_days_to_expiry=158,158,158,plant input (mock)
REG-006,Licence or permit expiry clock,days,Plant,Plant 03,2026-07,permit_days_to_expiry (MIN across children),permit_days_to_expiry=128,128,128,plant input (mock)
REG-006,Licence or permit expiry clock,days,Plant,Plant 03,2026-08,permit_days_to_expiry (MIN across children),permit_days_to_expiry=98,98,98,plant input (mock)
REG-006,Licence or permit expiry clock,days,Plant,Plant 03,2026-09,permit_days_to_expiry (MIN across children),permit_days_to_expiry=68,68,68,plant input (mock)
REG-006,Licence or permit expiry clock,days,Plant,Plant 04,2026-04,permit_days_to_expiry (MIN across children),permit_days_to_expiry=369,369,369,plant input (mock)
REG-006,Licence or permit expiry clock,days,Plant,Plant 04,2026-05,permit_days_to_expiry (MIN across children),permit_days_to_expiry=339,339,339,plant input (mock)
REG-006,Licence or permit expiry clock,days,Plant,Plant 04,2026-06,permit_days_to_expiry (MIN across children),permit_days_to_expiry=309,309,309,plant input (mock)
REG-006,Licence or permit expiry clock,days,Plant,Plant 04,2026-07,permit_days_to_expiry (MIN across children),permit_days_to_expiry=279,279,279,plant input (mock)
REG-006,Licence or permit expiry clock,days,Plant,Plant 04,2026-08,permit_days_to_expiry (MIN across children),permit_days_to_expiry=249,249,249,plant input (mock)
REG-006,Licence or permit expiry clock,days,Plant,Plant 04,2026-09,permit_days_to_expiry (MIN across children),permit_days_to_expiry=219,219,219,plant input (mock)
REG-006,Licence or permit expiry clock,days,Plant,Plant 05,2026-04,permit_days_to_expiry (MIN across children),permit_days_to_expiry=252,252,252,plant input (mock)
REG-006,Licence or permit expiry clock,days,Plant,Plant 05,2026-05,permit_days_to_expiry (MIN across children),permit_days_to_expiry=222,222,222,plant input (mock)
REG-006,Licence or permit expiry clock,days,Plant,Plant 05,2026-06,permit_days_to_expiry (MIN across children),permit_days_to_expiry=192,192,192,plant input (mock)
REG-006,Licence or permit expiry clock,days,Plant,Plant 05,2026-07,permit_days_to_expiry (MIN across children),permit_days_to_expiry=162,162,162,plant input (mock)
REG-006,Licence or permit expiry clock,days,Plant,Plant 05,2026-08,permit_days_to_expiry (MIN across children),permit_days_to_expiry=132,132,132,plant input (mock)
REG-006,Licence or permit expiry clock,days,Plant,Plant 05,2026-09,permit_days_to_expiry (MIN across children),permit_days_to_expiry=102,102,102,plant input (mock)
REG-006,Licence or permit expiry clock,days,Plant,Plant 06,2026-04,permit_days_to_expiry (MIN across children),permit_days_to_expiry=260,260,260,plant input (mock)
REG-006,Licence or permit expiry clock,days,Plant,Plant 06,2026-05,permit_days_to_expiry (MIN across children),permit_days_to_expiry=230,230,230,plant input (mock)
REG-006,Licence or permit expiry clock,days,Plant,Plant 06,2026-06,permit_days_to_expiry (MIN across children),permit_days_to_expiry=200,200,200,plant input (mock)
REG-006,Licence or permit expiry clock,days,Plant,Plant 06,2026-07,permit_days_to_expiry (MIN across children),permit_days_to_expiry=170,170,170,plant input (mock)
REG-006,Licence or permit expiry clock,days,Plant,Plant 06,2026-08,permit_days_to_expiry (MIN across children),permit_days_to_expiry=140,140,140,plant input (mock)
REG-006,Licence or permit expiry clock,days,Plant,Plant 06,2026-09,permit_days_to_expiry (MIN across children),permit_days_to_expiry=110,110,110,plant input (mock)
REG-006,Licence or permit expiry clock,days,Entity,Entity A1,2026-04,permit_days_to_expiry (MIN across children),permit_days_to_expiry=215,215,215,"permit_days_to_expiry = MIN of [Plant 01, Plant 02, Plant 03]"
REG-006,Licence or permit expiry clock,days,Entity,Entity A1,2026-05,permit_days_to_expiry (MIN across children),permit_days_to_expiry=185,185,185,"permit_days_to_expiry = MIN of [Plant 01, Plant 02, Plant 03]"
REG-006,Licence or permit expiry clock,days,Entity,Entity A1,2026-06,permit_days_to_expiry (MIN across children),permit_days_to_expiry=155,155,155,"permit_days_to_expiry = MIN of [Plant 01, Plant 02, Plant 03]"
REG-006,Licence or permit expiry clock,days,Entity,Entity A1,2026-07,permit_days_to_expiry (MIN across children),permit_days_to_expiry=125,125,125,"permit_days_to_expiry = MIN of [Plant 01, Plant 02, Plant 03]"
REG-006,Licence or permit expiry clock,days,Entity,Entity A1,2026-08,permit_days_to_expiry (MIN across children),permit_days_to_expiry=95,95,95,"permit_days_to_expiry = MIN of [Plant 01, Plant 02, Plant 03]"
REG-006,Licence or permit expiry clock,days,Entity,Entity A1,2026-09,permit_days_to_expiry (MIN across children),permit_days_to_expiry=65,65,65,"permit_days_to_expiry = MIN of [Plant 01, Plant 02, Plant 03]"
REG-006,Licence or permit expiry clock,days,Entity,Entity A2,2026-04,permit_days_to_expiry (MIN across children),permit_days_to_expiry=252,252,252,"permit_days_to_expiry = MIN of [Plant 04, Plant 05, Plant 06]"
REG-006,Licence or permit expiry clock,days,Entity,Entity A2,2026-05,permit_days_to_expiry (MIN across children),permit_days_to_expiry=222,222,222,"permit_days_to_expiry = MIN of [Plant 04, Plant 05, Plant 06]"
REG-006,Licence or permit expiry clock,days,Entity,Entity A2,2026-06,permit_days_to_expiry (MIN across children),permit_days_to_expiry=192,192,192,"permit_days_to_expiry = MIN of [Plant 04, Plant 05, Plant 06]"
REG-006,Licence or permit expiry clock,days,Entity,Entity A2,2026-07,permit_days_to_expiry (MIN across children),permit_days_to_expiry=162,162,162,"permit_days_to_expiry = MIN of [Plant 04, Plant 05, Plant 06]"
REG-006,Licence or permit expiry clock,days,Entity,Entity A2,2026-08,permit_days_to_expiry (MIN across children),permit_days_to_expiry=132,132,132,"permit_days_to_expiry = MIN of [Plant 04, Plant 05, Plant 06]"
REG-006,Licence or permit expiry clock,days,Entity,Entity A2,2026-09,permit_days_to_expiry (MIN across children),permit_days_to_expiry=102,102,102,"permit_days_to_expiry = MIN of [Plant 04, Plant 05, Plant 06]"
REG-006,Licence or permit expiry clock,days,Group,Group,2026-04,permit_days_to_expiry (MIN across children),permit_days_to_expiry=215,215,215,"permit_days_to_expiry = MIN of [Entity A1, Entity A2]"
REG-006,Licence or permit expiry clock,days,Group,Group,2026-05,permit_days_to_expiry (MIN across children),permit_days_to_expiry=185,185,185,"permit_days_to_expiry = MIN of [Entity A1, Entity A2]"
REG-006,Licence or permit expiry clock,days,Group,Group,2026-06,permit_days_to_expiry (MIN across children),permit_days_to_expiry=155,155,155,"permit_days_to_expiry = MIN of [Entity A1, Entity A2]"
REG-006,Licence or permit expiry clock,days,Group,Group,2026-07,permit_days_to_expiry (MIN across children),permit_days_to_expiry=125,125,125,"permit_days_to_expiry = MIN of [Entity A1, Entity A2]"
REG-006,Licence or permit expiry clock,days,Group,Group,2026-08,permit_days_to_expiry (MIN across children),permit_days_to_expiry=95,95,95,"permit_days_to_expiry = MIN of [Entity A1, Entity A2]"
REG-006,Licence or permit expiry clock,days,Group,Group,2026-09,permit_days_to_expiry (MIN across children),permit_days_to_expiry=65,65,65,"permit_days_to_expiry = MIN of [Entity A1, Entity A2]"
