kpi,scope,period,value
OPS-001,A1,2026-04,92.81
OPS-001,A1,2026-05,87.09
OPS-001,A1,2026-06,86.25
OPS-001,A1,2026-07,91.02
OPS-001,A1,2026-08,88.58
OPS-001,A1,2026-09,91.27
OPS-001,A2,2026-04,100.1
OPS-001,A2,2026-05,96.75
OPS-001,A2,2026-06,94.03
OPS-001,A2,2026-07,97.3
OPS-001,A2,2026-08,96.69
OPS-001,A2,2026-09,100.29
OPS-001,Plant01,2026-04,98.39
OPS-001,Plant01,2026-05,91.76
OPS-001,Plant01,2026-06,91.36
OPS-001,Plant01,2026-07,94.44
OPS-001,Plant01,2026-08,95.74
OPS-001,Plant01,2026-09,96.03
OPS-001,Plant02,2026-04,84.05
OPS-001,Plant02,2026-05,81.61
OPS-001,Plant02,2026-06,76.21
OPS-001,Plant02,2026-07,80.02
OPS-001,Plant02,2026-08,78.79
OPS-001,Plant02,2026-09,78.4
OPS-001,Plant03,2026-04,96.59
OPS-001,Plant03,2026-05,88.8
OPS-001,Plant03,2026-06,91.6
OPS-001,Plant03,2026-07,98.27
OPS-001,Plant03,2026-08,91.36
OPS-001,Plant03,2026-09,99.52
OPS-001,Plant04,2026-04,97.36
OPS-001,Plant04,2026-05,90.29
OPS-001,Plant04,2026-06,91.8
OPS-001,Plant04,2026-07,93.95
OPS-001,Plant04,2026-08,101.13
OPS-001,Plant04,2026-09,103.35
OPS-001,Plant05,2026-04,99.76
OPS-001,Plant05,2026-05,100.51
OPS-001,Plant05,2026-06,93.81
OPS-001,Plant05,2026-07,99.3
OPS-001,Plant05,2026-08,97.61
OPS-001,Plant05,2026-09,101.46
OPS-001,Plant06,2026-04,102.71
OPS-001,Plant06,2026-05,97.71
OPS-001,Plant06,2026-06,96.12
OPS-001,Plant06,2026-07,97.31
OPS-001,Plant06,2026-08,92.36
OPS-001,Plant06,2026-09,96.28
OPS-001,Group,2026-04,96.24
OPS-001,Group,2026-05,91.56
OPS-001,Group,2026-06,89.93
OPS-001,Group,2026-07,94.02
OPS-001,Group,2026-08,92.36
OPS-001,Group,2026-09,95.51
OPS-003,A1,2026-04,80.9
OPS-003,A1,2026-05,73.48
OPS-003,A1,2026-06,76.11
OPS-003,A1,2026-07,78.51
OPS-003,A1,2026-08,76.19
OPS-003,A1,2026-09,79.8
OPS-003,A2,2026-04,87.44
OPS-003,A2,2026-05,79.28
OPS-003,A2,2026-06,83.9
OPS-003,A2,2026-07,86.58
OPS-003,A2,2026-08,81.88
OPS-003,A2,2026-09,87.55
OPS-003,Plant01,2026-04,88.22
OPS-003,Plant01,2026-05,79.28
OPS-003,Plant01,2026-06,82.19
OPS-003,Plant01,2026-07,81.62
OPS-003,Plant01,2026-08,85.81
OPS-003,Plant01,2026-09,82.92
OPS-003,Plant02,2026-04,72.41
OPS-003,Plant02,2026-05,68.9
OPS-003,Plant02,2026-06,67.53
OPS-003,Plant02,2026-07,69.54
OPS-003,Plant02,2026-08,61.62
OPS-003,Plant02,2026-09,70.02
OPS-003,Plant03,2026-04,83.55
OPS-003,Plant03,2026-05,73.78
OPS-003,Plant03,2026-06,79.59
OPS-003,Plant03,2026-07,84.15
OPS-003,Plant03,2026-08,82.56
OPS-003,Plant03,2026-09,86.09
OPS-003,Plant04,2026-04,84.43
OPS-003,Plant04,2026-05,80.9
OPS-003,Plant04,2026-06,82.34
OPS-003,Plant04,2026-07,82.36
OPS-003,Plant04,2026-08,82.25
OPS-003,Plant04,2026-09,89.48
OPS-003,Plant05,2026-04,87.71
OPS-003,Plant05,2026-05,79.83
OPS-003,Plant05,2026-06,83.35
OPS-003,Plant05,2026-07,89.81
OPS-003,Plant05,2026-08,81.04
OPS-003,Plant05,2026-09,89.96
OPS-003,Plant06,2026-04,89.51
OPS-003,Plant06,2026-05,77.27
OPS-003,Plant06,2026-06,85.85
OPS-003,Plant06,2026-07,85.77
OPS-003,Plant06,2026-08,82.68
OPS-003,Plant06,2026-09,82.87
OPS-003,Group,2026-04,83.98
OPS-003,Group,2026-05,76.21
OPS-003,Group,2026-06,79.77
OPS-003,Group,2026-07,82.31
OPS-003,Group,2026-08,78.87
OPS-003,Group,2026-09,83.44
PLT-001,A1,2026-04,94.75
PLT-001,A1,2026-05,88.59
PLT-001,A1,2026-06,93.69
PLT-001,A1,2026-07,92.06
PLT-001,A1,2026-08,90.77
PLT-001,A1,2026-09,91.86
PLT-001,A2,2026-04,95.69
PLT-001,A2,2026-05,88.83
PLT-001,A2,2026-06,94.43
PLT-001,A2,2026-07,95.13
PLT-001,A2,2026-08,89.43
PLT-001,A2,2026-09,95.43
PLT-001,Plant01,2026-04,96.15
PLT-001,Plant01,2026-05,94.42
PLT-001,Plant01,2026-06,94.65
PLT-001,Plant01,2026-07,94.3
PLT-001,Plant01,2026-08,95.52
PLT-001,Plant01,2026-09,92.29
PLT-001,Plant02,2026-04,93.76
PLT-001,Plant02,2026-05,84.77
PLT-001,Plant02,2026-06,93.04
PLT-001,Plant02,2026-07,88.09
PLT-001,Plant02,2026-08,81.1
PLT-001,Plant02,2026-09,86.71
PLT-001,Plant03,2026-04,94.32
PLT-001,Plant03,2026-05,86.59
PLT-001,Plant03,2026-06,93.38
PLT-001,Plant03,2026-07,93.79
PLT-001,Plant03,2026-08,95.69
PLT-001,Plant03,2026-09,96.58
PLT-001,Plant04,2026-04,95.61
PLT-001,Plant04,2026-05,92.77
PLT-001,Plant04,2026-06,93.58
PLT-001,Plant04,2026-07,95.17
PLT-001,Plant04,2026-08,87.28
PLT-001,Plant04,2026-09,95.92
PLT-001,Plant05,2026-04,95.07
PLT-001,Plant05,2026-05,86.36
PLT-001,Plant05,2026-06,94.54
PLT-001,Plant05,2026-07,96.14
PLT-001,Plant05,2026-08,86.64
PLT-001,Plant05,2026-09,95.82
PLT-001,Plant06,2026-04,96.4
PLT-001,Plant06,2026-05,87.37
PLT-001,Plant06,2026-06,95.15
PLT-001,Plant06,2026-07,94.07
PLT-001,Plant06,2026-08,94.35
PLT-001,Plant06,2026-09,94.54
PLT-001,Group,2026-04,95.22
PLT-001,Group,2026-05,88.71
PLT-001,Group,2026-06,94.06
PLT-001,Group,2026-07,93.6
PLT-001,Group,2026-08,90.1
PLT-001,Group,2026-09,93.64
PLT-002,A1,2026-04,81.65
PLT-002,A1,2026-05,78.4
PLT-002,A1,2026-06,76.22
PLT-002,A1,2026-07,79.11
PLT-002,A1,2026-08,78.73
PLT-002,A1,2026-09,80.21
PLT-002,A2,2026-04,88.21
PLT-002,A2,2026-05,85.07
PLT-002,A2,2026-06,84.77
PLT-002,A2,2026-07,86.9
PLT-002,A2,2026-08,86.21
PLT-002,A2,2026-09,88.44
PLT-002,Plant01,2026-04,88.97
PLT-002,Plant01,2026-05,79.28
PLT-002,Plant01,2026-06,82.19
PLT-002,Plant01,2026-07,81.95
PLT-002,Plant01,2026-08,85.81
PLT-002,Plant01,2026-09,83.97
PLT-002,Plant02,2026-04,72.61
PLT-002,Plant02,2026-05,74.3
PLT-002,Plant02,2026-06,67.72
PLT-002,Plant02,2026-07,70.2
PLT-002,Plant02,2026-08,68.01
PLT-002,Plant02,2026-09,70.31
PLT-002,Plant03,2026-04,84.85
PLT-002,Plant03,2026-05,81.32
PLT-002,Plant03,2026-06,79.7
PLT-002,Plant03,2026-07,84.83
PLT-002,Plant03,2026-08,82.56
PLT-002,Plant03,2026-09,86.21
PLT-002,Plant04,2026-04,84.79
PLT-002,Plant04,2026-05,80.9
PLT-002,Plant04,2026-06,82.92
PLT-002,Plant04,2026-07,82.69
PLT-002,Plant04,2026-08,90.12
PLT-002,Plant04,2026-09,89.73
PLT-002,Plant05,2026-04,88.94
PLT-002,Plant05,2026-05,88.12
PLT-002,Plant05,2026-06,84.17
PLT-002,Plant05,2026-07,89.81
PLT-002,Plant05,2026-08,86.76
PLT-002,Plant05,2026-09,91.23
PLT-002,Plant06,2026-04,90.01
PLT-002,Plant06,2026-05,84.8
PLT-002,Plant06,2026-06,87.06
PLT-002,Plant06,2026-07,86.47
PLT-002,Plant06,2026-08,82.68
PLT-002,Plant06,2026-09,83.8
PLT-002,Group,2026-04,84.74
PLT-002,Group,2026-05,81.53
PLT-002,Group,2026-06,80.23
PLT-002,Group,2026-07,82.78
PLT-002,Group,2026-08,82.21
PLT-002,Group,2026-09,84.07
PLT-004,A1,2026-04,86.95
PLT-004,A1,2026-05,85.7
PLT-004,A1,2026-06,87.19
PLT-004,A1,2026-07,87.53
PLT-004,A1,2026-08,86.96
PLT-004,A1,2026-09,87.47
PLT-004,A2,2026-04,87.03
PLT-004,A2,2026-05,86.53
PLT-004,A2,2026-06,89.22
PLT-004,A2,2026-07,86.73
PLT-004,A2,2026-08,90.09
PLT-004,A2,2026-09,87.23
PLT-004,Plant01,2026-04,89.65
PLT-004,Plant01,2026-05,84.57
PLT-004,Plant01,2026-06,86.69
PLT-004,Plant01,2026-07,91.43
PLT-004,Plant01,2026-08,88.72
PLT-004,Plant01,2026-09,91.69
PLT-004,Plant02,2026-04,82.33
PLT-004,Plant02,2026-05,86.62
PLT-004,Plant02,2026-06,82.16
PLT-004,Plant02,2026-07,87.09
PLT-004,Plant02,2026-08,82.15
PLT-004,Plant02,2026-09,86.55
PLT-004,Plant03,2026-04,88.88
PLT-004,Plant03,2026-05,85.78
PLT-004,Plant03,2026-06,91.32
PLT-004,Plant03,2026-07,85.49
PLT-004,Plant03,2026-08,89.14
PLT-004,Plant03,2026-09,85.7
PLT-004,Plant04,2026-04,88.48
PLT-004,Plant04,2026-05,87.77
PLT-004,Plant04,2026-06,90.88
PLT-004,Plant04,2026-07,85.62
PLT-004,Plant04,2026-08,89.14
PLT-004,Plant04,2026-09,88.37
PLT-004,Plant05,2026-04,87.65
PLT-004,Plant05,2026-05,85.41
PLT-004,Plant05,2026-06,90.56
PLT-004,Plant05,2026-07,89.15
PLT-004,Plant05,2026-08,90.45
PLT-004,Plant05,2026-09,88.33
PLT-004,Plant06,2026-04,85.27
PLT-004,Plant06,2026-05,86.93
PLT-004,Plant06,2026-06,86.32
PLT-004,Plant06,2026-07,84.34
PLT-004,Plant06,2026-08,90.37
PLT-004,Plant06,2026-09,84.57
PLT-004,Group,2026-04,86.99
PLT-004,Group,2026-05,86.1
PLT-004,Group,2026-06,88.15
PLT-004,Group,2026-07,87.16
PLT-004,Group,2026-08,88.51
PLT-004,Group,2026-09,87.35
PLT-005,A1,2026-04,89.68
PLT-005,A1,2026-05,91.9
PLT-005,A1,2026-06,93.25
PLT-005,A1,2026-07,89.98
PLT-005,A1,2026-08,91.19
PLT-005,A1,2026-09,91.46
PLT-005,A2,2026-04,91.38
PLT-005,A2,2026-05,92.82
PLT-005,A2,2026-06,89.73
PLT-005,A2,2026-07,93.0
PLT-005,A2,2026-08,91.0
PLT-005,A2,2026-09,92.42
PLT-005,Plant01,2026-04,91.1
PLT-005,Plant01,2026-05,93.76
PLT-005,Plant01,2026-06,94.05
PLT-005,Plant01,2026-07,88.37
PLT-005,Plant01,2026-08,92.45
PLT-005,Plant01,2026-09,91.48
PLT-005,Plant02,2026-04,88.81
PLT-005,Plant02,2026-05,94.32
PLT-005,Plant02,2026-06,94.47
PLT-005,Plant02,2026-07,90.46
PLT-005,Plant02,2026-08,88.57
PLT-005,Plant02,2026-09,93.11
PLT-005,Plant03,2026-04,89.42
PLT-005,Plant03,2026-05,88.95
PLT-005,Plant03,2026-06,91.91
PLT-005,Plant03,2026-07,90.62
PLT-005,Plant03,2026-08,92.09
PLT-005,Plant03,2026-09,90.37
PLT-005,Plant04,2026-04,92.81
PLT-005,Plant04,2026-05,91.73
PLT-005,Plant04,2026-06,90.68
PLT-005,Plant04,2026-07,94.68
PLT-005,Plant04,2026-08,91.58
PLT-005,Plant04,2026-09,90.59
PLT-005,Plant05,2026-04,89.32
PLT-005,Plant05,2026-05,92.24
PLT-005,Plant05,2026-06,89.33
PLT-005,Plant05,2026-07,94.4
PLT-005,Plant05,2026-08,89.39
PLT-005,Plant05,2026-09,93.25
PLT-005,Plant06,2026-04,93.01
PLT-005,Plant06,2026-05,94.56
PLT-005,Plant06,2026-06,89.53
PLT-005,Plant06,2026-07,89.96
PLT-005,Plant06,2026-08,92.64
PLT-005,Plant06,2026-09,92.87
PLT-005,Group,2026-04,90.5
PLT-005,Group,2026-05,92.35
PLT-005,Group,2026-06,91.47
PLT-005,Group,2026-07,91.45
PLT-005,Group,2026-08,91.09
PLT-005,Group,2026-09,91.93
REL-001,A1,2026-04,227.39
REL-001,A1,2026-05,164.78
REL-001,A1,2026-06,202.37
REL-001,A1,2026-07,146.77
REL-001,A1,2026-08,202.6
REL-001,A1,2026-09,165.35
REL-001,A2,2026-04,413.4
REL-001,A2,2026-05,220.3
REL-001,A2,2026-06,291.37
REL-001,A2,2026-07,265.41
REL-001,A2,2026-08,221.78
REL-001,A2,2026-09,687.07
REL-001,Plant01,2026-04,346.15
REL-001,Plant01,2026-05,234.17
REL-001,Plant01,2026-06,340.75
REL-001,Plant01,2026-07,175.4
REL-001,Plant01,2026-08,355.35
REL-001,Plant01,2026-09,166.13
REL-001,Plant02,2026-04,135.02
REL-001,Plant02,2026-05,126.14
REL-001,Plant02,2026-06,167.48
REL-001,Plant02,2026-07,109.23
REL-001,Plant02,2026-08,150.85
REL-001,Plant02,2026-09,104.05
REL-001,Plant03,2026-04,339.55
REL-001,Plant03,2026-05,161.05
REL-001,Plant03,2026-06,168.08
REL-001,Plant03,2026-07,174.45
REL-001,Plant03,2026-08,177.98
REL-001,Plant03,2026-09,347.7
REL-001,Plant04,2026-04,344.2
REL-001,Plant04,2026-05,172.55
REL-001,Plant04,2026-06,224.6
REL-001,Plant04,2026-07,177.03
REL-001,Plant04,2026-08,649.4
REL-001,Plant04,2026-09,690.6
REL-001,Plant05,2026-04,342.25
REL-001,Plant05,2026-05,321.25
REL-001,Plant05,2026-06,226.9
REL-001,Plant05,2026-07,715.3
REL-001,Plant05,2026-08,161.15
REL-001,Plant05,2026-09,689.9
REL-001,Plant06,2026-04,694.1
REL-001,Plant06,2026-05,216.67
REL-001,Plant06,2026-06,685.1
REL-001,Plant06,2026-07,233.3
REL-001,Plant06,2026-08,175.5
REL-001,Plant06,2026-09,680.7
REL-001,Group,2026-04,293.82
REL-001,Group,2026-05,188.58
REL-001,Group,2026-06,239.02
REL-001,Group,2026-07,189.91
REL-001,Group,2026-08,211.68
REL-001,Group,2026-09,269.69
REL-002,A1,2026-04,5.26
REL-002,A1,2026-05,6.2
REL-002,A1,2026-06,7.04
REL-002,A1,2026-07,7.77
REL-002,A1,2026-08,8.18
REL-002,A1,2026-09,8.24
REL-002,A2,2026-04,4.76
REL-002,A2,2026-05,6.11
REL-002,A2,2026-06,5.91
REL-002,A2,2026-07,4.79
REL-002,A2,2026-08,5.49
REL-002,A2,2026-09,6.17
REL-002,Plant01,2026-04,3.55
REL-002,Plant01,2026-05,5.17
REL-002,Plant01,2026-06,7.35
REL-002,Plant01,2026-07,5.33
REL-002,Plant01,2026-08,7.0
REL-002,Plant01,2026-09,5.4
REL-002,Plant02,2026-04,5.72
REL-002,Plant02,2026-05,8.1
REL-002,Plant02,2026-06,8.15
REL-002,Plant02,2026-07,10.95
REL-002,Plant02,2026-08,11.7
REL-002,Plant02,2026-09,11.42
REL-002,Plant03,2026-04,5.8
REL-002,Plant03,2026-05,4.6
REL-002,Plant03,2026-06,5.78
REL-002,Plant03,2026-07,5.45
REL-002,Plant03,2026-08,5.25
REL-002,Plant03,2026-09,4.4
REL-002,Plant04,2026-04,3.4
REL-002,Plant04,2026-05,7.78
REL-002,Plant04,2026-06,8.47
REL-002,Plant04,2026-07,3.85
REL-002,Plant04,2026-08,4.1
REL-002,Plant04,2026-09,6.8
REL-002,Plant05,2026-04,6.95
REL-002,Plant05,2026-05,4.65
REL-002,Plant05,2026-06,4.0
REL-002,Plant05,2026-07,6.0
REL-002,Plant05,2026-08,7.63
REL-002,Plant05,2026-09,5.2
REL-002,Plant06,2026-04,3.1
REL-002,Plant06,2026-05,4.87
REL-002,Plant06,2026-06,4.0
REL-002,Plant06,2026-07,5.63
REL-002,Plant06,2026-08,3.7
REL-002,Plant06,2026-09,6.5
REL-002,Group,2026-04,5.08
REL-002,Group,2026-05,6.16
REL-002,Group,2026-06,6.58
REL-002,Group,2026-07,6.69
REL-002,Group,2026-08,6.91
REL-002,Group,2026-09,7.83
REL-003,A1,2026-04,62.8
REL-003,A1,2026-05,88.0
REL-003,A1,2026-06,85.7
REL-003,A1,2026-07,127.1
REL-003,A1,2026-08,96.2
REL-003,A1,2026-09,120.7
REL-003,A2,2026-04,41.1
REL-003,A2,2026-05,79.9
REL-003,A2,2026-06,56.3
REL-003,A2,2026-07,58.2
REL-003,A2,2026-08,67.8
REL-003,A2,2026-09,33.7
REL-003,Plant01,2026-04,13.3
REL-003,Plant01,2026-05,19.6
REL-003,Plant01,2026-06,18.6
REL-003,Plant01,2026-07,27.2
REL-003,Plant01,2026-08,19.1
REL-003,Plant01,2026-09,30.2
REL-003,Plant02,2026-04,31.0
REL-003,Plant02,2026-05,45.8
REL-003,Plant02,2026-06,37.1
REL-003,Plant02,2026-07,69.3
REL-003,Plant02,2026-08,53.5
REL-003,Plant02,2026-09,78.2
REL-003,Plant03,2026-04,18.5
REL-003,Plant03,2026-05,22.6
REL-003,Plant03,2026-06,30.0
REL-003,Plant03,2026-07,30.6
REL-003,Plant03,2026-08,23.6
REL-003,Plant03,2026-09,12.3
REL-003,Plant04,2026-04,13.3
REL-003,Plant04,2026-05,40.9
REL-003,Plant04,2026-06,33.6
REL-003,Plant04,2026-07,22.0
REL-003,Plant04,2026-08,9.4
REL-003,Plant04,2026-09,10.1
REL-003,Plant05,2026-04,17.0
REL-003,Plant05,2026-05,18.2
REL-003,Plant05,2026-06,15.1
REL-003,Plant05,2026-07,13.1
REL-003,Plant05,2026-08,34.9
REL-003,Plant05,2026-09,10.2
REL-003,Plant06,2026-04,10.8
REL-003,Plant06,2026-05,20.8
REL-003,Plant06,2026-06,7.6
REL-003,Plant06,2026-07,23.1
REL-003,Plant06,2026-08,23.5
REL-003,Plant06,2026-09,13.4
REL-003,Group,2026-04,103.9
REL-003,Group,2026-05,167.9
REL-003,Group,2026-06,142.0
REL-003,Group,2026-07,185.3
REL-003,Group,2026-08,164.0
REL-003,Group,2026-09,154.4
REL-004,A1,2026-04,11849.0
REL-004,A1,2026-05,16433.0
REL-004,A1,2026-06,16320.0
REL-004,A1,2026-07,23717.0
REL-004,A1,2026-08,18044.0
REL-004,A1,2026-09,21684.0
REL-004,A2,2026-04,6880.0
REL-004,A2,2026-05,12208.0
REL-004,A2,2026-06,8558.0
REL-004,A2,2026-07,9130.0
REL-004,A2,2026-08,12064.0
REL-004,A2,2026-09,5492.0
REL-004,Plant01,2026-04,1823.0
REL-004,Plant01,2026-05,2687.0
REL-004,Plant01,2026-06,2550.0
REL-004,Plant01,2026-07,3729.0
REL-004,Plant01,2026-08,2619.0
REL-004,Plant01,2026-09,4140.0
REL-004,Plant02,2026-04,5856.0
REL-004,Plant02,2026-05,8652.0
REL-004,Plant02,2026-06,7008.0
REL-004,Plant02,2026-07,13091.0
REL-004,Plant02,2026-08,10106.0
REL-004,Plant02,2026-09,14772.0
REL-004,Plant03,2026-04,4170.0
REL-004,Plant03,2026-05,5094.0
REL-004,Plant03,2026-06,6762.0
REL-004,Plant03,2026-07,6897.0
REL-004,Plant03,2026-08,5319.0
REL-004,Plant03,2026-09,2772.0
REL-004,Plant04,2026-04,1686.0
REL-004,Plant04,2026-05,5186.0
REL-004,Plant04,2026-06,4260.0
REL-004,Plant04,2026-07,2790.0
REL-004,Plant04,2026-08,1192.0
REL-004,Plant04,2026-09,1281.0
REL-004,Plant05,2026-04,3485.0
REL-004,Plant05,2026-05,3731.0
REL-004,Plant05,2026-06,3096.0
REL-004,Plant05,2026-07,2686.0
REL-004,Plant05,2026-08,7154.0
REL-004,Plant05,2026-09,2091.0
REL-004,Plant06,2026-04,1709.0
REL-004,Plant06,2026-05,3291.0
REL-004,Plant06,2026-06,1202.0
REL-004,Plant06,2026-07,3654.0
REL-004,Plant06,2026-08,3718.0
REL-004,Plant06,2026-09,2120.0
REL-004,Group,2026-04,18729.0
REL-004,Group,2026-05,28641.0
REL-004,Group,2026-06,24878.0
REL-004,Group,2026-07,32847.0
REL-004,Group,2026-08,30108.0
REL-004,Group,2026-09,27176.0
REL-005,A1,2026-04,93.5
REL-005,A1,2026-05,89.73
REL-005,A1,2026-06,92.54
REL-005,A1,2026-07,88.73
REL-005,A1,2026-08,97.39
REL-005,A1,2026-09,93.43
REL-005,A2,2026-04,93.43
REL-005,A2,2026-05,96.12
REL-005,A2,2026-06,96.9
REL-005,A2,2026-07,96.43
REL-005,A2,2026-08,99.15
REL-005,A2,2026-09,97.81
REL-005,Plant01,2026-04,97.3
REL-005,Plant01,2026-05,97.92
REL-005,Plant01,2026-06,93.75
REL-005,Plant01,2026-07,94.55
REL-005,Plant01,2026-08,96.88
REL-005,Plant01,2026-09,93.48
REL-005,Plant02,2026-04,85.0
REL-005,Plant02,2026-05,75.0
REL-005,Plant02,2026-06,86.11
REL-005,Plant02,2026-07,78.57
REL-005,Plant02,2026-08,94.87
REL-005,Plant02,2026-09,81.82
REL-005,Plant03,2026-04,97.83
REL-005,Plant03,2026-05,94.44
REL-005,Plant03,2026-06,96.0
REL-005,Plant03,2026-07,96.77
REL-005,Plant03,2026-08,100.0
REL-005,Plant03,2026-09,100.0
REL-005,Plant04,2026-04,93.48
REL-005,Plant04,2026-05,100.0
REL-005,Plant04,2026-06,94.74
REL-005,Plant04,2026-07,96.08
REL-005,Plant04,2026-08,97.06
REL-005,Plant04,2026-09,100.0
REL-005,Plant05,2026-04,92.31
REL-005,Plant05,2026-05,92.31
REL-005,Plant05,2026-06,97.37
REL-005,Plant05,2026-07,98.28
REL-005,Plant05,2026-08,100.0
REL-005,Plant05,2026-09,97.62
REL-005,Plant06,2026-04,94.87
REL-005,Plant06,2026-05,96.08
REL-005,Plant06,2026-06,100.0
REL-005,Plant06,2026-07,93.55
REL-005,Plant06,2026-08,100.0
REL-005,Plant06,2026-09,94.44
REL-005,Group,2026-04,93.46
REL-005,Group,2026-05,92.73
REL-005,Group,2026-06,94.68
REL-005,Group,2026-07,92.55
REL-005,Group,2026-08,98.28
REL-005,Group,2026-09,95.62
CST-001,A1,2026-04,3030.45
CST-001,A1,2026-05,3342.14
CST-001,A1,2026-06,3110.33
CST-001,A1,2026-07,2970.25
CST-001,A1,2026-08,3165.65
CST-001,A1,2026-09,2853.05
CST-001,A2,2026-04,3063.68
CST-001,A2,2026-05,2968.85
CST-001,A2,2026-06,3221.31
CST-001,A2,2026-07,3234.21
CST-001,A2,2026-08,3163.82
CST-001,A2,2026-09,3016.5
CST-001,Plant01,2026-04,2906.03
CST-001,Plant01,2026-05,3391.09
CST-001,Plant01,2026-06,3339.17
CST-001,Plant01,2026-07,2671.69
CST-001,Plant01,2026-08,3076.99
CST-001,Plant01,2026-09,2779.02
CST-001,Plant02,2026-04,2996.22
CST-001,Plant02,2026-05,3628.88
CST-001,Plant02,2026-06,3512.18
CST-001,Plant02,2026-07,3600.77
CST-001,Plant02,2026-08,3408.84
CST-001,Plant02,2026-09,3245.21
CST-001,Plant03,2026-04,3135.21
CST-001,Plant03,2026-05,3085.71
CST-001,Plant03,2026-06,2680.85
CST-001,Plant03,2026-07,2709.7
CST-001,Plant03,2026-08,3069.6
CST-001,Plant03,2026-09,2629.1
CST-001,Plant04,2026-04,3104.64
CST-001,Plant04,2026-05,3084.92
CST-001,Plant04,2026-06,3272.85
CST-001,Plant04,2026-07,3329.51
CST-001,Plant04,2026-08,2862.06
CST-001,Plant04,2026-09,3275.49
CST-001,Plant05,2026-04,3370.62
CST-001,Plant05,2026-05,2988.5
CST-001,Plant05,2026-06,3356.79
CST-001,Plant05,2026-07,3252.16
CST-001,Plant05,2026-08,3169.56
CST-001,Plant05,2026-09,3011.79
CST-001,Plant06,2026-04,2642.99
CST-001,Plant06,2026-05,2845.15
CST-001,Plant06,2026-06,3011.24
CST-001,Plant06,2026-07,3136.51
CST-001,Plant06,2026-08,3397.13
CST-001,Plant06,2026-09,2798.98
CST-001,Group,2026-04,3046.73
CST-001,Group,2026-05,3159.42
CST-001,Group,2026-06,3165.25
CST-001,Group,2026-07,3100.89
CST-001,Group,2026-08,3164.76
CST-001,Group,2026-09,2933.74
CST-002,A1,2026-04,969684.7
CST-002,A1,2026-05,1003677.6
CST-002,A1,2026-06,936612.8
CST-002,A1,2026-07,953215.4
CST-002,A1,2026-08,985820.0
CST-002,A1,2026-09,900069.4
CST-002,A2,2026-04,941704.0
CST-002,A2,2026-05,853640.3
CST-002,A2,2026-06,950150.4
CST-002,A2,2026-07,1017013.0
CST-002,A2,2026-08,940259.2
CST-002,A2,2026-09,927755.4
CST-002,Plant01,2026-04,251985.8
CST-002,Plant01,2026-05,272778.7
CST-002,Plant01,2026-06,269800.1
CST-002,Plant01,2026-07,221284.2
CST-002,Plant01,2026-08,268254.7
CST-002,Plant01,2026-09,226098.2
CST-002,Plant02,2026-04,293950.0
CST-002,Plant02,2026-05,350205.1
CST-002,Plant02,2026-06,321487.9
CST-002,Plant02,2026-07,350472.9
CST-002,Plant02,2026-08,293787.6
CST-002,Plant02,2026-09,308111.0
CST-002,Plant03,2026-04,423748.9
CST-002,Plant03,2026-05,380693.8
CST-002,Plant03,2026-06,345324.8
CST-002,Plant03,2026-07,381458.3
CST-002,Plant03,2026-08,423777.7
CST-002,Plant03,2026-09,365860.2
CST-002,Plant04,2026-04,238202.9
CST-002,Plant04,2026-05,233996.7
CST-002,Plant04,2026-06,245128.1
CST-002,Plant04,2026-07,257344.0
CST-002,Plant04,2026-08,220843.7
CST-002,Plant04,2026-09,266460.1
CST-002,Plant05,2026-04,435077.3
CST-002,Plant05,2026-05,362340.8
CST-002,Plant05,2026-06,411518.7
CST-002,Plant05,2026-07,444075.7
CST-002,Plant05,2026-08,390308.9
CST-002,Plant05,2026-09,398678.1
CST-002,Plant06,2026-04,268423.8
CST-002,Plant06,2026-05,257302.8
CST-002,Plant06,2026-06,293503.6
CST-002,Plant06,2026-07,315593.3
CST-002,Plant06,2026-08,329106.6
CST-002,Plant06,2026-09,262617.2
CST-002,Group,2026-04,1911388.7
CST-002,Group,2026-05,1857317.9
CST-002,Group,2026-06,1886763.2
CST-002,Group,2026-07,1970228.4
CST-002,Group,2026-08,1926079.2
CST-002,Group,2026-09,1827824.8
CST-003,A1,2026-04,232897.8
CST-003,A1,2026-05,266120.6
CST-003,A1,2026-06,240228.4
CST-003,A1,2026-07,250507.4
CST-003,A1,2026-08,298298.6
CST-003,A1,2026-09,218672.4
CST-003,A2,2026-04,257432.7
CST-003,A2,2026-05,226229.6
CST-003,A2,2026-06,274625.0
CST-003,A2,2026-07,313616.8
CST-003,A2,2026-08,246610.1
CST-003,A2,2026-09,240696.9
CST-003,Plant01,2026-04,62832.0
CST-003,Plant01,2026-05,79959.6
CST-003,Plant01,2026-06,63241.6
CST-003,Plant01,2026-07,64810.6
CST-003,Plant01,2026-08,78893.9
CST-003,Plant01,2026-09,50616.0
CST-003,Plant02,2026-04,67780.4
CST-003,Plant02,2026-05,97181.8
CST-003,Plant02,2026-06,71503.8
CST-003,Plant02,2026-07,93258.3
CST-003,Plant02,2026-08,89718.1
CST-003,Plant02,2026-09,70784.4
CST-003,Plant03,2026-04,102285.4
CST-003,Plant03,2026-05,88979.2
CST-003,Plant03,2026-06,105483.0
CST-003,Plant03,2026-07,92438.5
CST-003,Plant03,2026-08,129686.6
CST-003,Plant03,2026-09,97272.0
CST-003,Plant04,2026-04,62768.6
CST-003,Plant04,2026-05,64991.9
CST-003,Plant04,2026-06,77698.3
CST-003,Plant04,2026-07,81305.8
CST-003,Plant04,2026-08,64490.9
CST-003,Plant04,2026-09,82640.2
CST-003,Plant05,2026-04,128779.7
CST-003,Plant05,2026-05,89550.0
CST-003,Plant05,2026-06,126359.0
CST-003,Plant05,2026-07,131632.2
CST-003,Plant05,2026-08,92794.1
CST-003,Plant05,2026-09,92193.9
CST-003,Plant06,2026-04,65884.4
CST-003,Plant06,2026-05,71687.7
CST-003,Plant06,2026-06,70567.7
CST-003,Plant06,2026-07,100678.8
CST-003,Plant06,2026-08,89325.1
CST-003,Plant06,2026-09,65862.8
CST-003,Group,2026-04,490330.5
CST-003,Group,2026-05,492350.2
CST-003,Group,2026-06,514853.4
CST-003,Group,2026-07,564124.2
CST-003,Group,2026-08,544908.7
CST-003,Group,2026-09,459369.3
SUS-001,A1,2026-04,663733.0
SUS-001,A1,2026-05,702326.0
SUS-001,A1,2026-06,622781.0
SUS-001,A1,2026-07,738476.0
SUS-001,A1,2026-08,673374.0
SUS-001,A1,2026-09,741310.0
SUS-001,A2,2026-04,688999.0
SUS-001,A2,2026-05,579740.0
SUS-001,A2,2026-06,622878.0
SUS-001,A2,2026-07,660802.0
SUS-001,A2,2026-08,690325.0
SUS-001,A2,2026-09,708831.0
SUS-001,Plant01,2026-04,167244.0
SUS-001,Plant01,2026-05,205726.0
SUS-001,Plant01,2026-06,166424.0
SUS-001,Plant01,2026-07,180484.0
SUS-001,Plant01,2026-08,192091.0
SUS-001,Plant01,2026-09,148807.0
SUS-001,Plant02,2026-04,202909.0
SUS-001,Plant02,2026-05,176546.0
SUS-001,Plant02,2026-06,174177.0
SUS-001,Plant02,2026-07,204288.0
SUS-001,Plant02,2026-08,164589.0
SUS-001,Plant02,2026-09,245659.0
SUS-001,Plant03,2026-04,293580.0
SUS-001,Plant03,2026-05,320054.0
SUS-001,Plant03,2026-06,282180.0
SUS-001,Plant03,2026-07,353704.0
SUS-001,Plant03,2026-08,316694.0
SUS-001,Plant03,2026-09,346844.0
SUS-001,Plant04,2026-04,186852.0
SUS-001,Plant04,2026-05,165220.0
SUS-001,Plant04,2026-06,135852.0
SUS-001,Plant04,2026-07,154581.0
SUS-001,Plant04,2026-08,184195.0
SUS-001,Plant04,2026-09,178267.0
SUS-001,Plant05,2026-04,292639.0
SUS-001,Plant05,2026-05,244417.0
SUS-001,Plant05,2026-06,277551.0
SUS-001,Plant05,2026-07,285264.0
SUS-001,Plant05,2026-08,320464.0
SUS-001,Plant05,2026-09,299945.0
SUS-001,Plant06,2026-04,209508.0
SUS-001,Plant06,2026-05,170103.0
SUS-001,Plant06,2026-06,209475.0
SUS-001,Plant06,2026-07,220957.0
SUS-001,Plant06,2026-08,185666.0
SUS-001,Plant06,2026-09,230619.0
SUS-001,Group,2026-04,1352732.0
SUS-001,Group,2026-05,1282066.0
SUS-001,Group,2026-06,1245659.0
SUS-001,Group,2026-07,1399278.0
SUS-001,Group,2026-08,1363699.0
SUS-001,Group,2026-09,1450141.0
SUS-002,A1,2026-04,230681.0
SUS-002,A1,2026-05,188840.0
SUS-002,A1,2026-06,188173.0
SUS-002,A1,2026-07,190291.0
SUS-002,A1,2026-08,216415.0
SUS-002,A1,2026-09,219505.0
SUS-002,A2,2026-04,194946.0
SUS-002,A2,2026-05,193553.0
SUS-002,A2,2026-06,185948.0
SUS-002,A2,2026-07,207095.0
SUS-002,A2,2026-08,193997.0
SUS-002,A2,2026-09,208159.0
SUS-002,Plant01,2026-04,61316.0
SUS-002,Plant01,2026-05,53724.0
SUS-002,Plant01,2026-06,60010.0
SUS-002,Plant01,2026-07,54600.0
SUS-002,Plant01,2026-08,54889.0
SUS-002,Plant01,2026-09,59115.0
SUS-002,Plant02,2026-04,69227.0
SUS-002,Plant02,2026-05,62330.0
SUS-002,Plant02,2026-06,54970.0
SUS-002,Plant02,2026-07,57701.0
SUS-002,Plant02,2026-08,62319.0
SUS-002,Plant02,2026-09,68824.0
SUS-002,Plant03,2026-04,100138.0
SUS-002,Plant03,2026-05,72786.0
SUS-002,Plant03,2026-06,73193.0
SUS-002,Plant03,2026-07,77990.0
SUS-002,Plant03,2026-08,99207.0
SUS-002,Plant03,2026-09,91566.0
SUS-002,Plant04,2026-04,47773.0
SUS-002,Plant04,2026-05,55497.0
SUS-002,Plant04,2026-06,41790.0
SUS-002,Plant04,2026-07,45272.0
SUS-002,Plant04,2026-08,53673.0
SUS-002,Plant04,2026-09,58385.0
SUS-002,Plant05,2026-04,86136.0
SUS-002,Plant05,2026-05,74247.0
SUS-002,Plant05,2026-06,89682.0
SUS-002,Plant05,2026-07,93285.0
SUS-002,Plant05,2026-08,79520.0
SUS-002,Plant05,2026-09,86535.0
SUS-002,Plant06,2026-04,61037.0
SUS-002,Plant06,2026-05,63809.0
SUS-002,Plant06,2026-06,54476.0
SUS-002,Plant06,2026-07,68538.0
SUS-002,Plant06,2026-08,60804.0
SUS-002,Plant06,2026-09,63239.0
SUS-002,Group,2026-04,425627.0
SUS-002,Group,2026-05,382393.0
SUS-002,Group,2026-06,374121.0
SUS-002,Group,2026-07,397386.0
SUS-002,Group,2026-08,410412.0
SUS-002,Group,2026-09,427664.0
SUS-003,A1,2026-04,3.34
SUS-003,A1,2026-05,3.34
SUS-003,A1,2026-06,3.27
SUS-003,A1,2026-07,3.33
SUS-003,A1,2026-08,3.6
SUS-003,A1,2026-09,3.61
SUS-003,A2,2026-04,3.41
SUS-003,A2,2026-05,3.02
SUS-003,A2,2026-06,3.25
SUS-003,A2,2026-07,3.18
SUS-003,A2,2026-08,3.43
SUS-003,A2,2026-09,3.23
SUS-003,Plant01,2026-04,3.57
SUS-003,Plant01,2026-05,3.12
SUS-003,Plant01,2026-06,3.0
SUS-003,Plant01,2026-07,2.93
SUS-003,Plant01,2026-08,3.5
SUS-003,Plant01,2026-09,3.54
SUS-003,Plant02,2026-04,3.55
SUS-003,Plant02,2026-05,3.88
SUS-003,Plant02,2026-06,4.01
SUS-003,Plant02,2026-07,3.65
SUS-003,Plant02,2026-08,4.02
SUS-003,Plant02,2026-09,3.76
SUS-003,Plant03,2026-04,3.03
SUS-003,Plant03,2026-05,3.06
SUS-003,Plant03,2026-06,2.92
SUS-003,Plant03,2026-07,3.34
SUS-003,Plant03,2026-08,3.41
SUS-003,Plant03,2026-09,3.56
SUS-003,Plant04,2026-04,3.41
SUS-003,Plant04,2026-05,3.07
SUS-003,Plant04,2026-06,3.2
SUS-003,Plant04,2026-07,3.13
SUS-003,Plant04,2026-08,3.04
SUS-003,Plant04,2026-09,3.47
SUS-003,Plant05,2026-04,3.46
SUS-003,Plant05,2026-05,2.91
SUS-003,Plant05,2026-06,3.51
SUS-003,Plant05,2026-07,3.34
SUS-003,Plant05,2026-08,3.56
SUS-003,Plant05,2026-09,3.2
SUS-003,Plant06,2026-04,3.33
SUS-003,Plant06,2026-05,3.12
SUS-003,Plant06,2026-06,2.96
SUS-003,Plant06,2026-07,3.0
SUS-003,Plant06,2026-08,3.59
SUS-003,Plant06,2026-09,3.04
SUS-003,Group,2026-04,3.37
SUS-003,Group,2026-05,3.18
SUS-003,Group,2026-06,3.26
SUS-003,Group,2026-07,3.25
SUS-003,Group,2026-08,3.52
SUS-003,Group,2026-09,3.42
SIG-007,A1,2026-04,25809.0
SIG-007,A1,2026-05,43812.0
SIG-007,A1,2026-06,49614.0
SIG-007,A1,2026-07,30407.0
SIG-007,A1,2026-08,38187.0
SIG-007,A1,2026-09,30930.0
SIG-007,A2,2026-04,2688.0
SIG-007,A2,2026-05,12058.0
SIG-007,A2,2026-06,22567.0
SIG-007,A2,2026-07,8120.0
SIG-007,A2,2026-08,6633.0
SIG-007,A2,2026-09,5880.0
SIG-007,Plant01,2026-04,3223.0
SIG-007,Plant01,2026-05,5217.0
SIG-007,Plant01,2026-06,7297.0
SIG-007,Plant01,2026-07,5312.0
SIG-007,Plant01,2026-08,1480.0
SIG-007,Plant01,2026-09,3669.0
SIG-007,Plant02,2026-04,17173.0
SIG-007,Plant02,2026-05,20499.0
SIG-007,Plant02,2026-06,28075.0
SIG-007,Plant02,2026-07,22870.0
SIG-007,Plant02,2026-08,23073.0
SIG-007,Plant02,2026-09,24322.0
SIG-007,Plant03,2026-04,5413.0
SIG-007,Plant03,2026-05,18096.0
SIG-007,Plant03,2026-06,14242.0
SIG-007,Plant03,2026-07,2225.0
SIG-007,Plant03,2026-08,13634.0
SIG-007,Plant03,2026-09,2939.0
SIG-007,Plant04,2026-04,29.0
SIG-007,Plant04,2026-05,10015.0
SIG-007,Plant04,2026-06,6867.0
SIG-007,Plant04,2026-07,5005.0
SIG-007,Plant04,2026-08,806.0
SIG-007,Plant04,2026-09,0.0
SIG-007,Plant05,2026-04,2659.0
SIG-007,Plant05,2026-05,0.0
SIG-007,Plant05,2026-06,11194.0
SIG-007,Plant05,2026-07,1175.0
SIG-007,Plant05,2026-08,0.0
SIG-007,Plant05,2026-09,0.0
SIG-007,Plant06,2026-04,0.0
SIG-007,Plant06,2026-05,2043.0
SIG-007,Plant06,2026-06,4506.0
SIG-007,Plant06,2026-07,1940.0
SIG-007,Plant06,2026-08,5827.0
SIG-007,Plant06,2026-09,5880.0
SIG-007,Group,2026-04,28497.0
SIG-007,Group,2026-05,55870.0
SIG-007,Group,2026-06,72181.0
SIG-007,Group,2026-07,38527.0
SIG-007,Group,2026-08,44820.0
SIG-007,Group,2026-09,36810.0
SIG-008,A1,2026-04,4.0
SIG-008,A1,2026-05,6.0
SIG-008,A1,2026-06,5.0
SIG-008,A1,2026-07,2.0
SIG-008,A1,2026-08,7.0
SIG-008,A1,2026-09,5.0
SIG-008,A2,2026-04,4.0
SIG-008,A2,2026-05,0.0
SIG-008,A2,2026-06,4.0
SIG-008,A2,2026-07,1.0
SIG-008,A2,2026-08,4.0
SIG-008,A2,2026-09,2.0
SIG-008,Plant01,2026-04,1.0
SIG-008,Plant01,2026-05,1.0
SIG-008,Plant01,2026-06,2.0
SIG-008,Plant01,2026-07,0.0
SIG-008,Plant01,2026-08,2.0
SIG-008,Plant01,2026-09,0.0
SIG-008,Plant02,2026-04,2.0
SIG-008,Plant02,2026-05,4.0
SIG-008,Plant02,2026-06,2.0
SIG-008,Plant02,2026-07,2.0
SIG-008,Plant02,2026-08,3.0
SIG-008,Plant02,2026-09,4.0
SIG-008,Plant03,2026-04,1.0
SIG-008,Plant03,2026-05,1.0
SIG-008,Plant03,2026-06,1.0
SIG-008,Plant03,2026-07,0.0
SIG-008,Plant03,2026-08,2.0
SIG-008,Plant03,2026-09,1.0
SIG-008,Plant04,2026-04,0.0
SIG-008,Plant04,2026-05,0.0
SIG-008,Plant04,2026-06,0.0
SIG-008,Plant04,2026-07,1.0
SIG-008,Plant04,2026-08,0.0
SIG-008,Plant04,2026-09,0.0
SIG-008,Plant05,2026-04,2.0
SIG-008,Plant05,2026-05,0.0
SIG-008,Plant05,2026-06,2.0
SIG-008,Plant05,2026-07,0.0
SIG-008,Plant05,2026-08,2.0
SIG-008,Plant05,2026-09,1.0
SIG-008,Plant06,2026-04,2.0
SIG-008,Plant06,2026-05,0.0
SIG-008,Plant06,2026-06,2.0
SIG-008,Plant06,2026-07,0.0
SIG-008,Plant06,2026-08,2.0
SIG-008,Plant06,2026-09,1.0
SIG-008,Group,2026-04,8.0
SIG-008,Group,2026-05,6.0
SIG-008,Group,2026-06,9.0
SIG-008,Group,2026-07,3.0
SIG-008,Group,2026-08,11.0
SIG-008,Group,2026-09,7.0
SIG-009,A1,2026-04,1.0
SIG-009,A1,2026-05,0.0
SIG-009,A1,2026-06,1.0
SIG-009,A1,2026-07,2.0
SIG-009,A1,2026-08,3.0
SIG-009,A1,2026-09,4.0
SIG-009,A2,2026-04,2.0
SIG-009,A2,2026-05,3.0
SIG-009,A2,2026-06,0.0
SIG-009,A2,2026-07,4.0
SIG-009,A2,2026-08,3.0
SIG-009,A2,2026-09,1.0
SIG-009,Plant01,2026-04,0.0
SIG-009,Plant01,2026-05,0.0
SIG-009,Plant01,2026-06,0.0
SIG-009,Plant01,2026-07,1.0
SIG-009,Plant01,2026-08,2.0
SIG-009,Plant01,2026-09,2.0
SIG-009,Plant02,2026-04,1.0
SIG-009,Plant02,2026-05,0.0
SIG-009,Plant02,2026-06,1.0
SIG-009,Plant02,2026-07,0.0
SIG-009,Plant02,2026-08,0.0
SIG-009,Plant02,2026-09,1.0
SIG-009,Plant03,2026-04,0.0
SIG-009,Plant03,2026-05,0.0
SIG-009,Plant03,2026-06,0.0
SIG-009,Plant03,2026-07,1.0
SIG-009,Plant03,2026-08,1.0
SIG-009,Plant03,2026-09,1.0
SIG-009,Plant04,2026-04,2.0
SIG-009,Plant04,2026-05,2.0
SIG-009,Plant04,2026-06,0.0
SIG-009,Plant04,2026-07,1.0
SIG-009,Plant04,2026-08,2.0
SIG-009,Plant04,2026-09,0.0
SIG-009,Plant05,2026-04,0.0
SIG-009,Plant05,2026-05,1.0
SIG-009,Plant05,2026-06,0.0
SIG-009,Plant05,2026-07,1.0
SIG-009,Plant05,2026-08,1.0
SIG-009,Plant05,2026-09,0.0
SIG-009,Plant06,2026-04,0.0
SIG-009,Plant06,2026-05,0.0
SIG-009,Plant06,2026-06,0.0
SIG-009,Plant06,2026-07,2.0
SIG-009,Plant06,2026-08,0.0
SIG-009,Plant06,2026-09,1.0
SIG-009,Group,2026-04,3.0
SIG-009,Group,2026-05,3.0
SIG-009,Group,2026-06,1.0
SIG-009,Group,2026-07,6.0
SIG-009,Group,2026-08,6.0
SIG-009,Group,2026-09,5.0
SIG-012,A1,2026-04,5.26
SIG-012,A1,2026-05,6.3
SIG-012,A1,2026-06,8.6
SIG-012,A1,2026-07,7.61
SIG-012,A1,2026-08,10.09
SIG-012,A1,2026-09,10.91
SIG-012,A2,2026-04,6.6
SIG-012,A2,2026-05,8.19
SIG-012,A2,2026-06,6.48
SIG-012,A2,2026-07,8.33
SIG-012,A2,2026-08,5.82
SIG-012,A2,2026-09,6.1
SIG-012,Plant01,2026-04,5.7
SIG-012,Plant01,2026-05,3.91
SIG-012,Plant01,2026-06,7.43
SIG-012,Plant01,2026-07,4.55
SIG-012,Plant01,2026-08,8.26
SIG-012,Plant01,2026-09,7.5
SIG-012,Plant02,2026-04,5.88
SIG-012,Plant02,2026-05,10.66
SIG-012,Plant02,2026-06,10.82
SIG-012,Plant02,2026-07,11.63
SIG-012,Plant02,2026-08,15.09
SIG-012,Plant02,2026-09,16.0
SIG-012,Plant03,2026-04,3.85
SIG-012,Plant03,2026-05,5.22
SIG-012,Plant03,2026-06,7.18
SIG-012,Plant03,2026-07,8.22
SIG-012,Plant03,2026-08,3.25
SIG-012,Plant03,2026-09,7.48
SIG-012,Plant04,2026-04,8.64
SIG-012,Plant04,2026-05,8.45
SIG-012,Plant04,2026-06,7.41
SIG-012,Plant04,2026-07,8.7
SIG-012,Plant04,2026-08,8.37
SIG-012,Plant04,2026-09,7.1
SIG-012,Plant05,2026-04,7.46
SIG-012,Plant05,2026-05,8.05
SIG-012,Plant05,2026-06,7.23
SIG-012,Plant05,2026-07,8.38
SIG-012,Plant05,2026-08,5.95
SIG-012,Plant05,2026-09,7.58
SIG-012,Plant06,2026-04,3.26
SIG-012,Plant06,2026-05,8.11
SIG-012,Plant06,2026-06,4.57
SIG-012,Plant06,2026-07,7.84
SIG-012,Plant06,2026-08,3.46
SIG-012,Plant06,2026-09,2.4
SIG-012,Group,2026-04,5.98
SIG-012,Group,2026-05,7.08
SIG-012,Group,2026-06,7.48
SIG-012,Group,2026-07,7.98
SIG-012,Group,2026-08,7.63
SIG-012,Group,2026-09,8.66
SIG-021,A1,2026-04,0.0
SIG-021,A1,2026-05,0.0
SIG-021,A1,2026-06,0.0
SIG-021,A1,2026-07,0.0
SIG-021,A1,2026-08,0.0
SIG-021,A1,2026-09,0.0
SIG-021,A2,2026-04,1.0
SIG-021,A2,2026-05,0.0
SIG-021,A2,2026-06,1.0
SIG-021,A2,2026-07,0.0
SIG-021,A2,2026-08,0.0
SIG-021,A2,2026-09,0.0
SIG-021,Plant01,2026-04,0.0
SIG-021,Plant01,2026-05,0.0
SIG-021,Plant01,2026-06,0.0
SIG-021,Plant01,2026-07,0.0
SIG-021,Plant01,2026-08,0.0
SIG-021,Plant01,2026-09,0.0
SIG-021,Plant02,2026-04,0.0
SIG-021,Plant02,2026-05,0.0
SIG-021,Plant02,2026-06,0.0
SIG-021,Plant02,2026-07,0.0
SIG-021,Plant02,2026-08,0.0
SIG-021,Plant02,2026-09,0.0
SIG-021,Plant03,2026-04,0.0
SIG-021,Plant03,2026-05,0.0
SIG-021,Plant03,2026-06,0.0
SIG-021,Plant03,2026-07,0.0
SIG-021,Plant03,2026-08,0.0
SIG-021,Plant03,2026-09,0.0
SIG-021,Plant04,2026-04,0.0
SIG-021,Plant04,2026-05,0.0
SIG-021,Plant04,2026-06,0.0
SIG-021,Plant04,2026-07,0.0
SIG-021,Plant04,2026-08,0.0
SIG-021,Plant04,2026-09,0.0
SIG-021,Plant05,2026-04,0.0
SIG-021,Plant05,2026-05,0.0
SIG-021,Plant05,2026-06,1.0
SIG-021,Plant05,2026-07,0.0
SIG-021,Plant05,2026-08,0.0
SIG-021,Plant05,2026-09,0.0
SIG-021,Plant06,2026-04,1.0
SIG-021,Plant06,2026-05,0.0
SIG-021,Plant06,2026-06,0.0
SIG-021,Plant06,2026-07,0.0
SIG-021,Plant06,2026-08,0.0
SIG-021,Plant06,2026-09,0.0
SIG-021,Group,2026-04,1.0
SIG-021,Group,2026-05,0.0
SIG-021,Group,2026-06,1.0
SIG-021,Group,2026-07,0.0
SIG-021,Group,2026-08,0.0
SIG-021,Group,2026-09,0.0
EHS-001,A1,2026-04,0.0
EHS-001,A1,2026-05,1.9
EHS-001,A1,2026-06,2.67
EHS-001,A1,2026-07,1.72
EHS-001,A1,2026-08,2.07
EHS-001,A1,2026-09,0.91
EHS-001,A2,2026-04,1.68
EHS-001,A2,2026-05,1.85
EHS-001,A2,2026-06,1.83
EHS-001,A2,2026-07,0.94
EHS-001,A2,2026-08,1.03
EHS-001,A2,2026-09,0.0
EHS-001,Plant01,2026-04,0.0
EHS-001,Plant01,2026-05,0.0
EHS-001,Plant01,2026-06,2.2
EHS-001,Plant01,2026-07,2.63
EHS-001,Plant01,2026-08,3.57
EHS-001,Plant01,2026-09,0.0
EHS-001,Plant02,2026-04,0.0
EHS-001,Plant02,2026-05,2.9
EHS-001,Plant02,2026-06,3.23
EHS-001,Plant02,2026-07,0.0
EHS-001,Plant02,2026-08,0.0
EHS-001,Plant02,2026-09,0.0
EHS-001,Plant03,2026-04,0.0
EHS-001,Plant03,2026-05,2.63
EHS-001,Plant03,2026-06,2.78
EHS-001,Plant03,2026-07,2.27
EHS-001,Plant03,2026-08,2.94
EHS-001,Plant03,2026-09,2.9
EHS-001,Plant04,2026-04,0.0
EHS-001,Plant04,2026-05,5.13
EHS-001,Plant04,2026-06,0.0
EHS-001,Plant04,2026-07,0.0
EHS-001,Plant04,2026-08,0.0
EHS-001,Plant04,2026-09,0.0
EHS-001,Plant05,2026-04,4.55
EHS-001,Plant05,2026-05,0.0
EHS-001,Plant05,2026-06,6.25
EHS-001,Plant05,2026-07,3.08
EHS-001,Plant05,2026-08,0.0
EHS-001,Plant05,2026-09,0.0
EHS-001,Plant06,2026-04,0.0
EHS-001,Plant06,2026-05,0.0
EHS-001,Plant06,2026-06,0.0
EHS-001,Plant06,2026-07,0.0
EHS-001,Plant06,2026-08,3.51
EHS-001,Plant06,2026-09,0.0
EHS-001,Group,2026-04,0.87
EHS-001,Group,2026-05,1.87
EHS-001,Group,2026-06,2.26
EHS-001,Group,2026-07,1.35
EHS-001,Group,2026-08,1.55
EHS-001,Group,2026-09,0.47
EHS-002,A1,2026-04,1.0
EHS-002,A1,2026-05,0.0
EHS-002,A1,2026-06,0.0
EHS-002,A1,2026-07,1.0
EHS-002,A1,2026-08,1.0
EHS-002,A1,2026-09,1.0
EHS-002,A2,2026-04,0.0
EHS-002,A2,2026-05,1.0
EHS-002,A2,2026-06,0.0
EHS-002,A2,2026-07,1.0
EHS-002,A2,2026-08,0.0
EHS-002,A2,2026-09,2.0
EHS-002,Plant01,2026-04,1.0
EHS-002,Plant01,2026-05,0.0
EHS-002,Plant01,2026-06,0.0
EHS-002,Plant01,2026-07,0.0
EHS-002,Plant01,2026-08,0.0
EHS-002,Plant01,2026-09,1.0
EHS-002,Plant02,2026-04,0.0
EHS-002,Plant02,2026-05,0.0
EHS-002,Plant02,2026-06,0.0
EHS-002,Plant02,2026-07,1.0
EHS-002,Plant02,2026-08,1.0
EHS-002,Plant02,2026-09,0.0
EHS-002,Plant03,2026-04,0.0
EHS-002,Plant03,2026-05,0.0
EHS-002,Plant03,2026-06,0.0
EHS-002,Plant03,2026-07,0.0
EHS-002,Plant03,2026-08,0.0
EHS-002,Plant03,2026-09,0.0
EHS-002,Plant04,2026-04,0.0
EHS-002,Plant04,2026-05,0.0
EHS-002,Plant04,2026-06,0.0
EHS-002,Plant04,2026-07,1.0
EHS-002,Plant04,2026-08,0.0
EHS-002,Plant04,2026-09,0.0
EHS-002,Plant05,2026-04,0.0
EHS-002,Plant05,2026-05,0.0
EHS-002,Plant05,2026-06,0.0
EHS-002,Plant05,2026-07,0.0
EHS-002,Plant05,2026-08,0.0
EHS-002,Plant05,2026-09,1.0
EHS-002,Plant06,2026-04,0.0
EHS-002,Plant06,2026-05,1.0
EHS-002,Plant06,2026-06,0.0
EHS-002,Plant06,2026-07,0.0
EHS-002,Plant06,2026-08,0.0
EHS-002,Plant06,2026-09,1.0
EHS-002,Group,2026-04,1.0
EHS-002,Group,2026-05,1.0
EHS-002,Group,2026-06,0.0
EHS-002,Group,2026-07,2.0
EHS-002,Group,2026-08,1.0
EHS-002,Group,2026-09,3.0
EHS-003,A1,2026-04,21.0
EHS-003,A1,2026-05,18.0
EHS-003,A1,2026-06,22.0
EHS-003,A1,2026-07,19.0
EHS-003,A1,2026-08,19.0
EHS-003,A1,2026-09,20.0
EHS-003,A2,2026-04,18.0
EHS-003,A2,2026-05,28.0
EHS-003,A2,2026-06,22.0
EHS-003,A2,2026-07,13.0
EHS-003,A2,2026-08,23.0
EHS-003,A2,2026-09,21.0
EHS-003,Plant01,2026-04,10.0
EHS-003,Plant01,2026-05,4.0
EHS-003,Plant01,2026-06,10.0
EHS-003,Plant01,2026-07,9.0
EHS-003,Plant01,2026-08,6.0
EHS-003,Plant01,2026-09,9.0
EHS-003,Plant02,2026-04,6.0
EHS-003,Plant02,2026-05,4.0
EHS-003,Plant02,2026-06,4.0
EHS-003,Plant02,2026-07,6.0
EHS-003,Plant02,2026-08,5.0
EHS-003,Plant02,2026-09,2.0
EHS-003,Plant03,2026-04,5.0
EHS-003,Plant03,2026-05,10.0
EHS-003,Plant03,2026-06,8.0
EHS-003,Plant03,2026-07,4.0
EHS-003,Plant03,2026-08,8.0
EHS-003,Plant03,2026-09,9.0
EHS-003,Plant04,2026-04,5.0
EHS-003,Plant04,2026-05,8.0
EHS-003,Plant04,2026-06,11.0
EHS-003,Plant04,2026-07,4.0
EHS-003,Plant04,2026-08,2.0
EHS-003,Plant04,2026-09,3.0
EHS-003,Plant05,2026-04,3.0
EHS-003,Plant05,2026-05,12.0
EHS-003,Plant05,2026-06,6.0
EHS-003,Plant05,2026-07,3.0
EHS-003,Plant05,2026-08,11.0
EHS-003,Plant05,2026-09,9.0
EHS-003,Plant06,2026-04,10.0
EHS-003,Plant06,2026-05,8.0
EHS-003,Plant06,2026-06,5.0
EHS-003,Plant06,2026-07,6.0
EHS-003,Plant06,2026-08,10.0
EHS-003,Plant06,2026-09,9.0
EHS-003,Group,2026-04,39.0
EHS-003,Group,2026-05,46.0
EHS-003,Group,2026-06,44.0
EHS-003,Group,2026-07,32.0
EHS-003,Group,2026-08,42.0
EHS-003,Group,2026-09,41.0
EHS-004,A1,2026-04,0.0
EHS-004,A1,2026-05,0.0
EHS-004,A1,2026-06,0.0
EHS-004,A1,2026-07,0.0
EHS-004,A1,2026-08,1.0
EHS-004,A1,2026-09,0.0
EHS-004,A2,2026-04,0.0
EHS-004,A2,2026-05,1.0
EHS-004,A2,2026-06,0.0
EHS-004,A2,2026-07,0.0
EHS-004,A2,2026-08,0.0
EHS-004,A2,2026-09,0.0
EHS-004,Plant01,2026-04,0.0
EHS-004,Plant01,2026-05,0.0
EHS-004,Plant01,2026-06,0.0
EHS-004,Plant01,2026-07,0.0
EHS-004,Plant01,2026-08,0.0
EHS-004,Plant01,2026-09,0.0
EHS-004,Plant02,2026-04,0.0
EHS-004,Plant02,2026-05,0.0
EHS-004,Plant02,2026-06,0.0
EHS-004,Plant02,2026-07,0.0
EHS-004,Plant02,2026-08,1.0
EHS-004,Plant02,2026-09,0.0
EHS-004,Plant03,2026-04,0.0
EHS-004,Plant03,2026-05,0.0
EHS-004,Plant03,2026-06,0.0
EHS-004,Plant03,2026-07,0.0
EHS-004,Plant03,2026-08,0.0
EHS-004,Plant03,2026-09,0.0
EHS-004,Plant04,2026-04,0.0
EHS-004,Plant04,2026-05,0.0
EHS-004,Plant04,2026-06,0.0
EHS-004,Plant04,2026-07,0.0
EHS-004,Plant04,2026-08,0.0
EHS-004,Plant04,2026-09,0.0
EHS-004,Plant05,2026-04,0.0
EHS-004,Plant05,2026-05,0.0
EHS-004,Plant05,2026-06,0.0
EHS-004,Plant05,2026-07,0.0
EHS-004,Plant05,2026-08,0.0
EHS-004,Plant05,2026-09,0.0
EHS-004,Plant06,2026-04,0.0
EHS-004,Plant06,2026-05,1.0
EHS-004,Plant06,2026-06,0.0
EHS-004,Plant06,2026-07,0.0
EHS-004,Plant06,2026-08,0.0
EHS-004,Plant06,2026-09,0.0
EHS-004,Group,2026-04,0.0
EHS-004,Group,2026-05,1.0
EHS-004,Group,2026-06,0.0
EHS-004,Group,2026-07,0.0
EHS-004,Group,2026-08,1.0
EHS-004,Group,2026-09,0.0
EHS-005,A1,2026-04,1.0
EHS-005,A1,2026-05,1.0
EHS-005,A1,2026-06,1.0
EHS-005,A1,2026-07,2.0
EHS-005,A1,2026-08,0.0
EHS-005,A1,2026-09,1.0
EHS-005,A2,2026-04,1.0
EHS-005,A2,2026-05,0.0
EHS-005,A2,2026-06,0.0
EHS-005,A2,2026-07,1.0
EHS-005,A2,2026-08,1.0
EHS-005,A2,2026-09,1.0
EHS-005,Plant01,2026-04,0.0
EHS-005,Plant01,2026-05,0.0
EHS-005,Plant01,2026-06,1.0
EHS-005,Plant01,2026-07,1.0
EHS-005,Plant01,2026-08,0.0
EHS-005,Plant01,2026-09,0.0
EHS-005,Plant02,2026-04,0.0
EHS-005,Plant02,2026-05,0.0
EHS-005,Plant02,2026-06,0.0
EHS-005,Plant02,2026-07,1.0
EHS-005,Plant02,2026-08,0.0
EHS-005,Plant02,2026-09,1.0
EHS-005,Plant03,2026-04,1.0
EHS-005,Plant03,2026-05,1.0
EHS-005,Plant03,2026-06,0.0
EHS-005,Plant03,2026-07,0.0
EHS-005,Plant03,2026-08,0.0
EHS-005,Plant03,2026-09,0.0
EHS-005,Plant04,2026-04,0.0
EHS-005,Plant04,2026-05,0.0
EHS-005,Plant04,2026-06,0.0
EHS-005,Plant04,2026-07,1.0
EHS-005,Plant04,2026-08,1.0
EHS-005,Plant04,2026-09,1.0
EHS-005,Plant05,2026-04,0.0
EHS-005,Plant05,2026-05,0.0
EHS-005,Plant05,2026-06,0.0
EHS-005,Plant05,2026-07,0.0
EHS-005,Plant05,2026-08,0.0
EHS-005,Plant05,2026-09,0.0
EHS-005,Plant06,2026-04,1.0
EHS-005,Plant06,2026-05,0.0
EHS-005,Plant06,2026-06,0.0
EHS-005,Plant06,2026-07,0.0
EHS-005,Plant06,2026-08,0.0
EHS-005,Plant06,2026-09,0.0
EHS-005,Group,2026-04,2.0
EHS-005,Group,2026-05,1.0
EHS-005,Group,2026-06,1.0
EHS-005,Group,2026-07,3.0
EHS-005,Group,2026-08,1.0
EHS-005,Group,2026-09,2.0
EHS-006,A1,2026-04,25.0
EHS-006,A1,2026-05,26.0
EHS-006,A1,2026-06,23.0
EHS-006,A1,2026-07,24.0
EHS-006,A1,2026-08,18.0
EHS-006,A1,2026-09,28.0
EHS-006,A2,2026-04,35.0
EHS-006,A2,2026-05,32.0
EHS-006,A2,2026-06,22.0
EHS-006,A2,2026-07,36.0
EHS-006,A2,2026-08,26.0
EHS-006,A2,2026-09,17.0
EHS-006,Plant01,2026-04,14.0
EHS-006,Plant01,2026-05,11.0
EHS-006,Plant01,2026-06,5.0
EHS-006,Plant01,2026-07,4.0
EHS-006,Plant01,2026-08,5.0
EHS-006,Plant01,2026-09,14.0
EHS-006,Plant02,2026-04,6.0
EHS-006,Plant02,2026-05,5.0
EHS-006,Plant02,2026-06,5.0
EHS-006,Plant02,2026-07,7.0
EHS-006,Plant02,2026-08,8.0
EHS-006,Plant02,2026-09,6.0
EHS-006,Plant03,2026-04,5.0
EHS-006,Plant03,2026-05,10.0
EHS-006,Plant03,2026-06,13.0
EHS-006,Plant03,2026-07,13.0
EHS-006,Plant03,2026-08,5.0
EHS-006,Plant03,2026-09,8.0
EHS-006,Plant04,2026-04,14.0
EHS-006,Plant04,2026-05,14.0
EHS-006,Plant04,2026-06,7.0
EHS-006,Plant04,2026-07,13.0
EHS-006,Plant04,2026-08,12.0
EHS-006,Plant04,2026-09,6.0
EHS-006,Plant05,2026-04,12.0
EHS-006,Plant05,2026-05,12.0
EHS-006,Plant05,2026-06,3.0
EHS-006,Plant05,2026-07,14.0
EHS-006,Plant05,2026-08,8.0
EHS-006,Plant05,2026-09,6.0
EHS-006,Plant06,2026-04,9.0
EHS-006,Plant06,2026-05,6.0
EHS-006,Plant06,2026-06,12.0
EHS-006,Plant06,2026-07,9.0
EHS-006,Plant06,2026-08,6.0
EHS-006,Plant06,2026-09,5.0
EHS-006,Group,2026-04,60.0
EHS-006,Group,2026-05,58.0
EHS-006,Group,2026-06,45.0
EHS-006,Group,2026-07,60.0
EHS-006,Group,2026-08,44.0
EHS-006,Group,2026-09,45.0
EHS-007,A1,2026-04,7.0
EHS-007,A1,2026-05,5.0
EHS-007,A1,2026-06,4.0
EHS-007,A1,2026-07,5.0
EHS-007,A1,2026-08,1.0
EHS-007,A1,2026-09,7.0
EHS-007,A2,2026-04,5.0
EHS-007,A2,2026-05,9.0
EHS-007,A2,2026-06,4.0
EHS-007,A2,2026-07,7.0
EHS-007,A2,2026-08,2.0
EHS-007,A2,2026-09,2.0
EHS-007,Plant01,2026-04,4.0
EHS-007,Plant01,2026-05,2.0
EHS-007,Plant01,2026-06,1.0
EHS-007,Plant01,2026-07,1.0
EHS-007,Plant01,2026-08,0.0
EHS-007,Plant01,2026-09,4.0
EHS-007,Plant02,2026-04,2.0
EHS-007,Plant02,2026-05,1.0
EHS-007,Plant02,2026-06,0.0
EHS-007,Plant02,2026-07,0.0
EHS-007,Plant02,2026-08,1.0
EHS-007,Plant02,2026-09,1.0
EHS-007,Plant03,2026-04,1.0
EHS-007,Plant03,2026-05,2.0
EHS-007,Plant03,2026-06,3.0
EHS-007,Plant03,2026-07,4.0
EHS-007,Plant03,2026-08,0.0
EHS-007,Plant03,2026-09,2.0
EHS-007,Plant04,2026-04,4.0
EHS-007,Plant04,2026-05,4.0
EHS-007,Plant04,2026-06,1.0
EHS-007,Plant04,2026-07,2.0
EHS-007,Plant04,2026-08,1.0
EHS-007,Plant04,2026-09,1.0
EHS-007,Plant05,2026-04,0.0
EHS-007,Plant05,2026-05,3.0
EHS-007,Plant05,2026-06,1.0
EHS-007,Plant05,2026-07,4.0
EHS-007,Plant05,2026-08,1.0
EHS-007,Plant05,2026-09,0.0
EHS-007,Plant06,2026-04,1.0
EHS-007,Plant06,2026-05,2.0
EHS-007,Plant06,2026-06,2.0
EHS-007,Plant06,2026-07,1.0
EHS-007,Plant06,2026-08,0.0
EHS-007,Plant06,2026-09,1.0
EHS-007,Group,2026-04,12.0
EHS-007,Group,2026-05,14.0
EHS-007,Group,2026-06,8.0
EHS-007,Group,2026-07,12.0
EHS-007,Group,2026-08,3.0
EHS-007,Group,2026-09,9.0
EHS-009,A1,2026-04,75.0
EHS-009,A1,2026-05,100.0
EHS-009,A1,2026-06,75.0
EHS-009,A1,2026-07,100.0
EHS-009,A1,2026-08,66.67
EHS-009,A1,2026-09,75.0
EHS-009,A2,2026-04,60.0
EHS-009,A2,2026-05,100.0
EHS-009,A2,2026-06,100.0
EHS-009,A2,2026-07,66.67
EHS-009,A2,2026-08,100.0
EHS-009,A2,2026-09,100.0
EHS-009,Plant01,2026-04,100.0
EHS-009,Plant01,2026-05,100.0
EHS-009,Plant01,2026-06,100.0
EHS-009,Plant01,2026-07,100.0
EHS-009,Plant01,2026-08,100.0
EHS-009,Plant01,2026-09,100.0
EHS-009,Plant02,2026-04,100.0
EHS-009,Plant02,2026-05,100.0
EHS-009,Plant02,2026-06,50.0
EHS-009,Plant02,2026-07,100.0
EHS-009,Plant02,2026-08,100.0
EHS-009,Plant02,2026-09,50.0
EHS-009,Plant03,2026-04,0.0
EHS-009,Plant03,2026-05,100.0
EHS-009,Plant03,2026-06,100.0
EHS-009,Plant03,2026-07,100.0
EHS-009,Plant03,2026-08,50.0
EHS-009,Plant03,2026-09,100.0
EHS-009,Plant04,2026-04,50.0
EHS-009,Plant04,2026-05,100.0
EHS-009,Plant04,2026-06,100.0
EHS-009,Plant04,2026-07,100.0
EHS-009,Plant04,2026-08,100.0
EHS-009,Plant04,2026-09,100.0
EHS-009,Plant05,2026-04,0.0
EHS-009,Plant05,2026-05,100.0
EHS-009,Plant05,2026-06,100.0
EHS-009,Plant05,2026-07,100.0
EHS-009,Plant05,2026-08,100.0
EHS-009,Plant05,2026-09,100.0
EHS-009,Plant06,2026-04,100.0
EHS-009,Plant06,2026-05,100.0
EHS-009,Plant06,2026-06,100.0
EHS-009,Plant06,2026-07,66.67
EHS-009,Plant06,2026-08,100.0
EHS-009,Plant06,2026-09,100.0
EHS-009,Group,2026-04,66.67
EHS-009,Group,2026-05,100.0
EHS-009,Group,2026-06,88.89
EHS-009,Group,2026-07,85.71
EHS-009,Group,2026-08,90.91
EHS-009,Group,2026-09,75.0
REG-006,A1,2026-04,215.0
REG-006,A1,2026-05,185.0
REG-006,A1,2026-06,155.0
REG-006,A1,2026-07,125.0
REG-006,A1,2026-08,95.0
REG-006,A1,2026-09,65.0
REG-006,A2,2026-04,252.0
REG-006,A2,2026-05,222.0
REG-006,A2,2026-06,192.0
REG-006,A2,2026-07,162.0
REG-006,A2,2026-08,132.0
REG-006,A2,2026-09,102.0
REG-006,Plant01,2026-04,311.0
REG-006,Plant01,2026-05,281.0
REG-006,Plant01,2026-06,251.0
REG-006,Plant01,2026-07,221.0
REG-006,Plant01,2026-08,191.0
REG-006,Plant01,2026-09,161.0
REG-006,Plant02,2026-04,215.0
REG-006,Plant02,2026-05,185.0
REG-006,Plant02,2026-06,155.0
REG-006,Plant02,2026-07,125.0
REG-006,Plant02,2026-08,95.0
REG-006,Plant02,2026-09,65.0
REG-006,Plant03,2026-04,218.0
REG-006,Plant03,2026-05,188.0
REG-006,Plant03,2026-06,158.0
REG-006,Plant03,2026-07,128.0
REG-006,Plant03,2026-08,98.0
REG-006,Plant03,2026-09,68.0
REG-006,Plant04,2026-04,369.0
REG-006,Plant04,2026-05,339.0
REG-006,Plant04,2026-06,309.0
REG-006,Plant04,2026-07,279.0
REG-006,Plant04,2026-08,249.0
REG-006,Plant04,2026-09,219.0
REG-006,Plant05,2026-04,252.0
REG-006,Plant05,2026-05,222.0
REG-006,Plant05,2026-06,192.0
REG-006,Plant05,2026-07,162.0
REG-006,Plant05,2026-08,132.0
REG-006,Plant05,2026-09,102.0
REG-006,Plant06,2026-04,260.0
REG-006,Plant06,2026-05,230.0
REG-006,Plant06,2026-06,200.0
REG-006,Plant06,2026-07,170.0
REG-006,Plant06,2026-08,140.0
REG-006,Plant06,2026-09,110.0
REG-006,Group,2026-04,215.0
REG-006,Group,2026-05,185.0
REG-006,Group,2026-06,155.0
REG-006,Group,2026-07,125.0
REG-006,Group,2026-08,95.0
REG-006,Group,2026-09,65.0
OPS-005,A1,2026-04,80.9
OPS-005,A1,2026-05,73.48
OPS-005,A1,2026-06,76.11
OPS-005,A1,2026-07,78.51
OPS-005,A1,2026-08,76.19
OPS-005,A1,2026-09,79.8
OPS-005,A2,2026-04,87.44
OPS-005,A2,2026-05,79.28
OPS-005,A2,2026-06,83.9
OPS-005,A2,2026-07,86.58
OPS-005,A2,2026-08,81.88
OPS-005,A2,2026-09,87.55
OPS-005,Plant01,2026-04,88.22
OPS-005,Plant01,2026-05,79.28
OPS-005,Plant01,2026-06,82.19
OPS-005,Plant01,2026-07,81.62
OPS-005,Plant01,2026-08,85.81
OPS-005,Plant01,2026-09,82.92
OPS-005,Plant02,2026-04,72.41
OPS-005,Plant02,2026-05,68.9
OPS-005,Plant02,2026-06,67.53
OPS-005,Plant02,2026-07,69.54
OPS-005,Plant02,2026-08,61.62
OPS-005,Plant02,2026-09,70.02
OPS-005,Plant03,2026-04,83.55
OPS-005,Plant03,2026-05,73.78
OPS-005,Plant03,2026-06,79.59
OPS-005,Plant03,2026-07,84.15
OPS-005,Plant03,2026-08,82.56
OPS-005,Plant03,2026-09,86.09
OPS-005,Plant04,2026-04,84.43
OPS-005,Plant04,2026-05,80.9
OPS-005,Plant04,2026-06,82.34
OPS-005,Plant04,2026-07,82.36
OPS-005,Plant04,2026-08,82.25
OPS-005,Plant04,2026-09,89.48
OPS-005,Plant05,2026-04,87.71
OPS-005,Plant05,2026-05,79.83
OPS-005,Plant05,2026-06,83.35
OPS-005,Plant05,2026-07,89.81
OPS-005,Plant05,2026-08,81.04
OPS-005,Plant05,2026-09,89.96
OPS-005,Plant06,2026-04,89.51
OPS-005,Plant06,2026-05,77.27
OPS-005,Plant06,2026-06,85.85
OPS-005,Plant06,2026-07,85.77
OPS-005,Plant06,2026-08,82.68
OPS-005,Plant06,2026-09,82.87
OPS-005,Group,2026-04,83.98
OPS-005,Group,2026-05,76.21
OPS-005,Group,2026-06,79.77
OPS-005,Group,2026-07,82.31
OPS-005,Group,2026-08,78.87
OPS-005,Group,2026-09,83.44
OPS-006,A1,2026-04,81.65
OPS-006,A1,2026-05,78.4
OPS-006,A1,2026-06,76.22
OPS-006,A1,2026-07,79.11
OPS-006,A1,2026-08,78.73
OPS-006,A1,2026-09,80.21
OPS-006,A2,2026-04,88.21
OPS-006,A2,2026-05,85.07
OPS-006,A2,2026-06,84.77
OPS-006,A2,2026-07,86.9
OPS-006,A2,2026-08,86.21
OPS-006,A2,2026-09,88.44
OPS-006,Plant01,2026-04,88.97
OPS-006,Plant01,2026-05,79.28
OPS-006,Plant01,2026-06,82.19
OPS-006,Plant01,2026-07,81.95
OPS-006,Plant01,2026-08,85.81
OPS-006,Plant01,2026-09,83.97
OPS-006,Plant02,2026-04,72.61
OPS-006,Plant02,2026-05,74.3
OPS-006,Plant02,2026-06,67.72
OPS-006,Plant02,2026-07,70.2
OPS-006,Plant02,2026-08,68.01
OPS-006,Plant02,2026-09,70.31
OPS-006,Plant03,2026-04,84.85
OPS-006,Plant03,2026-05,81.32
OPS-006,Plant03,2026-06,79.7
OPS-006,Plant03,2026-07,84.83
OPS-006,Plant03,2026-08,82.56
OPS-006,Plant03,2026-09,86.21
OPS-006,Plant04,2026-04,84.79
OPS-006,Plant04,2026-05,80.9
OPS-006,Plant04,2026-06,82.92
OPS-006,Plant04,2026-07,82.69
OPS-006,Plant04,2026-08,90.12
OPS-006,Plant04,2026-09,89.73
OPS-006,Plant05,2026-04,88.94
OPS-006,Plant05,2026-05,88.12
OPS-006,Plant05,2026-06,84.17
OPS-006,Plant05,2026-07,89.81
OPS-006,Plant05,2026-08,86.76
OPS-006,Plant05,2026-09,91.23
OPS-006,Plant06,2026-04,90.01
OPS-006,Plant06,2026-05,84.8
OPS-006,Plant06,2026-06,87.06
OPS-006,Plant06,2026-07,86.47
OPS-006,Plant06,2026-08,82.68
OPS-006,Plant06,2026-09,83.8
OPS-006,Group,2026-04,84.74
OPS-006,Group,2026-05,81.53
OPS-006,Group,2026-06,80.23
OPS-006,Group,2026-07,82.78
OPS-006,Group,2026-08,82.21
OPS-006,Group,2026-09,84.07
OPS-002,A1,2026-04,91.99
OPS-002,A1,2026-05,87.48
OPS-002,A1,2026-06,84.91
OPS-002,A1,2026-07,90.12
OPS-002,A1,2026-08,88.9
OPS-002,A1,2026-09,89.21
OPS-002,A2,2026-04,99.12
OPS-002,A2,2026-05,96.44
OPS-002,A2,2026-06,93.49
OPS-002,A2,2026-07,98.18
OPS-002,A2,2026-08,96.44
OPS-002,A2,2026-09,102.04
OPS-002,Plant01,2026-04,97.93
OPS-002,Plant01,2026-05,92.79
OPS-002,Plant01,2026-06,88.43
OPS-002,Plant01,2026-07,96.65
OPS-002,Plant01,2026-08,95.27
OPS-002,Plant01,2026-09,92.8
OPS-002,Plant02,2026-04,85.72
OPS-002,Plant02,2026-05,81.55
OPS-002,Plant02,2026-06,77.93
OPS-002,Plant02,2026-07,79.14
OPS-002,Plant02,2026-08,79.23
OPS-002,Plant02,2026-09,77.61
OPS-002,Plant03,2026-04,93.4
OPS-002,Plant03,2026-05,89.22
OPS-002,Plant03,2026-06,88.6
OPS-002,Plant03,2026-07,95.37
OPS-002,Plant03,2026-08,92.1
OPS-002,Plant03,2026-09,97.05
OPS-002,Plant04,2026-04,98.03
OPS-002,Plant04,2026-05,90.46
OPS-002,Plant04,2026-06,89.92
OPS-002,Plant04,2026-07,94.14
OPS-002,Plant04,2026-08,101.29
OPS-002,Plant04,2026-09,105.36
OPS-002,Plant05,2026-04,96.86
OPS-002,Plant05,2026-05,99.77
OPS-002,Plant05,2026-06,93.65
OPS-002,Plant05,2026-07,100.65
OPS-002,Plant05,2026-08,97.41
OPS-002,Plant05,2026-09,102.97
OPS-002,Plant06,2026-04,103.0
OPS-002,Plant06,2026-05,97.48
OPS-002,Plant06,2026-06,96.16
OPS-002,Plant06,2026-07,98.09
OPS-002,Plant06,2026-08,91.71
OPS-002,Plant06,2026-09,98.14
OPS-002,Group,2026-04,95.35
OPS-002,Group,2026-05,91.65
OPS-002,Group,2026-06,88.97
OPS-002,Group,2026-07,93.98
OPS-002,Group,2026-08,92.4
OPS-002,Group,2026-09,95.23
OPS-004,A1,2026-04,91.99
OPS-004,A1,2026-05,87.48
OPS-004,A1,2026-06,84.91
OPS-004,A1,2026-07,90.12
OPS-004,A1,2026-08,88.9
OPS-004,A1,2026-09,89.21
OPS-004,A2,2026-04,99.12
OPS-004,A2,2026-05,96.44
OPS-004,A2,2026-06,93.49
OPS-004,A2,2026-07,98.18
OPS-004,A2,2026-08,96.44
OPS-004,A2,2026-09,102.04
OPS-004,Plant01,2026-04,97.93
OPS-004,Plant01,2026-05,92.79
OPS-004,Plant01,2026-06,88.43
OPS-004,Plant01,2026-07,96.65
OPS-004,Plant01,2026-08,95.27
OPS-004,Plant01,2026-09,92.8
OPS-004,Plant02,2026-04,85.72
OPS-004,Plant02,2026-05,81.55
OPS-004,Plant02,2026-06,77.93
OPS-004,Plant02,2026-07,79.14
OPS-004,Plant02,2026-08,79.23
OPS-004,Plant02,2026-09,77.61
OPS-004,Plant03,2026-04,93.4
OPS-004,Plant03,2026-05,89.22
OPS-004,Plant03,2026-06,88.6
OPS-004,Plant03,2026-07,95.37
OPS-004,Plant03,2026-08,92.1
OPS-004,Plant03,2026-09,97.05
OPS-004,Plant04,2026-04,98.03
OPS-004,Plant04,2026-05,90.46
OPS-004,Plant04,2026-06,89.92
OPS-004,Plant04,2026-07,94.14
OPS-004,Plant04,2026-08,101.29
OPS-004,Plant04,2026-09,105.36
OPS-004,Plant05,2026-04,96.86
OPS-004,Plant05,2026-05,99.77
OPS-004,Plant05,2026-06,93.65
OPS-004,Plant05,2026-07,100.65
OPS-004,Plant05,2026-08,97.41
OPS-004,Plant05,2026-09,102.97
OPS-004,Plant06,2026-04,103.0
OPS-004,Plant06,2026-05,97.48
OPS-004,Plant06,2026-06,96.16
OPS-004,Plant06,2026-07,98.09
OPS-004,Plant06,2026-08,91.71
OPS-004,Plant06,2026-09,98.14
OPS-004,Group,2026-04,95.35
OPS-004,Group,2026-05,91.65
OPS-004,Group,2026-06,88.97
OPS-004,Group,2026-07,93.98
OPS-004,Group,2026-08,92.4
OPS-004,Group,2026-09,95.23
CST-004,A1,2026-04,193.64
CST-004,A1,2026-05,184.85
CST-004,A1,2026-06,181.04
CST-004,A1,2026-07,161.66
CST-004,A1,2026-08,197.3
CST-004,A1,2026-09,176.41
CST-004,A2,2026-04,179.71
CST-004,A2,2026-05,186.83
CST-004,A2,2026-06,202.42
CST-004,A2,2026-07,181.98
CST-004,A2,2026-08,177.63
CST-004,A2,2026-09,172.12
CST-004,Plant01,2026-04,174.18
CST-004,Plant01,2026-05,213.64
CST-004,Plant01,2026-06,206.56
CST-004,Plant01,2026-07,136.39
CST-004,Plant01,2026-08,183.36
CST-004,Plant01,2026-09,164.79
CST-004,Plant02,2026-04,203.48
CST-004,Plant02,2026-05,190.44
CST-004,Plant02,2026-06,190.63
CST-004,Plant02,2026-07,220.53
CST-004,Plant02,2026-08,198.82
CST-004,Plant02,2026-09,215.86
CST-004,Plant03,2026-04,198.99
CST-004,Plant03,2026-05,161.65
CST-004,Plant03,2026-06,158.19
CST-004,Plant03,2026-07,135.8
CST-004,Plant03,2026-08,205.17
CST-004,Plant03,2026-09,156.32
CST-004,Plant04,2026-04,156.16
CST-004,Plant04,2026-05,164.83
CST-004,Plant04,2026-06,176.22
CST-004,Plant04,2026-07,176.62
CST-004,Plant04,2026-08,182.57
CST-004,Plant04,2026-09,198.06
CST-004,Plant05,2026-04,190.45
CST-004,Plant05,2026-05,194.14
CST-004,Plant05,2026-06,215.04
CST-004,Plant05,2026-07,197.33
CST-004,Plant05,2026-08,159.62
CST-004,Plant05,2026-09,168.17
CST-004,Plant06,2026-04,183.88
CST-004,Plant06,2026-05,195.51
CST-004,Plant06,2026-06,206.69
CST-004,Plant06,2026-07,165.27
CST-004,Plant06,2026-08,196.58
CST-004,Plant06,2026-09,155.24
CST-004,Group,2026-04,186.81
CST-004,Group,2026-05,185.82
CST-004,Group,2026-06,191.62
CST-004,Group,2026-07,171.72
CST-004,Group,2026-08,187.69
CST-004,Group,2026-09,174.29
FIN-001,A1,2026-04,167.86
FIN-001,A1,2026-05,235.61
FIN-001,A1,2026-06,369.97
FIN-001,A1,2026-07,548.35
FIN-001,A1,2026-08,689.12
FIN-001,A1,2026-09,890.55
FIN-001,A2,2026-04,154.11
FIN-001,A2,2026-05,338.91
FIN-001,A2,2026-06,446.49
FIN-001,A2,2026-07,566.07
FIN-001,A2,2026-08,674.0
FIN-001,A2,2026-09,869.54
FIN-001,Group,2026-04,321.96
FIN-001,Group,2026-05,574.52
FIN-001,Group,2026-06,816.46
FIN-001,Group,2026-07,1114.42
FIN-001,Group,2026-08,1363.11
FIN-001,Group,2026-09,1760.09
FIN-002,A1,2026-04,121.21
FIN-002,A1,2026-05,142.8
FIN-002,A1,2026-06,230.62
FIN-002,A1,2026-07,362.0
FIN-002,A1,2026-08,455.94
FIN-002,A1,2026-09,610.05
FIN-002,A2,2026-04,111.48
FIN-002,A2,2026-05,254.46
FIN-002,A2,2026-06,320.11
FIN-002,A2,2026-07,398.11
FIN-002,A2,2026-08,464.7
FIN-002,A2,2026-09,618.1
FIN-002,Group,2026-04,232.68
FIN-002,Group,2026-05,397.26
FIN-002,Group,2026-06,550.73
FIN-002,Group,2026-07,760.11
FIN-002,Group,2026-08,920.64
FIN-002,Group,2026-09,1228.14
FIN-003,A1,2026-04,1196.06
FIN-003,A1,2026-05,2321.97
FIN-003,A1,2026-06,3444.91
FIN-003,A1,2026-07,4634.59
FIN-003,A1,2026-08,5816.6
FIN-003,A1,2026-09,6972.32
FIN-003,A2,2026-04,1153.2
FIN-003,A2,2026-05,2246.14
FIN-003,A2,2026-06,3358.84
FIN-003,A2,2026-07,4553.86
FIN-003,A2,2026-08,5658.88
FIN-003,A2,2026-09,6838.98
FIN-003,Plant01,2026-04,329.49
FIN-003,Plant01,2026-05,638.72
FIN-003,Plant01,2026-06,939.45
FIN-003,Plant01,2026-07,1260.87
FIN-003,Plant01,2026-08,1591.85
FIN-003,Plant01,2026-09,1892.75
FIN-003,Plant02,2026-04,367.58
FIN-003,Plant02,2026-05,723.37
FIN-003,Plant02,2026-06,1064.47
FIN-003,Plant02,2026-07,1419.48
FIN-003,Plant02,2026-08,1743.52
FIN-003,Plant02,2026-09,2089.58
FIN-003,Plant03,2026-04,498.99
FIN-003,Plant03,2026-05,959.87
FIN-003,Plant03,2026-06,1440.99
FIN-003,Plant03,2026-07,1954.25
FIN-003,Plant03,2026-08,2481.23
FIN-003,Plant03,2026-09,2989.99
FIN-003,Plant04,2026-04,292.75
FIN-003,Plant04,2026-05,578.96
FIN-003,Plant04,2026-06,858.14
FIN-003,Plant04,2026-07,1149.31
FIN-003,Plant04,2026-08,1439.03
FIN-003,Plant04,2026-09,1749.63
FIN-003,Plant05,2026-04,474.58
FIN-003,Plant05,2026-05,939.19
FIN-003,Plant05,2026-06,1402.46
FIN-003,Plant05,2026-07,1928.24
FIN-003,Plant05,2026-08,2384.46
FIN-003,Plant05,2026-09,2890.84
FIN-003,Plant06,2026-04,385.87
FIN-003,Plant06,2026-05,727.98
FIN-003,Plant06,2026-06,1098.24
FIN-003,Plant06,2026-07,1476.31
FIN-003,Plant06,2026-08,1835.4
FIN-003,Plant06,2026-09,2198.51
FIN-003,Group,2026-04,2349.26
FIN-003,Group,2026-05,4568.1
FIN-003,Group,2026-06,6803.75
FIN-003,Group,2026-07,9188.45
FIN-003,Group,2026-08,11475.48
FIN-003,Group,2026-09,13811.3
FIN-004,A1,2026-04,23.02
FIN-004,A1,2026-05,222.88
FIN-004,A1,2026-06,221.14
FIN-004,A1,2026-07,240.61
FIN-004,A1,2026-08,243.31
FIN-004,A1,2026-09,337.63
FIN-004,A2,2026-04,42.93
FIN-004,A2,2026-05,88.8
FIN-004,A2,2026-06,106.74
FIN-004,A2,2026-07,132.27
FIN-004,A2,2026-08,205.45
FIN-004,A2,2026-09,268.55
FIN-004,Group,2026-04,65.96
FIN-004,Group,2026-05,311.68
FIN-004,Group,2026-06,327.88
FIN-004,Group,2026-07,372.88
FIN-004,Group,2026-08,448.76
FIN-004,Group,2026-09,606.18
FIN-005,A1,2026-04,13.47
FIN-005,A1,2026-05,7.9
FIN-005,A1,2026-06,8.47
FIN-005,A1,2026-07,9.94
FIN-005,A1,2026-08,9.97
FIN-005,A1,2026-09,11.08
FIN-005,A2,2026-04,13.38
FIN-005,A2,2026-05,15.21
FIN-005,A2,2026-06,12.7
FIN-005,A2,2026-07,11.8
FIN-005,A2,2026-08,10.98
FIN-005,A2,2026-09,12.12
FIN-005,Group,2026-04,13.42
FIN-005,Group,2026-05,11.41
FIN-005,Group,2026-06,10.51
FIN-005,Group,2026-07,10.83
FIN-005,Group,2026-08,10.46
FIN-005,Group,2026-09,11.58
FIN-006,A1,2026-04,3800.0
FIN-006,A1,2026-05,3762.0
FIN-006,A1,2026-06,3724.0
FIN-006,A1,2026-07,3686.0
FIN-006,A1,2026-08,3648.0
FIN-006,A1,2026-09,3610.0
FIN-006,A2,2026-04,3200.0
FIN-006,A2,2026-05,3168.0
FIN-006,A2,2026-06,3136.0
FIN-006,A2,2026-07,3104.0
FIN-006,A2,2026-08,3072.0
FIN-006,A2,2026-09,3040.0
FIN-006,Group,2026-04,7000.0
FIN-006,Group,2026-05,6930.0
FIN-006,Group,2026-06,6860.0
FIN-006,Group,2026-07,6790.0
FIN-006,Group,2026-08,6720.0
FIN-006,Group,2026-09,6650.0
FIN-007,A1,2026-04,5.41
FIN-007,A1,2026-05,-64.58
FIN-007,A1,2026-06,-85.59
FIN-007,A1,2026-07,-74.61
FIN-007,A1,2026-08,-92.38
FIN-007,A1,2026-09,-65.72
FIN-007,A2,2026-04,4.44
FIN-007,A2,2026-05,31.87
FIN-007,A2,2026-06,0.68
FIN-007,A2,2026-07,-21.88
FIN-007,A2,2026-08,-53.64
FIN-007,A2,2026-09,-20.93
FIN-007,Group,2026-04,9.85
FIN-007,Group,2026-05,-32.71
FIN-007,Group,2026-06,-84.91
FIN-007,Group,2026-07,-96.49
FIN-007,Group,2026-08,-146.03
FIN-007,Group,2026-09,-86.65
FIN-008,A1,2026-04,13.72
FIN-008,A1,2026-05,94.6
FIN-008,A1,2026-06,59.77
FIN-008,A1,2026-07,43.88
FIN-008,A1,2026-08,35.31
FIN-008,A1,2026-09,37.91
FIN-008,A2,2026-04,27.86
FIN-008,A2,2026-05,26.2
FIN-008,A2,2026-06,23.91
FIN-008,A2,2026-07,23.37
FIN-008,A2,2026-08,30.48
FIN-008,A2,2026-09,30.88
FIN-008,Group,2026-04,20.49
FIN-008,Group,2026-05,54.25
FIN-008,Group,2026-06,40.16
FIN-008,Group,2026-07,33.46
FIN-008,Group,2026-08,32.92
FIN-008,Group,2026-09,34.44
CSH-001,A1,2026-04,936.18
CSH-001,A1,2026-05,927.73
CSH-001,A1,2026-06,911.17
CSH-001,A1,2026-07,922.97
CSH-001,A1,2026-08,890.5
CSH-001,A1,2026-09,967.08
CSH-001,A2,2026-04,1162.93
CSH-001,A2,2026-05,1089.93
CSH-001,A2,2026-06,1075.02
CSH-001,A2,2026-07,1219.1
CSH-001,A2,2026-08,1136.81
CSH-001,A2,2026-09,1174.74
CSH-001,Group,2026-04,2099.11
CSH-001,Group,2026-05,2017.66
CSH-001,Group,2026-06,1986.19
CSH-001,Group,2026-07,2142.07
CSH-001,Group,2026-08,2027.31
CSH-001,Group,2026-09,2141.82
CSH-002,A1,2026-04,0.52
CSH-002,A1,2026-05,1.33
CSH-002,A1,2026-06,2.07
CSH-002,A1,2026-07,2.76
CSH-002,A1,2026-08,3.36
CSH-002,A1,2026-09,4.2
CSH-002,A2,2026-04,3.31
CSH-002,A2,2026-05,6.16
CSH-002,A2,2026-06,9.21
CSH-002,A2,2026-07,12.12
CSH-002,A2,2026-08,15.26
CSH-002,A2,2026-09,17.83
CSH-002,Group,2026-04,3.83
CSH-002,Group,2026-05,7.49
CSH-002,Group,2026-06,11.28
CSH-002,Group,2026-07,14.88
CSH-002,Group,2026-08,18.62
CSH-002,Group,2026-09,22.03
CSH-003,A1,2026-04,39.4
CSH-003,A1,2026-05,36.06
CSH-003,A1,2026-06,37.22
CSH-003,A1,2026-07,38.34
CSH-003,A1,2026-08,37.84
CSH-003,A1,2026-09,38.6
CSH-003,A2,2026-04,37.62
CSH-003,A2,2026-05,34.61
CSH-003,A2,2026-06,36.23
CSH-003,A2,2026-07,37.46
CSH-003,A2,2026-08,35.78
CSH-003,A2,2026-09,38.17
CSH-003,Group,2026-04,77.02
CSH-003,Group,2026-05,70.67
CSH-003,Group,2026-06,73.45
CSH-003,Group,2026-07,75.79
CSH-003,Group,2026-08,73.61
CSH-003,Group,2026-09,76.77
CSH-004,A1,2026-04,54.42
CSH-004,A1,2026-05,52.87
CSH-004,A1,2026-06,52.24
CSH-004,A1,2026-07,52.11
CSH-004,A1,2026-08,53.43
CSH-004,A1,2026-09,52.3
CSH-004,A2,2026-04,14.8
CSH-004,A2,2026-05,16.61
CSH-004,A2,2026-06,17.48
CSH-004,A2,2026-07,16.53
CSH-004,A2,2026-08,16.79
CSH-004,A2,2026-09,13.42
CSH-004,Group,2026-04,34.91
CSH-004,Group,2026-05,35.93
CSH-004,Group,2026-06,34.78
CSH-004,Group,2026-07,33.84
CSH-004,Group,2026-08,35.58
CSH-004,Group,2026-09,32.59
CSH-006,A1,2026-04,0.0
CSH-006,A1,2026-05,0.0
CSH-006,A1,2026-06,0.0
CSH-006,A1,2026-07,0.0
CSH-006,A1,2026-08,25.62
CSH-006,A1,2026-09,27.21
CSH-006,A2,2026-04,0.0
CSH-006,A2,2026-05,0.0
CSH-006,A2,2026-06,0.0
CSH-006,A2,2026-07,0.0
CSH-006,A2,2026-08,0.0
CSH-006,A2,2026-09,0.0
CSH-006,Group,2026-04,0.0
CSH-006,Group,2026-05,0.0
CSH-006,Group,2026-06,0.0
CSH-006,Group,2026-07,0.0
CSH-006,Group,2026-08,25.62
CSH-006,Group,2026-09,27.21
WCP-001,A1,2026-04,50.73
WCP-001,A1,2026-05,52.83
WCP-001,A1,2026-06,51.91
WCP-001,A1,2026-07,51.08
WCP-001,A1,2026-08,50.95
WCP-001,A1,2026-09,52.0
WCP-001,A2,2026-04,43.45
WCP-001,A2,2026-05,44.35
WCP-001,A2,2026-06,44.9
WCP-001,A2,2026-07,45.0
WCP-001,A2,2026-08,43.84
WCP-001,A2,2026-09,42.05
WCP-001,Group,2026-04,47.16
WCP-001,Group,2026-05,48.66
WCP-001,Group,2026-06,48.42
WCP-001,Group,2026-07,48.03
WCP-001,Group,2026-08,47.51
WCP-001,Group,2026-09,46.97
WCP-002,A1,2026-04,38.2
WCP-002,A1,2026-05,39.97
WCP-002,A1,2026-06,40.72
WCP-002,A1,2026-07,39.08
WCP-002,A1,2026-08,38.37
WCP-002,A1,2026-09,40.2
WCP-002,A2,2026-04,62.9
WCP-002,A2,2026-05,64.21
WCP-002,A2,2026-06,63.9
WCP-002,A2,2026-07,62.67
WCP-002,A2,2026-08,62.95
WCP-002,A2,2026-09,63.74
WCP-002,Group,2026-04,50.37
WCP-002,Group,2026-05,51.11
WCP-002,Group,2026-06,52.39
WCP-002,Group,2026-07,51.26
WCP-002,Group,2026-08,50.37
WCP-002,Group,2026-09,52.15
WCP-003,A1,2026-04,41.89
WCP-003,A1,2026-05,40.01
WCP-003,A1,2026-06,41.04
WCP-003,A1,2026-07,40.11
WCP-003,A1,2026-08,40.86
WCP-003,A1,2026-09,40.49
WCP-003,A2,2026-04,34.25
WCP-003,A2,2026-05,36.48
WCP-003,A2,2026-06,36.49
WCP-003,A2,2026-07,34.2
WCP-003,A2,2026-08,35.9
WCP-003,A2,2026-09,35.11
WCP-003,Group,2026-04,38.13
WCP-003,Group,2026-05,38.38
WCP-003,Group,2026-06,38.75
WCP-003,Group,2026-07,37.06
WCP-003,Group,2026-08,38.44
WCP-003,Group,2026-09,37.76
WCP-004,A1,2026-04,2141.69
WCP-004,A1,2026-05,1920.13
WCP-004,A1,2026-06,1953.33
WCP-004,A1,2026-07,1992.13
WCP-004,A1,2026-08,2021.41
WCP-004,A1,2026-09,2012.17
WCP-004,A2,2026-04,770.89
WCP-004,A2,2026-05,799.87
WCP-004,A2,2026-06,797.03
WCP-004,A2,2026-07,800.6
WCP-004,A2,2026-08,742.32
WCP-004,A2,2026-09,768.81
WCP-004,Group,2026-04,2912.58
WCP-004,Group,2026-05,2720.0
WCP-004,Group,2026-06,2750.36
WCP-004,Group,2026-07,2792.72
WCP-004,Group,2026-08,2763.73
WCP-004,Group,2026-09,2780.99
WCP-005,A1,2026-04,32.13
WCP-005,A1,2026-05,-221.56
WCP-005,A1,2026-06,33.2
WCP-005,A1,2026-07,38.79
WCP-005,A1,2026-08,29.28
WCP-005,A1,2026-09,-9.23
WCP-005,A2,2026-04,11.56
WCP-005,A2,2026-05,28.98
WCP-005,A2,2026-06,-2.84
WCP-005,A2,2026-07,3.57
WCP-005,A2,2026-08,-58.28
WCP-005,A2,2026-09,26.49
WCP-005,Group,2026-04,43.69
WCP-005,Group,2026-05,-192.58
WCP-005,Group,2026-06,30.36
WCP-005,Group,2026-07,42.36
WCP-005,Group,2026-08,-29.0
WCP-005,Group,2026-09,17.26
WCP-006,A1,2026-04,53.72
WCP-006,A1,2026-05,52.87
WCP-006,A1,2026-06,52.18
WCP-006,A1,2026-07,51.91
WCP-006,A1,2026-08,53.01
WCP-006,A1,2026-09,52.23
WCP-006,A2,2026-04,20.05
WCP-006,A2,2026-05,22.69
WCP-006,A2,2026-06,21.49
WCP-006,A2,2026-07,20.77
WCP-006,A2,2026-08,20.82
WCP-006,A2,2026-09,19.54
WCP-006,Group,2026-04,37.19
WCP-006,Group,2026-05,38.0
WCP-006,Group,2026-06,36.91
WCP-006,Group,2026-07,36.3
WCP-006,Group,2026-08,37.46
WCP-006,Group,2026-09,35.72
LIQ-001,A1,2026-04,13.95
LIQ-001,A1,2026-05,14.53
LIQ-001,A1,2026-06,15.06
LIQ-001,A1,2026-07,14.27
LIQ-001,A1,2026-08,14.3
LIQ-001,A1,2026-09,15.37
LIQ-001,A2,2026-04,17.91
LIQ-001,A2,2026-05,17.38
LIQ-001,A2,2026-06,17.19
LIQ-001,A2,2026-07,18.26
LIQ-001,A2,2026-08,17.54
LIQ-001,A2,2026-09,18.11
LIQ-001,Group,2026-04,15.85
LIQ-001,Group,2026-05,15.91
LIQ-001,Group,2026-06,16.11
LIQ-001,Group,2026-07,16.2
LIQ-001,Group,2026-08,15.88
LIQ-001,Group,2026-09,16.71
LIQ-002,A1,2026-04,24.54
LIQ-002,A1,2026-05,-6.45
LIQ-002,A1,2026-06,-0.66
LIQ-002,A1,2026-07,10.37
LIQ-002,A1,2026-08,11.77
LIQ-002,A1,2026-09,18.93
LIQ-002,A2,2026-04,30.78
LIQ-002,A2,2026-05,37.68
LIQ-002,A2,2026-06,29.76
LIQ-002,A2,2026-07,26.89
LIQ-002,A2,2026-08,24.04
LIQ-002,A2,2026-09,30.08
LIQ-002,Group,2026-04,27.53
LIQ-002,Group,2026-05,19.59
LIQ-002,Group,2026-06,15.98
LIQ-002,Group,2026-07,18.76
LIQ-002,Group,2026-08,17.84
LIQ-002,Group,2026-09,24.44
LIQ-003,A1,2026-04,442.62
LIQ-003,A1,2026-05,484.6
LIQ-003,A1,2026-06,476.22
LIQ-003,A1,2026-07,484.74
LIQ-003,A1,2026-08,430.02
LIQ-003,A1,2026-09,486.34
LIQ-003,A2,2026-04,401.68
LIQ-003,A2,2026-05,438.32
LIQ-003,A2,2026-06,405.01
LIQ-003,A2,2026-07,425.57
LIQ-003,A2,2026-08,436.1
LIQ-003,A2,2026-09,405.07
LIQ-003,Group,2026-04,844.3
LIQ-003,Group,2026-05,922.92
LIQ-003,Group,2026-06,881.23
LIQ-003,Group,2026-07,910.31
LIQ-003,Group,2026-08,866.12
LIQ-003,Group,2026-09,891.41
LIQ-004,A1,2026-04,1357.98
LIQ-004,A1,2026-05,1326.72
LIQ-004,A1,2026-06,1378.11
LIQ-004,A1,2026-07,1328.59
LIQ-004,A1,2026-08,1434.55
LIQ-004,A1,2026-09,1440.7
LIQ-004,A2,2026-04,1363.48
LIQ-004,A2,2026-05,1192.54
LIQ-004,A2,2026-06,1190.07
LIQ-004,A2,2026-07,1293.89
LIQ-004,A2,2026-08,1192.97
LIQ-004,A2,2026-09,1280.13
LIQ-004,Group,2026-04,2721.45
LIQ-004,Group,2026-05,2519.26
LIQ-004,Group,2026-06,2568.18
LIQ-004,Group,2026-07,2622.48
LIQ-004,Group,2026-08,2627.52
LIQ-004,Group,2026-09,2720.83
TRS-001,A1,2026-04,111.15
TRS-001,A1,2026-05,124.42
TRS-001,A1,2026-06,112.48
TRS-001,A1,2026-07,122.91
TRS-001,A1,2026-08,131.19
TRS-001,A1,2026-09,123.27
TRS-001,A2,2026-04,79.64
TRS-001,A2,2026-05,83.08
TRS-001,A2,2026-06,75.8
TRS-001,A2,2026-07,104.88
TRS-001,A2,2026-08,94.34
TRS-001,A2,2026-09,98.46
TRS-001,Group,2026-04,190.79
TRS-001,Group,2026-05,207.5
TRS-001,Group,2026-06,188.28
TRS-001,Group,2026-07,227.78
TRS-001,Group,2026-08,225.53
TRS-001,Group,2026-09,221.72
TRS-002,A1,2026-04,89.37
TRS-002,A1,2026-05,91.23
TRS-002,A1,2026-06,93.56
TRS-002,A1,2026-07,88.05
TRS-002,A1,2026-08,92.8
TRS-002,A1,2026-09,91.55
TRS-002,A2,2026-04,88.74
TRS-002,A2,2026-05,93.84
TRS-002,A2,2026-06,91.98
TRS-002,A2,2026-07,93.2
TRS-002,A2,2026-08,93.29
TRS-002,A2,2026-09,91.96
TRS-002,Group,2026-04,89.09
TRS-002,Group,2026-05,92.53
TRS-002,Group,2026-06,92.84
TRS-002,Group,2026-07,90.54
TRS-002,Group,2026-08,92.99
TRS-002,Group,2026-09,91.7
TRS-003,A1,2026-04,81.43
TRS-003,A1,2026-05,76.41
TRS-003,A1,2026-06,77.61
TRS-003,A1,2026-07,79.94
TRS-003,A1,2026-08,68.66
TRS-003,A1,2026-09,80.51
TRS-003,A2,2026-04,78.54
TRS-003,A2,2026-05,90.75
TRS-003,A2,2026-06,79.94
TRS-003,A2,2026-07,80.77
TRS-003,A2,2026-08,75.1
TRS-003,A2,2026-09,69.97
TRS-003,Group,2026-04,80.23
TRS-003,Group,2026-05,82.15
TRS-003,Group,2026-06,78.55
TRS-003,Group,2026-07,80.32
TRS-003,Group,2026-08,71.35
TRS-003,Group,2026-09,75.83
TRS-004,A1,2026-04,77.51
TRS-004,A1,2026-05,78.18
TRS-004,A1,2026-06,75.94
TRS-004,A1,2026-07,75.89
TRS-004,A1,2026-08,77.81
TRS-004,A1,2026-09,77.9
TRS-004,A2,2026-04,59.58
TRS-004,A2,2026-05,61.12
TRS-004,A2,2026-06,61.24
TRS-004,A2,2026-07,58.59
TRS-004,A2,2026-08,58.22
TRS-004,A2,2026-09,61.09
TRS-004,Group,2026-04,70.22
TRS-004,Group,2026-05,71.1
TRS-004,Group,2026-06,69.89
TRS-004,Group,2026-07,68.44
TRS-004,Group,2026-08,69.67
TRS-004,Group,2026-09,70.65
TRS-005,A1,2026-04,4.53
TRS-005,A1,2026-05,4.75
TRS-005,A1,2026-06,4.36
TRS-005,A1,2026-07,4.91
TRS-005,A1,2026-08,4.5
TRS-005,A1,2026-09,4.96
TRS-005,A2,2026-04,3.13
TRS-005,A2,2026-05,3.77
TRS-005,A2,2026-06,3.03
TRS-005,A2,2026-07,4.24
TRS-005,A2,2026-08,3.54
TRS-005,A2,2026-09,3.44
TRS-005,Group,2026-04,7.65
TRS-005,Group,2026-05,8.52
TRS-005,Group,2026-06,7.39
TRS-005,Group,2026-07,9.15
TRS-005,Group,2026-08,8.05
TRS-005,Group,2026-09,8.41
CPX-001,A1,2026-04,1000.0
CPX-001,A1,2026-05,1000.0
CPX-001,A1,2026-06,1000.0
CPX-001,A1,2026-07,1000.0
CPX-001,A1,2026-08,1000.0
CPX-001,A1,2026-09,1000.0
CPX-001,A2,2026-04,860.0
CPX-001,A2,2026-05,860.0
CPX-001,A2,2026-06,860.0
CPX-001,A2,2026-07,860.0
CPX-001,A2,2026-08,860.0
CPX-001,A2,2026-09,860.0
CPX-001,Group,2026-04,1860.0
CPX-001,Group,2026-05,1860.0
CPX-001,Group,2026-06,1860.0
CPX-001,Group,2026-07,1860.0
CPX-001,Group,2026-08,1860.0
CPX-001,Group,2026-09,1860.0
CPX-002,A1,2026-04,449.05
CPX-002,A1,2026-05,500.86
CPX-002,A1,2026-06,561.02
CPX-002,A1,2026-07,608.68
CPX-002,A1,2026-08,671.48
CPX-002,A1,2026-09,722.63
CPX-002,A2,2026-04,389.48
CPX-002,A2,2026-05,432.47
CPX-002,A2,2026-06,476.24
CPX-002,A2,2026-07,526.17
CPX-002,A2,2026-08,567.05
CPX-002,A2,2026-09,625.1
CPX-002,Group,2026-04,838.53
CPX-002,Group,2026-05,933.32
CPX-002,Group,2026-06,1037.26
CPX-002,Group,2026-07,1134.85
CPX-002,Group,2026-08,1238.53
CPX-002,Group,2026-09,1347.73
CPX-003,A1,2026-04,76.78
CPX-003,A1,2026-05,151.95
CPX-003,A1,2026-06,225.58
CPX-003,A1,2026-07,306.48
CPX-003,A1,2026-08,388.94
CPX-003,A1,2026-09,468.11
CPX-003,A2,2026-04,69.78
CPX-003,A2,2026-05,139.67
CPX-003,A2,2026-06,209.69
CPX-003,A2,2026-07,276.42
CPX-003,A2,2026-08,345.89
CPX-003,A2,2026-09,411.6
CPX-003,Group,2026-04,146.56
CPX-003,Group,2026-05,291.62
CPX-003,Group,2026-06,435.28
CPX-003,Group,2026-07,582.9
CPX-003,Group,2026-08,734.84
CPX-003,Group,2026-09,879.71
CPX-004,A1,2026-04,38.0
CPX-004,A1,2026-05,42.2
CPX-004,A1,2026-06,46.4
CPX-004,A1,2026-07,50.6
CPX-004,A1,2026-08,54.8
CPX-004,A1,2026-09,59.0
CPX-004,A2,2026-04,38.0
CPX-004,A2,2026-05,43.0
CPX-004,A2,2026-06,48.0
CPX-004,A2,2026-07,53.0
CPX-004,A2,2026-08,58.0
CPX-004,A2,2026-09,63.0
CPX-004,Group,2026-04,38.0
CPX-004,Group,2026-05,42.57
CPX-004,Group,2026-06,47.14
CPX-004,Group,2026-07,51.71
CPX-004,Group,2026-08,56.28
CPX-004,Group,2026-09,60.85
SIG-011,A1,2026-04,22.27
SIG-011,A1,2026-05,25.53
SIG-011,A1,2026-06,21.95
SIG-011,A1,2026-07,24.16
SIG-011,A1,2026-08,21.56
SIG-011,A1,2026-09,20.8
SIG-011,A2,2026-04,116.97
SIG-011,A2,2026-05,136.3
SIG-011,A2,2026-06,130.33
SIG-011,A2,2026-07,129.81
SIG-011,A2,2026-08,131.53
SIG-011,A2,2026-09,127.23
SIG-011,Group,2026-04,139.24
SIG-011,Group,2026-05,161.83
SIG-011,Group,2026-06,152.29
SIG-011,Group,2026-07,153.97
SIG-011,Group,2026-08,153.09
SIG-011,Group,2026-09,148.03
PRG-001,A1,2026-04,5 on track · 1 at risk · 0 off track
PRG-001,A1,2026-05,5 on track · 1 at risk · 0 off track
PRG-001,A1,2026-06,5 on track · 1 at risk · 0 off track
PRG-001,A1,2026-07,5 on track · 1 at risk · 0 off track
PRG-001,A1,2026-08,5 on track · 1 at risk · 0 off track
PRG-001,A1,2026-09,5 on track · 1 at risk · 0 off track
PRG-001,A2,2026-04,4 on track · 1 at risk · 0 off track
PRG-001,A2,2026-05,4 on track · 1 at risk · 0 off track
PRG-001,A2,2026-06,4 on track · 1 at risk · 0 off track
PRG-001,A2,2026-07,4 on track · 1 at risk · 0 off track
PRG-001,A2,2026-08,4 on track · 1 at risk · 0 off track
PRG-001,A2,2026-09,4 on track · 1 at risk · 0 off track
PRG-001,Group,2026-04,9 on track · 2 at risk · 0 off track
PRG-001,Group,2026-05,9 on track · 2 at risk · 0 off track
PRG-001,Group,2026-06,9 on track · 2 at risk · 0 off track
PRG-001,Group,2026-07,9 on track · 2 at risk · 0 off track
PRG-001,Group,2026-08,9 on track · 2 at risk · 0 off track
PRG-001,Group,2026-09,9 on track · 2 at risk · 0 off track
PRG-002,A1,2026-04,72.18
PRG-002,A1,2026-05,70.99
PRG-002,A1,2026-06,69.61
PRG-002,A1,2026-07,69.76
PRG-002,A1,2026-08,69.95
PRG-002,A1,2026-09,69.34
PRG-002,A2,2026-04,33.2
PRG-002,A2,2026-05,35.29
PRG-002,A2,2026-06,35.7
PRG-002,A2,2026-07,36.06
PRG-002,A2,2026-08,36.04
PRG-002,A2,2026-09,36.27
PRG-002,Group,2026-04,46.69
PRG-002,Group,2026-05,47.85
PRG-002,Group,2026-06,47.74
PRG-002,Group,2026-07,48.04
PRG-002,Group,2026-08,48.1
PRG-002,Group,2026-09,47.96
PRG-003,A1,2026-04,0.0
PRG-003,A1,2026-05,0.0
PRG-003,A1,2026-06,0.0
PRG-003,A1,2026-07,0.0
PRG-003,A1,2026-08,0.0
PRG-003,A1,2026-09,0.0
PRG-003,A2,2026-04,0.0
PRG-003,A2,2026-05,0.0
PRG-003,A2,2026-06,0.0
PRG-003,A2,2026-07,1.0
PRG-003,A2,2026-08,1.0
PRG-003,A2,2026-09,1.0
PRG-003,Group,2026-04,0.0
PRG-003,Group,2026-05,0.0
PRG-003,Group,2026-06,0.0
PRG-003,Group,2026-07,1.0
PRG-003,Group,2026-08,1.0
PRG-003,Group,2026-09,1.0
PRG-004,A1,2026-04,30.0
PRG-004,A1,2026-05,35.0
PRG-004,A1,2026-06,40.0
PRG-004,A1,2026-07,45.0
PRG-004,A1,2026-08,50.0
PRG-004,A1,2026-09,53.33
PRG-004,A2,2026-04,29.69
PRG-004,A2,2026-05,34.38
PRG-004,A2,2026-06,39.06
PRG-004,A2,2026-07,43.75
PRG-004,A2,2026-08,48.44
PRG-004,A2,2026-09,54.69
PRG-004,Group,2026-04,29.84
PRG-004,Group,2026-05,34.68
PRG-004,Group,2026-06,39.52
PRG-004,Group,2026-07,44.35
PRG-004,Group,2026-08,49.19
PRG-004,Group,2026-09,54.03
STR-002,A1,2026-04,30.0
STR-002,A1,2026-05,35.0
STR-002,A1,2026-06,40.0
STR-002,A1,2026-07,45.0
STR-002,A1,2026-08,50.0
STR-002,A1,2026-09,53.33
STR-002,A2,2026-04,29.69
STR-002,A2,2026-05,34.38
STR-002,A2,2026-06,39.06
STR-002,A2,2026-07,43.75
STR-002,A2,2026-08,48.44
STR-002,A2,2026-09,54.69
STR-002,Group,2026-04,29.84
STR-002,Group,2026-05,34.68
STR-002,Group,2026-06,39.52
STR-002,Group,2026-07,44.35
STR-002,Group,2026-08,49.19
STR-002,Group,2026-09,54.03
PRG-005,A1,2026-04,5 on track · 2 at risk · 1 delayed
PRG-005,A1,2026-05,5 on track · 2 at risk · 1 delayed
PRG-005,A1,2026-06,5 on track · 2 at risk · 1 delayed
PRG-005,A1,2026-07,5 on track · 2 at risk · 1 delayed
PRG-005,A1,2026-08,5 on track · 2 at risk · 1 delayed
PRG-005,A1,2026-09,5 on track · 2 at risk · 1 delayed
PRG-005,A2,2026-04,10 on track · 4 at risk · 2 delayed
PRG-005,A2,2026-05,10 on track · 4 at risk · 2 delayed
PRG-005,A2,2026-06,10 on track · 4 at risk · 2 delayed
PRG-005,A2,2026-07,10 on track · 4 at risk · 2 delayed
PRG-005,A2,2026-08,10 on track · 4 at risk · 2 delayed
PRG-005,A2,2026-09,10 on track · 4 at risk · 2 delayed
PRG-005,Group,2026-04,15 on track · 6 at risk · 3 delayed
PRG-005,Group,2026-05,15 on track · 6 at risk · 3 delayed
PRG-005,Group,2026-06,15 on track · 6 at risk · 3 delayed
PRG-005,Group,2026-07,15 on track · 6 at risk · 3 delayed
PRG-005,Group,2026-08,15 on track · 6 at risk · 3 delayed
PRG-005,Group,2026-09,15 on track · 6 at risk · 3 delayed
SUP-006,A1,2026-04,3.0
SUP-006,A1,2026-05,2.83
SUP-006,A1,2026-06,3.5
SUP-006,A1,2026-07,2.83
SUP-006,A1,2026-08,3.0
SUP-006,A1,2026-09,2.5
SUP-006,A2,2026-04,1.25
SUP-006,A2,2026-05,1.25
SUP-006,A2,2026-06,1.43
SUP-006,A2,2026-07,1.0
SUP-006,A2,2026-08,1.17
SUP-006,A2,2026-09,1.29
SUP-006,Group,2026-04,2.36
SUP-006,Group,2026-05,2.2
SUP-006,Group,2026-06,2.18
SUP-006,Group,2026-07,2.1
SUP-006,Group,2026-08,2.15
SUP-006,Group,2026-09,1.73
VAL-001,A1,2026-04,0.99
VAL-001,A1,2026-05,1.94
VAL-001,A1,2026-06,3.01
VAL-001,A1,2026-07,4.09
VAL-001,A1,2026-08,5.13
VAL-001,A1,2026-09,6.2
VAL-001,A2,2026-04,1.38
VAL-001,A2,2026-05,2.77
VAL-001,A2,2026-06,4.08
VAL-001,A2,2026-07,5.37
VAL-001,A2,2026-08,6.73
VAL-001,A2,2026-09,8.0
VAL-001,Group,2026-04,2.36
VAL-001,Group,2026-05,4.7
VAL-001,Group,2026-06,7.09
VAL-001,Group,2026-07,9.47
VAL-001,Group,2026-08,11.86
VAL-001,Group,2026-09,14.21
VAL-002,A1,2026-04,0.35
VAL-002,A1,2026-05,0.8
VAL-002,A1,2026-06,1.22
VAL-002,A1,2026-07,1.63
VAL-002,A1,2026-08,1.98
VAL-002,A1,2026-09,2.37
VAL-002,A2,2026-04,1.09
VAL-002,A2,2026-05,2.14
VAL-002,A2,2026-06,3.16
VAL-002,A2,2026-07,4.23
VAL-002,A2,2026-08,5.3
VAL-002,A2,2026-09,6.34
VAL-002,Group,2026-04,1.44
VAL-002,Group,2026-05,2.94
VAL-002,Group,2026-06,4.37
VAL-002,Group,2026-07,5.86
VAL-002,Group,2026-08,7.28
VAL-002,Group,2026-09,8.71
VAL-003,A1,2026-04,0.6
VAL-003,A1,2026-05,1.25
VAL-003,A1,2026-06,1.92
VAL-003,A1,2026-07,2.61
VAL-003,A1,2026-08,3.25
VAL-003,A1,2026-09,3.89
VAL-003,A2,2026-04,1.17
VAL-003,A2,2026-05,2.42
VAL-003,A2,2026-06,3.65
VAL-003,A2,2026-07,4.87
VAL-003,A2,2026-08,6.11
VAL-003,A2,2026-09,7.35
VAL-003,Group,2026-04,1.77
VAL-003,Group,2026-05,3.67
VAL-003,Group,2026-06,5.56
VAL-003,Group,2026-07,7.47
VAL-003,Group,2026-08,9.36
VAL-003,Group,2026-09,11.25
SUP-001,A1,2026-04,90.46
SUP-001,A1,2026-05,88.46
SUP-001,A1,2026-06,90.46
SUP-001,A1,2026-07,90.33
SUP-001,A1,2026-08,88.85
SUP-001,A1,2026-09,90.39
SUP-001,A2,2026-04,91.58
SUP-001,A2,2026-05,93.76
SUP-001,A2,2026-06,93.41
SUP-001,A2,2026-07,93.2
SUP-001,A2,2026-08,93.06
SUP-001,A2,2026-09,92.28
SUP-001,Plant01,2026-04,93.3
SUP-001,Plant01,2026-05,90.96
SUP-001,Plant01,2026-06,93.3
SUP-001,Plant01,2026-07,93.67
SUP-001,Plant01,2026-08,92.31
SUP-001,Plant01,2026-09,92.72
SUP-001,Plant02,2026-04,85.03
SUP-001,Plant02,2026-05,81.61
SUP-001,Plant02,2026-06,82.67
SUP-001,Plant02,2026-07,80.5
SUP-001,Plant02,2026-08,83.44
SUP-001,Plant02,2026-09,84.97
SUP-001,Plant03,2026-04,92.31
SUP-001,Plant03,2026-05,91.81
SUP-001,Plant03,2026-06,92.67
SUP-001,Plant03,2026-07,94.04
SUP-001,Plant03,2026-08,89.92
SUP-001,Plant03,2026-09,92.41
SUP-001,Plant04,2026-04,92.43
SUP-001,Plant04,2026-05,95.31
SUP-001,Plant04,2026-06,93.85
SUP-001,Plant04,2026-07,92.43
SUP-001,Plant04,2026-08,93.77
SUP-001,Plant04,2026-09,93.45
SUP-001,Plant05,2026-04,92.14
SUP-001,Plant05,2026-05,91.35
SUP-001,Plant05,2026-06,90.91
SUP-001,Plant05,2026-07,93.36
SUP-001,Plant05,2026-08,90.74
SUP-001,Plant05,2026-09,91.9
SUP-001,Plant06,2026-04,90.51
SUP-001,Plant06,2026-05,94.19
SUP-001,Plant06,2026-06,94.61
SUP-001,Plant06,2026-07,93.57
SUP-001,Plant06,2026-08,93.73
SUP-001,Plant06,2026-09,90.73
SUP-001,Group,2026-04,91.11
SUP-001,Group,2026-05,91.39
SUP-001,Group,2026-06,92.06
SUP-001,Group,2026-07,91.89
SUP-001,Group,2026-08,91.17
SUP-001,Group,2026-09,91.41
SUP-002,A1,2026-04,96.27
SUP-002,A1,2026-05,96.41
SUP-002,A1,2026-06,96.75
SUP-002,A1,2026-07,95.68
SUP-002,A1,2026-08,96.91
SUP-002,A1,2026-09,97.01
SUP-002,A2,2026-04,95.63
SUP-002,A2,2026-05,94.55
SUP-002,A2,2026-06,97.11
SUP-002,A2,2026-07,96.07
SUP-002,A2,2026-08,96.94
SUP-002,A2,2026-09,96.61
SUP-002,Plant01,2026-04,96.72
SUP-002,Plant01,2026-05,95.94
SUP-002,Plant01,2026-06,96.9
SUP-002,Plant01,2026-07,96.33
SUP-002,Plant01,2026-08,96.69
SUP-002,Plant01,2026-09,96.14
SUP-002,Plant02,2026-04,98.87
SUP-002,Plant02,2026-05,98.45
SUP-002,Plant02,2026-06,98.29
SUP-002,Plant02,2026-07,96.11
SUP-002,Plant02,2026-08,97.03
SUP-002,Plant02,2026-09,97.38
SUP-002,Plant03,2026-04,94.12
SUP-002,Plant03,2026-05,95.22
SUP-002,Plant03,2026-06,95.55
SUP-002,Plant03,2026-07,94.98
SUP-002,Plant03,2026-08,96.99
SUP-002,Plant03,2026-09,97.28
SUP-002,Plant04,2026-04,95.13
SUP-002,Plant04,2026-05,94.49
SUP-002,Plant04,2026-06,97.21
SUP-002,Plant04,2026-07,94.76
SUP-002,Plant04,2026-08,94.42
SUP-002,Plant04,2026-09,94.71
SUP-002,Plant05,2026-04,94.05
SUP-002,Plant05,2026-05,94.29
SUP-002,Plant05,2026-06,97.36
SUP-002,Plant05,2026-07,95.02
SUP-002,Plant05,2026-08,97.47
SUP-002,Plant05,2026-09,98.98
SUP-002,Plant06,2026-04,98.11
SUP-002,Plant06,2026-05,94.96
SUP-002,Plant06,2026-06,96.72
SUP-002,Plant06,2026-07,98.36
SUP-002,Plant06,2026-08,98.29
SUP-002,Plant06,2026-09,95.06
SUP-002,Group,2026-04,95.96
SUP-002,Group,2026-05,95.52
SUP-002,Group,2026-06,96.93
SUP-002,Group,2026-07,95.87
SUP-002,Group,2026-08,96.93
SUP-002,Group,2026-09,96.82
SUP-003,A1,2026-04,1.18
SUP-003,A1,2026-05,0.82
SUP-003,A1,2026-06,0.98
SUP-003,A1,2026-07,1.15
SUP-003,A1,2026-08,1.59
SUP-003,A1,2026-09,0.97
SUP-003,A2,2026-04,1.19
SUP-003,A2,2026-05,1.05
SUP-003,A2,2026-06,0.75
SUP-003,A2,2026-07,0.64
SUP-003,A2,2026-08,1.06
SUP-003,A2,2026-09,1.28
SUP-003,Plant01,2026-04,1.46
SUP-003,Plant01,2026-05,0.72
SUP-003,Plant01,2026-06,0.83
SUP-003,Plant01,2026-07,1.54
SUP-003,Plant01,2026-08,1.28
SUP-003,Plant01,2026-09,1.4
SUP-003,Plant02,2026-04,1.0
SUP-003,Plant02,2026-05,0.84
SUP-003,Plant02,2026-06,1.39
SUP-003,Plant02,2026-07,0.71
SUP-003,Plant02,2026-08,1.66
SUP-003,Plant02,2026-09,1.11
SUP-003,Plant03,2026-04,1.14
SUP-003,Plant03,2026-05,0.87
SUP-003,Plant03,2026-06,0.78
SUP-003,Plant03,2026-07,1.2
SUP-003,Plant03,2026-08,1.75
SUP-003,Plant03,2026-09,0.62
SUP-003,Plant04,2026-04,1.01
SUP-003,Plant04,2026-05,1.66
SUP-003,Plant04,2026-06,1.48
SUP-003,Plant04,2026-07,0.63
SUP-003,Plant04,2026-08,1.56
SUP-003,Plant04,2026-09,1.61
SUP-003,Plant05,2026-04,1.39
SUP-003,Plant05,2026-05,0.52
SUP-003,Plant05,2026-06,0.47
SUP-003,Plant05,2026-07,0.49
SUP-003,Plant05,2026-08,0.79
SUP-003,Plant05,2026-09,1.01
SUP-003,Plant06,2026-04,1.08
SUP-003,Plant06,2026-05,1.26
SUP-003,Plant06,2026-06,0.55
SUP-003,Plant06,2026-07,0.85
SUP-003,Plant06,2026-08,1.02
SUP-003,Plant06,2026-09,1.37
SUP-003,Group,2026-04,1.19
SUP-003,Group,2026-05,0.93
SUP-003,Group,2026-06,0.87
SUP-003,Group,2026-07,0.9
SUP-003,Group,2026-08,1.33
SUP-003,Group,2026-09,1.12
SUP-004,A1,2026-04,6.05
SUP-004,A1,2026-05,3.19
SUP-004,A1,2026-06,3.94
SUP-004,A1,2026-07,6.91
SUP-004,A1,2026-08,4.97
SUP-004,A1,2026-09,6.91
SUP-004,A2,2026-04,4.64
SUP-004,A2,2026-05,2.6
SUP-004,A2,2026-06,2.44
SUP-004,A2,2026-07,-0.62
SUP-004,A2,2026-08,0.08
SUP-004,A2,2026-09,3.65
SUP-004,Plant01,2026-04,-0.85
SUP-004,Plant01,2026-05,0.23
SUP-004,Plant01,2026-06,-0.1
SUP-004,Plant01,2026-07,4.04
SUP-004,Plant01,2026-08,-1.5
SUP-004,Plant01,2026-09,4.97
SUP-004,Plant02,2026-04,15.33
SUP-004,Plant02,2026-05,12.99
SUP-004,Plant02,2026-06,11.75
SUP-004,Plant02,2026-07,17.33
SUP-004,Plant02,2026-08,18.75
SUP-004,Plant02,2026-09,17.33
SUP-004,Plant03,2026-04,4.73
SUP-004,Plant03,2026-05,0.17
SUP-004,Plant03,2026-06,2.53
SUP-004,Plant03,2026-07,0.54
SUP-004,Plant03,2026-08,3.07
SUP-004,Plant03,2026-09,2.35
SUP-004,Plant04,2026-04,3.74
SUP-004,Plant04,2026-05,-0.46
SUP-004,Plant04,2026-06,-0.65
SUP-004,Plant04,2026-07,-1.66
SUP-004,Plant04,2026-08,-0.7
SUP-004,Plant04,2026-09,3.92
SUP-004,Plant05,2026-04,7.34
SUP-004,Plant05,2026-05,4.32
SUP-004,Plant05,2026-06,6.0
SUP-004,Plant05,2026-07,-1.32
SUP-004,Plant05,2026-08,3.49
SUP-004,Plant05,2026-09,6.68
SUP-004,Plant06,2026-04,1.36
SUP-004,Plant06,2026-05,5.12
SUP-004,Plant06,2026-06,-1.19
SUP-004,Plant06,2026-07,0.76
SUP-004,Plant06,2026-08,-1.21
SUP-004,Plant06,2026-09,-1.14
SUP-004,Group,2026-04,5.29
SUP-004,Group,2026-05,2.93
SUP-004,Group,2026-06,3.18
SUP-004,Group,2026-07,2.48
SUP-004,Group,2026-08,2.53
SUP-004,Group,2026-09,5.25
SUP-005,A1,2026-04,2.0
SUP-005,A1,2026-05,2.0
SUP-005,A1,2026-06,2.0
SUP-005,A1,2026-07,2.0
SUP-005,A1,2026-08,2.0
SUP-005,A1,2026-09,2.0
SUP-005,A2,2026-04,1.0
SUP-005,A2,2026-05,1.0
SUP-005,A2,2026-06,1.0
SUP-005,A2,2026-07,1.0
SUP-005,A2,2026-08,1.0
SUP-005,A2,2026-09,1.0
SUP-005,Group,2026-04,3.0
SUP-005,Group,2026-05,3.0
SUP-005,Group,2026-06,3.0
SUP-005,Group,2026-07,3.0
SUP-005,Group,2026-08,3.0
SUP-005,Group,2026-09,3.0
SUP-007,A1,2026-04,38.35
SUP-007,A1,2026-05,40.04
SUP-007,A1,2026-06,38.32
SUP-007,A1,2026-07,38.25
SUP-007,A1,2026-08,38.77
SUP-007,A1,2026-09,34.81
SUP-007,A2,2026-04,31.0
SUP-007,A2,2026-05,32.58
SUP-007,A2,2026-06,36.46
SUP-007,A2,2026-07,34.35
SUP-007,A2,2026-08,34.68
SUP-007,A2,2026-09,35.55
SUP-007,Plant01,2026-04,30.8
SUP-007,Plant01,2026-05,34.96
SUP-007,Plant01,2026-06,31.54
SUP-007,Plant01,2026-07,38.92
SUP-007,Plant01,2026-08,37.62
SUP-007,Plant01,2026-09,30.12
SUP-007,Plant02,2026-04,45.29
SUP-007,Plant02,2026-05,46.14
SUP-007,Plant02,2026-06,45.17
SUP-007,Plant02,2026-07,46.06
SUP-007,Plant02,2026-08,47.35
SUP-007,Plant02,2026-09,43.02
SUP-007,Plant03,2026-04,37.8
SUP-007,Plant03,2026-05,38.25
SUP-007,Plant03,2026-06,36.81
SUP-007,Plant03,2026-07,30.59
SUP-007,Plant03,2026-08,33.52
SUP-007,Plant03,2026-09,30.7
SUP-007,Plant04,2026-04,30.54
SUP-007,Plant04,2026-05,31.27
SUP-007,Plant04,2026-06,35.96
SUP-007,Plant04,2026-07,32.4
SUP-007,Plant04,2026-08,37.32
SUP-007,Plant04,2026-09,31.2
SUP-007,Plant05,2026-04,30.78
SUP-007,Plant05,2026-05,31.51
SUP-007,Plant05,2026-06,37.12
SUP-007,Plant05,2026-07,35.73
SUP-007,Plant05,2026-08,33.86
SUP-007,Plant05,2026-09,35.54
SUP-007,Plant06,2026-04,31.77
SUP-007,Plant06,2026-05,35.47
SUP-007,Plant06,2026-06,35.86
SUP-007,Plant06,2026-07,34.01
SUP-007,Plant06,2026-08,33.7
SUP-007,Plant06,2026-09,39.87
SUP-007,Group,2026-04,34.56
SUP-007,Group,2026-05,36.53
SUP-007,Group,2026-06,37.4
SUP-007,Group,2026-07,36.17
SUP-007,Group,2026-08,36.78
SUP-007,Group,2026-09,35.19
SUP-008,A1,2026-04,0.0
SUP-008,A1,2026-05,0.0
SUP-008,A1,2026-06,1.0
SUP-008,A1,2026-07,1.0
SUP-008,A1,2026-08,1.0
SUP-008,A1,2026-09,2.0
SUP-008,A2,2026-04,0.0
SUP-008,A2,2026-05,0.0
SUP-008,A2,2026-06,0.0
SUP-008,A2,2026-07,0.0
SUP-008,A2,2026-08,0.0
SUP-008,A2,2026-09,1.0
SUP-008,Plant01,2026-04,0.0
SUP-008,Plant01,2026-05,0.0
SUP-008,Plant01,2026-06,1.0
SUP-008,Plant01,2026-07,1.0
SUP-008,Plant01,2026-08,1.0
SUP-008,Plant01,2026-09,2.0
SUP-008,Plant02,2026-04,0.0
SUP-008,Plant02,2026-05,0.0
SUP-008,Plant02,2026-06,0.0
SUP-008,Plant02,2026-07,0.0
SUP-008,Plant02,2026-08,0.0
SUP-008,Plant02,2026-09,0.0
SUP-008,Plant03,2026-04,0.0
SUP-008,Plant03,2026-05,0.0
SUP-008,Plant03,2026-06,0.0
SUP-008,Plant03,2026-07,0.0
SUP-008,Plant03,2026-08,0.0
SUP-008,Plant03,2026-09,0.0
SUP-008,Plant04,2026-04,0.0
SUP-008,Plant04,2026-05,0.0
SUP-008,Plant04,2026-06,0.0
SUP-008,Plant04,2026-07,0.0
SUP-008,Plant04,2026-08,0.0
SUP-008,Plant04,2026-09,0.0
SUP-008,Plant05,2026-04,0.0
SUP-008,Plant05,2026-05,0.0
SUP-008,Plant05,2026-06,0.0
SUP-008,Plant05,2026-07,0.0
SUP-008,Plant05,2026-08,0.0
SUP-008,Plant05,2026-09,1.0
SUP-008,Plant06,2026-04,0.0
SUP-008,Plant06,2026-05,0.0
SUP-008,Plant06,2026-06,0.0
SUP-008,Plant06,2026-07,0.0
SUP-008,Plant06,2026-08,0.0
SUP-008,Plant06,2026-09,0.0
SUP-008,Group,2026-04,0.0
SUP-008,Group,2026-05,0.0
SUP-008,Group,2026-06,1.0
SUP-008,Group,2026-07,1.0
SUP-008,Group,2026-08,1.0
SUP-008,Group,2026-09,3.0
CON-001,A1,2026-04,1.0
CON-001,A1,2026-05,2.0
CON-001,A1,2026-06,2.0
CON-001,A1,2026-07,2.0
CON-001,A1,2026-08,2.0
CON-001,A1,2026-09,2.0
CON-001,A2,2026-04,2.0
CON-001,A2,2026-05,3.0
CON-001,A2,2026-06,2.0
CON-001,A2,2026-07,3.0
CON-001,A2,2026-08,2.0
CON-001,A2,2026-09,2.0
CON-001,Group,2026-04,3.0
CON-001,Group,2026-05,5.0
CON-001,Group,2026-06,4.0
CON-001,Group,2026-07,5.0
CON-001,Group,2026-08,4.0
CON-001,Group,2026-09,4.0
CON-002,A1,2026-04,95.83
CON-002,A1,2026-05,94.44
CON-002,A1,2026-06,95.83
CON-002,A1,2026-07,94.44
CON-002,A1,2026-08,94.44
CON-002,A1,2026-09,95.83
CON-002,A2,2026-04,97.06
CON-002,A2,2026-05,95.59
CON-002,A2,2026-06,97.06
CON-002,A2,2026-07,95.59
CON-002,A2,2026-08,95.59
CON-002,A2,2026-09,95.59
CON-002,Group,2026-04,96.43
CON-002,Group,2026-05,95.0
CON-002,Group,2026-06,96.43
CON-002,Group,2026-07,95.0
CON-002,Group,2026-08,95.0
CON-002,Group,2026-09,95.71
CON-003,A1,2026-04,0.0
CON-003,A1,2026-05,0.0
CON-003,A1,2026-06,0.0
CON-003,A1,2026-07,0.0
CON-003,A1,2026-08,0.0
CON-003,A1,2026-09,0.0
CON-003,A2,2026-04,1.0
CON-003,A2,2026-05,1.0
CON-003,A2,2026-06,0.0
CON-003,A2,2026-07,1.0
CON-003,A2,2026-08,0.0
CON-003,A2,2026-09,0.0
CON-003,Group,2026-04,1.0
CON-003,Group,2026-05,1.0
CON-003,Group,2026-06,0.0
CON-003,Group,2026-07,1.0
CON-003,Group,2026-08,0.0
CON-003,Group,2026-09,0.0
REG-001,A1,2026-04,1.0
REG-001,A1,2026-05,2.0
REG-001,A1,2026-06,0.0
REG-001,A1,2026-07,0.0
REG-001,A1,2026-08,0.0
REG-001,A1,2026-09,0.0
REG-001,A2,2026-04,2.0
REG-001,A2,2026-05,1.0
REG-001,A2,2026-06,1.0
REG-001,A2,2026-07,1.0
REG-001,A2,2026-08,0.0
REG-001,A2,2026-09,0.0
REG-001,Plant01,2026-04,0.0
REG-001,Plant01,2026-05,1.0
REG-001,Plant01,2026-06,0.0
REG-001,Plant01,2026-07,0.0
REG-001,Plant01,2026-08,0.0
REG-001,Plant01,2026-09,0.0
REG-001,Plant02,2026-04,1.0
REG-001,Plant02,2026-05,0.0
REG-001,Plant02,2026-06,0.0
REG-001,Plant02,2026-07,0.0
REG-001,Plant02,2026-08,0.0
REG-001,Plant02,2026-09,0.0
REG-001,Plant03,2026-04,0.0
REG-001,Plant03,2026-05,1.0
REG-001,Plant03,2026-06,0.0
REG-001,Plant03,2026-07,0.0
REG-001,Plant03,2026-08,0.0
REG-001,Plant03,2026-09,0.0
REG-001,Plant04,2026-04,1.0
REG-001,Plant04,2026-05,1.0
REG-001,Plant04,2026-06,0.0
REG-001,Plant04,2026-07,0.0
REG-001,Plant04,2026-08,0.0
REG-001,Plant04,2026-09,0.0
REG-001,Plant05,2026-04,0.0
REG-001,Plant05,2026-05,0.0
REG-001,Plant05,2026-06,1.0
REG-001,Plant05,2026-07,1.0
REG-001,Plant05,2026-08,0.0
REG-001,Plant05,2026-09,0.0
REG-001,Plant06,2026-04,1.0
REG-001,Plant06,2026-05,0.0
REG-001,Plant06,2026-06,0.0
REG-001,Plant06,2026-07,0.0
REG-001,Plant06,2026-08,0.0
REG-001,Plant06,2026-09,0.0
REG-001,Group,2026-04,3.0
REG-001,Group,2026-05,3.0
REG-001,Group,2026-06,1.0
REG-001,Group,2026-07,1.0
REG-001,Group,2026-08,0.0
REG-001,Group,2026-09,0.0
REG-002,A1,2026-04,2.0
REG-002,A1,2026-05,1.0
REG-002,A1,2026-06,0.0
REG-002,A1,2026-07,0.0
REG-002,A1,2026-08,0.0
REG-002,A1,2026-09,2.0
REG-002,A2,2026-04,0.0
REG-002,A2,2026-05,0.0
REG-002,A2,2026-06,2.0
REG-002,A2,2026-07,2.0
REG-002,A2,2026-08,0.0
REG-002,A2,2026-09,1.0
REG-002,Plant01,2026-04,1.0
REG-002,Plant01,2026-05,0.0
REG-002,Plant01,2026-06,0.0
REG-002,Plant01,2026-07,0.0
REG-002,Plant01,2026-08,0.0
REG-002,Plant01,2026-09,1.0
REG-002,Plant02,2026-04,1.0
REG-002,Plant02,2026-05,1.0
REG-002,Plant02,2026-06,0.0
REG-002,Plant02,2026-07,0.0
REG-002,Plant02,2026-08,0.0
REG-002,Plant02,2026-09,0.0
REG-002,Plant03,2026-04,0.0
REG-002,Plant03,2026-05,0.0
REG-002,Plant03,2026-06,0.0
REG-002,Plant03,2026-07,0.0
REG-002,Plant03,2026-08,0.0
REG-002,Plant03,2026-09,1.0
REG-002,Plant04,2026-04,0.0
REG-002,Plant04,2026-05,0.0
REG-002,Plant04,2026-06,0.0
REG-002,Plant04,2026-07,1.0
REG-002,Plant04,2026-08,0.0
REG-002,Plant04,2026-09,0.0
REG-002,Plant05,2026-04,0.0
REG-002,Plant05,2026-05,0.0
REG-002,Plant05,2026-06,1.0
REG-002,Plant05,2026-07,1.0
REG-002,Plant05,2026-08,0.0
REG-002,Plant05,2026-09,0.0
REG-002,Plant06,2026-04,0.0
REG-002,Plant06,2026-05,0.0
REG-002,Plant06,2026-06,1.0
REG-002,Plant06,2026-07,0.0
REG-002,Plant06,2026-08,0.0
REG-002,Plant06,2026-09,1.0
REG-002,Group,2026-04,2.0
REG-002,Group,2026-05,1.0
REG-002,Group,2026-06,2.0
REG-002,Group,2026-07,2.0
REG-002,Group,2026-08,0.0
REG-002,Group,2026-09,3.0
REG-003,A1,2026-04,2.0
REG-003,A1,2026-05,1.0
REG-003,A1,2026-06,2.0
REG-003,A1,2026-07,1.0
REG-003,A1,2026-08,1.0
REG-003,A1,2026-09,1.0
REG-003,A2,2026-04,1.0
REG-003,A2,2026-05,0.0
REG-003,A2,2026-06,1.0
REG-003,A2,2026-07,1.0
REG-003,A2,2026-08,1.0
REG-003,A2,2026-09,0.0
REG-003,Plant01,2026-04,0.0
REG-003,Plant01,2026-05,0.0
REG-003,Plant01,2026-06,0.0
REG-003,Plant01,2026-07,0.0
REG-003,Plant01,2026-08,0.0
REG-003,Plant01,2026-09,0.0
REG-003,Plant02,2026-04,1.0
REG-003,Plant02,2026-05,1.0
REG-003,Plant02,2026-06,1.0
REG-003,Plant02,2026-07,1.0
REG-003,Plant02,2026-08,1.0
REG-003,Plant02,2026-09,1.0
REG-003,Plant03,2026-04,1.0
REG-003,Plant03,2026-05,0.0
REG-003,Plant03,2026-06,1.0
REG-003,Plant03,2026-07,0.0
REG-003,Plant03,2026-08,0.0
REG-003,Plant03,2026-09,0.0
REG-003,Plant04,2026-04,0.0
REG-003,Plant04,2026-05,0.0
REG-003,Plant04,2026-06,0.0
REG-003,Plant04,2026-07,0.0
REG-003,Plant04,2026-08,0.0
REG-003,Plant04,2026-09,0.0
REG-003,Plant05,2026-04,1.0
REG-003,Plant05,2026-05,0.0
REG-003,Plant05,2026-06,1.0
REG-003,Plant05,2026-07,0.0
REG-003,Plant05,2026-08,0.0
REG-003,Plant05,2026-09,0.0
REG-003,Plant06,2026-04,0.0
REG-003,Plant06,2026-05,0.0
REG-003,Plant06,2026-06,0.0
REG-003,Plant06,2026-07,1.0
REG-003,Plant06,2026-08,1.0
REG-003,Plant06,2026-09,0.0
REG-003,Group,2026-04,3.0
REG-003,Group,2026-05,1.0
REG-003,Group,2026-06,3.0
REG-003,Group,2026-07,2.0
REG-003,Group,2026-08,2.0
REG-003,Group,2026-09,1.0
REG-004,A1,2026-04,3.0
REG-004,A1,2026-05,1.0
REG-004,A1,2026-06,2.0
REG-004,A1,2026-07,1.0
REG-004,A1,2026-08,2.0
REG-004,A1,2026-09,1.0
REG-004,A2,2026-04,1.0
REG-004,A2,2026-05,1.0
REG-004,A2,2026-06,2.0
REG-004,A2,2026-07,3.0
REG-004,A2,2026-08,2.0
REG-004,A2,2026-09,1.0
REG-004,Plant01,2026-04,1.0
REG-004,Plant01,2026-05,0.0
REG-004,Plant01,2026-06,1.0
REG-004,Plant01,2026-07,0.0
REG-004,Plant01,2026-08,1.0
REG-004,Plant01,2026-09,0.0
REG-004,Plant02,2026-04,1.0
REG-004,Plant02,2026-05,0.0
REG-004,Plant02,2026-06,1.0
REG-004,Plant02,2026-07,1.0
REG-004,Plant02,2026-08,0.0
REG-004,Plant02,2026-09,1.0
REG-004,Plant03,2026-04,1.0
REG-004,Plant03,2026-05,1.0
REG-004,Plant03,2026-06,0.0
REG-004,Plant03,2026-07,0.0
REG-004,Plant03,2026-08,1.0
REG-004,Plant03,2026-09,0.0
REG-004,Plant04,2026-04,0.0
REG-004,Plant04,2026-05,0.0
REG-004,Plant04,2026-06,1.0
REG-004,Plant04,2026-07,1.0
REG-004,Plant04,2026-08,1.0
REG-004,Plant04,2026-09,0.0
REG-004,Plant05,2026-04,1.0
REG-004,Plant05,2026-05,1.0
REG-004,Plant05,2026-06,1.0
REG-004,Plant05,2026-07,1.0
REG-004,Plant05,2026-08,1.0
REG-004,Plant05,2026-09,1.0
REG-004,Plant06,2026-04,0.0
REG-004,Plant06,2026-05,0.0
REG-004,Plant06,2026-06,0.0
REG-004,Plant06,2026-07,1.0
REG-004,Plant06,2026-08,0.0
REG-004,Plant06,2026-09,0.0
REG-004,Group,2026-04,4.0
REG-004,Group,2026-05,2.0
REG-004,Group,2026-06,4.0
REG-004,Group,2026-07,4.0
REG-004,Group,2026-08,4.0
REG-004,Group,2026-09,2.0
REG-005,A1,2026-04,0.0
REG-005,A1,2026-05,0.0
REG-005,A1,2026-06,0.0
REG-005,A1,2026-07,0.0
REG-005,A1,2026-08,0.0
REG-005,A1,2026-09,0.0
REG-005,A2,2026-04,0.0
REG-005,A2,2026-05,0.0
REG-005,A2,2026-06,0.0
REG-005,A2,2026-07,0.0
REG-005,A2,2026-08,0.0
REG-005,A2,2026-09,0.0
REG-005,Plant01,2026-04,0.0
REG-005,Plant01,2026-05,0.0
REG-005,Plant01,2026-06,0.0
REG-005,Plant01,2026-07,0.0
REG-005,Plant01,2026-08,0.0
REG-005,Plant01,2026-09,0.0
REG-005,Plant02,2026-04,0.0
REG-005,Plant02,2026-05,0.0
REG-005,Plant02,2026-06,0.0
REG-005,Plant02,2026-07,0.0
REG-005,Plant02,2026-08,0.0
REG-005,Plant02,2026-09,0.0
REG-005,Plant03,2026-04,0.0
REG-005,Plant03,2026-05,0.0
REG-005,Plant03,2026-06,0.0
REG-005,Plant03,2026-07,0.0
REG-005,Plant03,2026-08,0.0
REG-005,Plant03,2026-09,0.0
REG-005,Plant04,2026-04,0.0
REG-005,Plant04,2026-05,0.0
REG-005,Plant04,2026-06,0.0
REG-005,Plant04,2026-07,0.0
REG-005,Plant04,2026-08,0.0
REG-005,Plant04,2026-09,0.0
REG-005,Plant05,2026-04,0.0
REG-005,Plant05,2026-05,0.0
REG-005,Plant05,2026-06,0.0
REG-005,Plant05,2026-07,0.0
REG-005,Plant05,2026-08,0.0
REG-005,Plant05,2026-09,0.0
REG-005,Plant06,2026-04,0.0
REG-005,Plant06,2026-05,0.0
REG-005,Plant06,2026-06,0.0
REG-005,Plant06,2026-07,0.0
REG-005,Plant06,2026-08,0.0
REG-005,Plant06,2026-09,0.0
REG-005,Group,2026-04,0.0
REG-005,Group,2026-05,0.0
REG-005,Group,2026-06,0.0
REG-005,Group,2026-07,0.0
REG-005,Group,2026-08,0.0
REG-005,Group,2026-09,0.0
REG-007,A1,2026-04,0.0
REG-007,A1,2026-05,0.0
REG-007,A1,2026-06,0.0
REG-007,A1,2026-07,1.0
REG-007,A1,2026-08,0.0
REG-007,A1,2026-09,0.0
REG-007,A2,2026-04,0.0
REG-007,A2,2026-05,1.0
REG-007,A2,2026-06,0.0
REG-007,A2,2026-07,0.0
REG-007,A2,2026-08,1.0
REG-007,A2,2026-09,0.0
REG-007,Plant01,2026-04,0.0
REG-007,Plant01,2026-05,0.0
REG-007,Plant01,2026-06,0.0
REG-007,Plant01,2026-07,1.0
REG-007,Plant01,2026-08,0.0
REG-007,Plant01,2026-09,0.0
REG-007,Plant02,2026-04,0.0
REG-007,Plant02,2026-05,0.0
REG-007,Plant02,2026-06,0.0
REG-007,Plant02,2026-07,0.0
REG-007,Plant02,2026-08,0.0
REG-007,Plant02,2026-09,0.0
REG-007,Plant03,2026-04,0.0
REG-007,Plant03,2026-05,0.0
REG-007,Plant03,2026-06,0.0
REG-007,Plant03,2026-07,0.0
REG-007,Plant03,2026-08,0.0
REG-007,Plant03,2026-09,0.0
REG-007,Plant04,2026-04,0.0
REG-007,Plant04,2026-05,1.0
REG-007,Plant04,2026-06,0.0
REG-007,Plant04,2026-07,0.0
REG-007,Plant04,2026-08,0.0
REG-007,Plant04,2026-09,0.0
REG-007,Plant05,2026-04,0.0
REG-007,Plant05,2026-05,0.0
REG-007,Plant05,2026-06,0.0
REG-007,Plant05,2026-07,0.0
REG-007,Plant05,2026-08,1.0
REG-007,Plant05,2026-09,0.0
REG-007,Plant06,2026-04,0.0
REG-007,Plant06,2026-05,0.0
REG-007,Plant06,2026-06,0.0
REG-007,Plant06,2026-07,0.0
REG-007,Plant06,2026-08,0.0
REG-007,Plant06,2026-09,0.0
REG-007,Group,2026-04,0.0
REG-007,Group,2026-05,1.0
REG-007,Group,2026-06,0.0
REG-007,Group,2026-07,1.0
REG-007,Group,2026-08,1.0
REG-007,Group,2026-09,0.0
REG-008,A1,2026-04,0.0
REG-008,A1,2026-05,0.0
REG-008,A1,2026-06,0.0
REG-008,A1,2026-07,0.0
REG-008,A1,2026-08,0.0
REG-008,A1,2026-09,0.0
REG-008,A2,2026-04,0.0
REG-008,A2,2026-05,0.0
REG-008,A2,2026-06,0.0
REG-008,A2,2026-07,0.0
REG-008,A2,2026-08,0.0
REG-008,A2,2026-09,0.0
REG-008,Plant01,2026-04,0.0
REG-008,Plant01,2026-05,0.0
REG-008,Plant01,2026-06,0.0
REG-008,Plant01,2026-07,0.0
REG-008,Plant01,2026-08,0.0
REG-008,Plant01,2026-09,0.0
REG-008,Plant02,2026-04,0.0
REG-008,Plant02,2026-05,0.0
REG-008,Plant02,2026-06,0.0
REG-008,Plant02,2026-07,0.0
REG-008,Plant02,2026-08,0.0
REG-008,Plant02,2026-09,0.0
REG-008,Plant03,2026-04,0.0
REG-008,Plant03,2026-05,0.0
REG-008,Plant03,2026-06,0.0
REG-008,Plant03,2026-07,0.0
REG-008,Plant03,2026-08,0.0
REG-008,Plant03,2026-09,0.0
REG-008,Plant04,2026-04,0.0
REG-008,Plant04,2026-05,0.0
REG-008,Plant04,2026-06,0.0
REG-008,Plant04,2026-07,0.0
REG-008,Plant04,2026-08,0.0
REG-008,Plant04,2026-09,0.0
REG-008,Plant05,2026-04,0.0
REG-008,Plant05,2026-05,0.0
REG-008,Plant05,2026-06,0.0
REG-008,Plant05,2026-07,0.0
REG-008,Plant05,2026-08,0.0
REG-008,Plant05,2026-09,0.0
REG-008,Plant06,2026-04,0.0
REG-008,Plant06,2026-05,0.0
REG-008,Plant06,2026-06,0.0
REG-008,Plant06,2026-07,0.0
REG-008,Plant06,2026-08,0.0
REG-008,Plant06,2026-09,0.0
REG-008,Group,2026-04,0.0
REG-008,Group,2026-05,0.0
REG-008,Group,2026-06,0.0
REG-008,Group,2026-07,0.0
REG-008,Group,2026-08,0.0
REG-008,Group,2026-09,0.0
REG-009,A1,2026-04,Not triggered
REG-009,A1,2026-05,Not triggered
REG-009,A1,2026-06,Not triggered
REG-009,A1,2026-07,Not triggered
REG-009,A1,2026-08,Not triggered
REG-009,A1,2026-09,Not triggered
REG-009,A2,2026-04,Not triggered
REG-009,A2,2026-05,Not triggered
REG-009,A2,2026-06,Not triggered
REG-009,A2,2026-07,Not triggered
REG-009,A2,2026-08,Not triggered
REG-009,A2,2026-09,Not triggered
REG-009,Plant01,2026-04,Not triggered
REG-009,Plant01,2026-05,Not triggered
REG-009,Plant01,2026-06,Not triggered
REG-009,Plant01,2026-07,Not triggered
REG-009,Plant01,2026-08,Not triggered
REG-009,Plant01,2026-09,Not triggered
REG-009,Plant02,2026-04,Not triggered
REG-009,Plant02,2026-05,Not triggered
REG-009,Plant02,2026-06,Not triggered
REG-009,Plant02,2026-07,Not triggered
REG-009,Plant02,2026-08,Not triggered
REG-009,Plant02,2026-09,Not triggered
REG-009,Plant03,2026-04,Not triggered
REG-009,Plant03,2026-05,Not triggered
REG-009,Plant03,2026-06,Not triggered
REG-009,Plant03,2026-07,Not triggered
REG-009,Plant03,2026-08,Not triggered
REG-009,Plant03,2026-09,Not triggered
REG-009,Plant04,2026-04,Not triggered
REG-009,Plant04,2026-05,Not triggered
REG-009,Plant04,2026-06,Not triggered
REG-009,Plant04,2026-07,Not triggered
REG-009,Plant04,2026-08,Not triggered
REG-009,Plant04,2026-09,Not triggered
REG-009,Plant05,2026-04,Not triggered
REG-009,Plant05,2026-05,Not triggered
REG-009,Plant05,2026-06,Not triggered
REG-009,Plant05,2026-07,Not triggered
REG-009,Plant05,2026-08,Not triggered
REG-009,Plant05,2026-09,Not triggered
REG-009,Plant06,2026-04,Not triggered
REG-009,Plant06,2026-05,Not triggered
REG-009,Plant06,2026-06,Not triggered
REG-009,Plant06,2026-07,Not triggered
REG-009,Plant06,2026-08,Not triggered
REG-009,Plant06,2026-09,Not triggered
REG-009,Group,2026-04,Not triggered
REG-009,Group,2026-05,Not triggered
REG-009,Group,2026-06,Not triggered
REG-009,Group,2026-07,Not triggered
REG-009,Group,2026-08,Not triggered
REG-009,Group,2026-09,Not triggered
REG-010,A1,2026-04,0.0
REG-010,A1,2026-05,0.0
REG-010,A1,2026-06,0.0
REG-010,A1,2026-07,0.0
REG-010,A1,2026-08,0.0
REG-010,A1,2026-09,0.0
REG-010,A2,2026-04,0.0
REG-010,A2,2026-05,0.0
REG-010,A2,2026-06,0.0
REG-010,A2,2026-07,0.0
REG-010,A2,2026-08,0.0
REG-010,A2,2026-09,0.0
REG-010,Plant01,2026-04,0.0
REG-010,Plant01,2026-05,0.0
REG-010,Plant01,2026-06,0.0
REG-010,Plant01,2026-07,0.0
REG-010,Plant01,2026-08,0.0
REG-010,Plant01,2026-09,0.0
REG-010,Plant02,2026-04,0.0
REG-010,Plant02,2026-05,0.0
REG-010,Plant02,2026-06,0.0
REG-010,Plant02,2026-07,0.0
REG-010,Plant02,2026-08,0.0
REG-010,Plant02,2026-09,0.0
REG-010,Plant03,2026-04,0.0
REG-010,Plant03,2026-05,0.0
REG-010,Plant03,2026-06,0.0
REG-010,Plant03,2026-07,0.0
REG-010,Plant03,2026-08,0.0
REG-010,Plant03,2026-09,0.0
REG-010,Plant04,2026-04,0.0
REG-010,Plant04,2026-05,0.0
REG-010,Plant04,2026-06,0.0
REG-010,Plant04,2026-07,0.0
REG-010,Plant04,2026-08,0.0
REG-010,Plant04,2026-09,0.0
REG-010,Plant05,2026-04,0.0
REG-010,Plant05,2026-05,0.0
REG-010,Plant05,2026-06,0.0
REG-010,Plant05,2026-07,0.0
REG-010,Plant05,2026-08,0.0
REG-010,Plant05,2026-09,0.0
REG-010,Plant06,2026-04,0.0
REG-010,Plant06,2026-05,0.0
REG-010,Plant06,2026-06,0.0
REG-010,Plant06,2026-07,0.0
REG-010,Plant06,2026-08,0.0
REG-010,Plant06,2026-09,0.0
REG-010,Group,2026-04,0.0
REG-010,Group,2026-05,0.0
REG-010,Group,2026-06,0.0
REG-010,Group,2026-07,0.0
REG-010,Group,2026-08,0.0
REG-010,Group,2026-09,0.0
RSK-003,A1,2026-04,0.0
RSK-003,A1,2026-05,0.0
RSK-003,A1,2026-06,0.0
RSK-003,A1,2026-07,0.0
RSK-003,A1,2026-08,0.0
RSK-003,A1,2026-09,0.0
RSK-003,A2,2026-04,0.0
RSK-003,A2,2026-05,0.0
RSK-003,A2,2026-06,0.0
RSK-003,A2,2026-07,0.0
RSK-003,A2,2026-08,0.0
RSK-003,A2,2026-09,0.0
RSK-003,Plant01,2026-04,0.0
RSK-003,Plant01,2026-05,0.0
RSK-003,Plant01,2026-06,0.0
RSK-003,Plant01,2026-07,0.0
RSK-003,Plant01,2026-08,0.0
RSK-003,Plant01,2026-09,0.0
RSK-003,Plant02,2026-04,0.0
RSK-003,Plant02,2026-05,0.0
RSK-003,Plant02,2026-06,0.0
RSK-003,Plant02,2026-07,0.0
RSK-003,Plant02,2026-08,0.0
RSK-003,Plant02,2026-09,0.0
RSK-003,Plant03,2026-04,0.0
RSK-003,Plant03,2026-05,0.0
RSK-003,Plant03,2026-06,0.0
RSK-003,Plant03,2026-07,0.0
RSK-003,Plant03,2026-08,0.0
RSK-003,Plant03,2026-09,0.0
RSK-003,Plant04,2026-04,0.0
RSK-003,Plant04,2026-05,0.0
RSK-003,Plant04,2026-06,0.0
RSK-003,Plant04,2026-07,0.0
RSK-003,Plant04,2026-08,0.0
RSK-003,Plant04,2026-09,0.0
RSK-003,Plant05,2026-04,0.0
RSK-003,Plant05,2026-05,0.0
RSK-003,Plant05,2026-06,0.0
RSK-003,Plant05,2026-07,0.0
RSK-003,Plant05,2026-08,0.0
RSK-003,Plant05,2026-09,0.0
RSK-003,Plant06,2026-04,0.0
RSK-003,Plant06,2026-05,0.0
RSK-003,Plant06,2026-06,0.0
RSK-003,Plant06,2026-07,0.0
RSK-003,Plant06,2026-08,0.0
RSK-003,Plant06,2026-09,0.0
RSK-003,Group,2026-04,0.0
RSK-003,Group,2026-05,0.0
RSK-003,Group,2026-06,0.0
RSK-003,Group,2026-07,0.0
RSK-003,Group,2026-08,0.0
RSK-003,Group,2026-09,0.0
CMP-005,A1,2026-04,0.0
CMP-005,A1,2026-05,0.0
CMP-005,A1,2026-06,0.0
CMP-005,A1,2026-07,0.0
CMP-005,A1,2026-08,0.0
CMP-005,A1,2026-09,0.0
CMP-005,A2,2026-04,0.0
CMP-005,A2,2026-05,0.0
CMP-005,A2,2026-06,0.0
CMP-005,A2,2026-07,0.0
CMP-005,A2,2026-08,0.0
CMP-005,A2,2026-09,0.0
CMP-005,Plant01,2026-04,0.0
CMP-005,Plant01,2026-05,0.0
CMP-005,Plant01,2026-06,0.0
CMP-005,Plant01,2026-07,0.0
CMP-005,Plant01,2026-08,0.0
CMP-005,Plant01,2026-09,0.0
CMP-005,Plant02,2026-04,0.0
CMP-005,Plant02,2026-05,0.0
CMP-005,Plant02,2026-06,0.0
CMP-005,Plant02,2026-07,0.0
CMP-005,Plant02,2026-08,0.0
CMP-005,Plant02,2026-09,0.0
CMP-005,Plant03,2026-04,0.0
CMP-005,Plant03,2026-05,0.0
CMP-005,Plant03,2026-06,0.0
CMP-005,Plant03,2026-07,0.0
CMP-005,Plant03,2026-08,0.0
CMP-005,Plant03,2026-09,0.0
CMP-005,Plant04,2026-04,0.0
CMP-005,Plant04,2026-05,0.0
CMP-005,Plant04,2026-06,0.0
CMP-005,Plant04,2026-07,0.0
CMP-005,Plant04,2026-08,0.0
CMP-005,Plant04,2026-09,0.0
CMP-005,Plant05,2026-04,0.0
CMP-005,Plant05,2026-05,0.0
CMP-005,Plant05,2026-06,0.0
CMP-005,Plant05,2026-07,0.0
CMP-005,Plant05,2026-08,0.0
CMP-005,Plant05,2026-09,0.0
CMP-005,Plant06,2026-04,0.0
CMP-005,Plant06,2026-05,0.0
CMP-005,Plant06,2026-06,0.0
CMP-005,Plant06,2026-07,0.0
CMP-005,Plant06,2026-08,0.0
CMP-005,Plant06,2026-09,0.0
CMP-005,Group,2026-04,0.0
CMP-005,Group,2026-05,0.0
CMP-005,Group,2026-06,0.0
CMP-005,Group,2026-07,0.0
CMP-005,Group,2026-08,0.0
CMP-005,Group,2026-09,0.0
EHS-008,A1,2026-04,0.0
EHS-008,A1,2026-05,0.0
EHS-008,A1,2026-06,0.0
EHS-008,A1,2026-07,0.0
EHS-008,A1,2026-08,0.0
EHS-008,A1,2026-09,0.0
EHS-008,A2,2026-04,0.0
EHS-008,A2,2026-05,0.0
EHS-008,A2,2026-06,0.0
EHS-008,A2,2026-07,0.0
EHS-008,A2,2026-08,0.0
EHS-008,A2,2026-09,0.0
EHS-008,Plant01,2026-04,0.0
EHS-008,Plant01,2026-05,0.0
EHS-008,Plant01,2026-06,0.0
EHS-008,Plant01,2026-07,0.0
EHS-008,Plant01,2026-08,0.0
EHS-008,Plant01,2026-09,0.0
EHS-008,Plant02,2026-04,0.0
EHS-008,Plant02,2026-05,0.0
EHS-008,Plant02,2026-06,0.0
EHS-008,Plant02,2026-07,0.0
EHS-008,Plant02,2026-08,0.0
EHS-008,Plant02,2026-09,0.0
EHS-008,Plant03,2026-04,0.0
EHS-008,Plant03,2026-05,0.0
EHS-008,Plant03,2026-06,0.0
EHS-008,Plant03,2026-07,0.0
EHS-008,Plant03,2026-08,0.0
EHS-008,Plant03,2026-09,0.0
EHS-008,Plant04,2026-04,0.0
EHS-008,Plant04,2026-05,0.0
EHS-008,Plant04,2026-06,0.0
EHS-008,Plant04,2026-07,0.0
EHS-008,Plant04,2026-08,0.0
EHS-008,Plant04,2026-09,0.0
EHS-008,Plant05,2026-04,0.0
EHS-008,Plant05,2026-05,0.0
EHS-008,Plant05,2026-06,0.0
EHS-008,Plant05,2026-07,0.0
EHS-008,Plant05,2026-08,0.0
EHS-008,Plant05,2026-09,0.0
EHS-008,Plant06,2026-04,0.0
EHS-008,Plant06,2026-05,0.0
EHS-008,Plant06,2026-06,0.0
EHS-008,Plant06,2026-07,0.0
EHS-008,Plant06,2026-08,0.0
EHS-008,Plant06,2026-09,0.0
EHS-008,Group,2026-04,0.0
EHS-008,Group,2026-05,0.0
EHS-008,Group,2026-06,0.0
EHS-008,Group,2026-07,0.0
EHS-008,Group,2026-08,0.0
EHS-008,Group,2026-09,0.0
EHS-010,A1,2026-04,75.0
EHS-010,A1,2026-05,85.71
EHS-010,A1,2026-06,81.82
EHS-010,A1,2026-07,86.67
EHS-010,A1,2026-08,83.33
EHS-010,A1,2026-09,81.82
EHS-010,A2,2026-04,60.0
EHS-010,A2,2026-05,80.0
EHS-010,A2,2026-06,86.67
EHS-010,A2,2026-07,83.33
EHS-010,A2,2026-08,88.46
EHS-010,A2,2026-09,88.46
EHS-010,Plant01,2026-04,100.0
EHS-010,Plant01,2026-05,100.0
EHS-010,Plant01,2026-06,100.0
EHS-010,Plant01,2026-07,100.0
EHS-010,Plant01,2026-08,100.0
EHS-010,Plant01,2026-09,100.0
EHS-010,Plant02,2026-04,100.0
EHS-010,Plant02,2026-05,100.0
EHS-010,Plant02,2026-06,80.0
EHS-010,Plant02,2026-07,83.33
EHS-010,Plant02,2026-08,83.33
EHS-010,Plant02,2026-09,75.0
EHS-010,Plant03,2026-04,0.0
EHS-010,Plant03,2026-05,0.0
EHS-010,Plant03,2026-06,66.67
EHS-010,Plant03,2026-07,66.67
EHS-010,Plant03,2026-08,60.0
EHS-010,Plant03,2026-09,60.0
EHS-010,Plant04,2026-04,50.0
EHS-010,Plant04,2026-05,66.67
EHS-010,Plant04,2026-06,80.0
EHS-010,Plant04,2026-07,80.0
EHS-010,Plant04,2026-08,85.71
EHS-010,Plant04,2026-09,85.71
EHS-010,Plant05,2026-04,0.0
EHS-010,Plant05,2026-05,66.67
EHS-010,Plant05,2026-06,66.67
EHS-010,Plant05,2026-07,66.67
EHS-010,Plant05,2026-08,83.33
EHS-010,Plant05,2026-09,83.33
EHS-010,Plant06,2026-04,100.0
EHS-010,Plant06,2026-05,100.0
EHS-010,Plant06,2026-06,100.0
EHS-010,Plant06,2026-07,90.0
EHS-010,Plant06,2026-08,92.31
EHS-010,Plant06,2026-09,92.31
EHS-010,Group,2026-04,66.67
EHS-010,Group,2026-05,82.35
EHS-010,Group,2026-06,84.62
EHS-010,Group,2026-07,84.85
EHS-010,Group,2026-08,86.36
EHS-010,Group,2026-09,85.42
CTL-002,A1,2026-04,1.0
CTL-002,A1,2026-05,1.0
CTL-002,A1,2026-06,1.0
CTL-002,A1,2026-07,2.0
CTL-002,A1,2026-08,2.0
CTL-002,A1,2026-09,2.0
CTL-002,A2,2026-04,0.0
CTL-002,A2,2026-05,0.0
CTL-002,A2,2026-06,0.0
CTL-002,A2,2026-07,0.0
CTL-002,A2,2026-08,1.0
CTL-002,A2,2026-09,2.0
CTL-002,Group,2026-04,1.0
CTL-002,Group,2026-05,1.0
CTL-002,Group,2026-06,1.0
CTL-002,Group,2026-07,2.0
CTL-002,Group,2026-08,3.0
CTL-002,Group,2026-09,4.0
CTL-004,A1,2026-04,0.0
CTL-004,A1,2026-05,0.0
CTL-004,A1,2026-06,0.0
CTL-004,A1,2026-07,0.0
CTL-004,A1,2026-08,0.0
CTL-004,A1,2026-09,0.0
CTL-004,A2,2026-04,0.0
CTL-004,A2,2026-05,0.0
CTL-004,A2,2026-06,0.0
CTL-004,A2,2026-07,0.0
CTL-004,A2,2026-08,0.0
CTL-004,A2,2026-09,0.0
CTL-004,Group,2026-04,0.0
CTL-004,Group,2026-05,0.0
CTL-004,Group,2026-06,0.0
CTL-004,Group,2026-07,0.0
CTL-004,Group,2026-08,0.0
CTL-004,Group,2026-09,0.0
CTL-005,A1,2026-04,0.0
CTL-005,A1,2026-05,0.0
CTL-005,A1,2026-06,0.0
CTL-005,A1,2026-07,0.0
CTL-005,A1,2026-08,1.0
CTL-005,A1,2026-09,2.0
CTL-005,A2,2026-04,0.0
CTL-005,A2,2026-05,0.0
CTL-005,A2,2026-06,0.0
CTL-005,A2,2026-07,1.0
CTL-005,A2,2026-08,2.0
CTL-005,A2,2026-09,2.0
CTL-005,Group,2026-04,0.0
CTL-005,Group,2026-05,0.0
CTL-005,Group,2026-06,0.0
CTL-005,Group,2026-07,1.0
CTL-005,Group,2026-08,3.0
CTL-005,Group,2026-09,4.0
CTL-006,A1,2026-04,0.0
CTL-006,A1,2026-05,0.0
CTL-006,A1,2026-06,0.0
CTL-006,A1,2026-07,0.0
CTL-006,A1,2026-08,0.0
CTL-006,A1,2026-09,0.0
CTL-006,A2,2026-04,0.0
CTL-006,A2,2026-05,0.0
CTL-006,A2,2026-06,0.0
CTL-006,A2,2026-07,0.0
CTL-006,A2,2026-08,0.0
CTL-006,A2,2026-09,0.0
CTL-006,Group,2026-04,0.0
CTL-006,Group,2026-05,0.0
CTL-006,Group,2026-06,0.0
CTL-006,Group,2026-07,0.0
CTL-006,Group,2026-08,0.0
CTL-006,Group,2026-09,0.0
CTL-007,A1,2026-04,0.0
CTL-007,A1,2026-05,0.0
CTL-007,A1,2026-06,0.0
CTL-007,A1,2026-07,0.0
CTL-007,A1,2026-08,0.0
CTL-007,A1,2026-09,0.0
CTL-007,A2,2026-04,0.0
CTL-007,A2,2026-05,0.0
CTL-007,A2,2026-06,1.0
CTL-007,A2,2026-07,1.0
CTL-007,A2,2026-08,1.0
CTL-007,A2,2026-09,1.0
CTL-007,Group,2026-04,0.0
CTL-007,Group,2026-05,0.0
CTL-007,Group,2026-06,1.0
CTL-007,Group,2026-07,1.0
CTL-007,Group,2026-08,1.0
CTL-007,Group,2026-09,1.0
CTL-008,A1,2026-04,0.0
CTL-008,A1,2026-05,0.0
CTL-008,A1,2026-06,0.0
CTL-008,A1,2026-07,0.0
CTL-008,A1,2026-08,0.0
CTL-008,A1,2026-09,0.0
CTL-008,A2,2026-04,0.0
CTL-008,A2,2026-05,0.0
CTL-008,A2,2026-06,0.0
CTL-008,A2,2026-07,0.0
CTL-008,A2,2026-08,0.0
CTL-008,A2,2026-09,0.0
CTL-008,Group,2026-04,0.0
CTL-008,Group,2026-05,0.0
CTL-008,Group,2026-06,0.0
CTL-008,Group,2026-07,0.0
CTL-008,Group,2026-08,0.0
CTL-008,Group,2026-09,0.0
CTL-009,A1,2026-04,0.0
CTL-009,A1,2026-05,0.0
CTL-009,A1,2026-06,0.0
CTL-009,A1,2026-07,0.0
CTL-009,A1,2026-08,0.0
CTL-009,A1,2026-09,0.0
CTL-009,A2,2026-04,0.0
CTL-009,A2,2026-05,0.0
CTL-009,A2,2026-06,0.0
CTL-009,A2,2026-07,0.0
CTL-009,A2,2026-08,0.0
CTL-009,A2,2026-09,0.0
CTL-009,Group,2026-04,0.0
CTL-009,Group,2026-05,0.0
CTL-009,Group,2026-06,0.0
CTL-009,Group,2026-07,0.0
CTL-009,Group,2026-08,0.0
CTL-009,Group,2026-09,0.0
CTL-010,A1,2026-04,1.0
CTL-010,A1,2026-05,1.0
CTL-010,A1,2026-06,3.0
CTL-010,A1,2026-07,4.0
CTL-010,A1,2026-08,6.0
CTL-010,A1,2026-09,7.0
CTL-010,A2,2026-04,0.0
CTL-010,A2,2026-05,2.0
CTL-010,A2,2026-06,3.0
CTL-010,A2,2026-07,3.0
CTL-010,A2,2026-08,5.0
CTL-010,A2,2026-09,7.0
CTL-010,Group,2026-04,1.0
CTL-010,Group,2026-05,3.0
CTL-010,Group,2026-06,6.0
CTL-010,Group,2026-07,7.0
CTL-010,Group,2026-08,11.0
CTL-010,Group,2026-09,14.0
CTL-003,A1,2026-04,1 of 1
CTL-003,A1,2026-05,1 of 2
CTL-003,A1,2026-06,1 of 2
CTL-003,A1,2026-07,1 of 3
CTL-003,A1,2026-08,2 of 4
CTL-003,A1,2026-09,2 of 4
CTL-003,A2,2026-04,1 of 1
CTL-003,A2,2026-05,2 of 2
CTL-003,A2,2026-06,2 of 2
CTL-003,A2,2026-07,3 of 3
CTL-003,A2,2026-08,4 of 4
CTL-003,A2,2026-09,4 of 4
CTL-003,Group,2026-04,2 of 2
CTL-003,Group,2026-05,3 of 4
CTL-003,Group,2026-06,3 of 4
CTL-003,Group,2026-07,4 of 6
CTL-003,Group,2026-08,6 of 8
CTL-003,Group,2026-09,6 of 8
GOV-001,A1,2026-04,1.0
GOV-001,A1,2026-05,1.0
GOV-001,A1,2026-06,0.0
GOV-001,A1,2026-07,1.0
GOV-001,A1,2026-08,1.0
GOV-001,A1,2026-09,1.0
GOV-001,A2,2026-04,0.0
GOV-001,A2,2026-05,1.0
GOV-001,A2,2026-06,0.0
GOV-001,A2,2026-07,0.0
GOV-001,A2,2026-08,1.0
GOV-001,A2,2026-09,1.0
GOV-001,Group,2026-04,1.0
GOV-001,Group,2026-05,2.0
GOV-001,Group,2026-06,0.0
GOV-001,Group,2026-07,1.0
GOV-001,Group,2026-08,2.0
GOV-001,Group,2026-09,2.0
GOV-002,A1,2026-04,0.0
GOV-002,A1,2026-05,0.0
GOV-002,A1,2026-06,0.0
GOV-002,A1,2026-07,0.0
GOV-002,A1,2026-08,0.0
GOV-002,A1,2026-09,0.0
GOV-002,A2,2026-04,0.0
GOV-002,A2,2026-05,0.0
GOV-002,A2,2026-06,0.0
GOV-002,A2,2026-07,0.0
GOV-002,A2,2026-08,0.0
GOV-002,A2,2026-09,0.0
GOV-002,Group,2026-04,0.0
GOV-002,Group,2026-05,0.0
GOV-002,Group,2026-06,0.0
GOV-002,Group,2026-07,0.0
GOV-002,Group,2026-08,0.0
GOV-002,Group,2026-09,0.0
GOV-003,A1,2026-04,1.0
GOV-003,A1,2026-05,1.0
GOV-003,A1,2026-06,1.0
GOV-003,A1,2026-07,1.0
GOV-003,A1,2026-08,1.0
GOV-003,A1,2026-09,1.0
GOV-003,A2,2026-04,0.0
GOV-003,A2,2026-05,0.0
GOV-003,A2,2026-06,0.0
GOV-003,A2,2026-07,0.0
GOV-003,A2,2026-08,0.0
GOV-003,A2,2026-09,0.0
GOV-003,Group,2026-04,1.0
GOV-003,Group,2026-05,1.0
GOV-003,Group,2026-06,1.0
GOV-003,Group,2026-07,1.0
GOV-003,Group,2026-08,1.0
GOV-003,Group,2026-09,1.0
GOV-004,A1,2026-04,2.0
GOV-004,A1,2026-05,3.0
GOV-004,A1,2026-06,2.0
GOV-004,A1,2026-07,2.0
GOV-004,A1,2026-08,3.0
GOV-004,A1,2026-09,2.0
GOV-004,A2,2026-04,6.0
GOV-004,A2,2026-05,5.0
GOV-004,A2,2026-06,6.0
GOV-004,A2,2026-07,5.0
GOV-004,A2,2026-08,5.0
GOV-004,A2,2026-09,5.0
GOV-004,Group,2026-04,8.0
GOV-004,Group,2026-05,8.0
GOV-004,Group,2026-06,8.0
GOV-004,Group,2026-07,7.0
GOV-004,Group,2026-08,8.0
GOV-004,Group,2026-09,7.0
GOV-005,A1,2026-04,0.0
GOV-005,A1,2026-05,0.0
GOV-005,A1,2026-06,0.0
GOV-005,A1,2026-07,0.0
GOV-005,A1,2026-08,0.0
GOV-005,A1,2026-09,0.0
GOV-005,A2,2026-04,0.0
GOV-005,A2,2026-05,0.0
GOV-005,A2,2026-06,0.0
GOV-005,A2,2026-07,0.0
GOV-005,A2,2026-08,0.0
GOV-005,A2,2026-09,0.0
GOV-005,Group,2026-04,0.0
GOV-005,Group,2026-05,0.0
GOV-005,Group,2026-06,0.0
GOV-005,Group,2026-07,0.0
GOV-005,Group,2026-08,0.0
GOV-005,Group,2026-09,0.0
GOV-006,A1,2026-04,0.0
GOV-006,A1,2026-05,0.0
GOV-006,A1,2026-06,0.0
GOV-006,A1,2026-07,0.0
GOV-006,A1,2026-08,0.0
GOV-006,A1,2026-09,0.0
GOV-006,A2,2026-04,1.0
GOV-006,A2,2026-05,1.0
GOV-006,A2,2026-06,1.0
GOV-006,A2,2026-07,1.0
GOV-006,A2,2026-08,1.0
GOV-006,A2,2026-09,1.0
GOV-006,Group,2026-04,1.0
GOV-006,Group,2026-05,1.0
GOV-006,Group,2026-06,1.0
GOV-006,Group,2026-07,1.0
GOV-006,Group,2026-08,1.0
GOV-006,Group,2026-09,1.0
GOV-007,A1,2026-04,0.0
GOV-007,A1,2026-05,0.0
GOV-007,A1,2026-06,0.0
GOV-007,A1,2026-07,0.0
GOV-007,A1,2026-08,0.0
GOV-007,A1,2026-09,0.0
GOV-007,A2,2026-04,1.0
GOV-007,A2,2026-05,1.0
GOV-007,A2,2026-06,1.0
GOV-007,A2,2026-07,1.0
GOV-007,A2,2026-08,1.0
GOV-007,A2,2026-09,1.0
GOV-007,Group,2026-04,1.0
GOV-007,Group,2026-05,1.0
GOV-007,Group,2026-06,1.0
GOV-007,Group,2026-07,1.0
GOV-007,Group,2026-08,1.0
GOV-007,Group,2026-09,1.0
TRU-004,A1,2026-04,1.0
TRU-004,A1,2026-05,1.0
TRU-004,A1,2026-06,1.0
TRU-004,A1,2026-07,1.0
TRU-004,A1,2026-08,1.0
TRU-004,A1,2026-09,1.0
TRU-004,A2,2026-04,0.0
TRU-004,A2,2026-05,0.0
TRU-004,A2,2026-06,0.0
TRU-004,A2,2026-07,0.0
TRU-004,A2,2026-08,0.0
TRU-004,A2,2026-09,0.0
TRU-004,Group,2026-04,1.0
TRU-004,Group,2026-05,1.0
TRU-004,Group,2026-06,1.0
TRU-004,Group,2026-07,1.0
TRU-004,Group,2026-08,1.0
TRU-004,Group,2026-09,1.0
TRU-006,A1,2026-04,0.0
TRU-006,A1,2026-05,0.0
TRU-006,A1,2026-06,0.0
TRU-006,A1,2026-07,0.0
TRU-006,A1,2026-08,0.0
TRU-006,A1,2026-09,0.0
TRU-006,A2,2026-04,1.0
TRU-006,A2,2026-05,1.0
TRU-006,A2,2026-06,1.0
TRU-006,A2,2026-07,1.0
TRU-006,A2,2026-08,2.0
TRU-006,A2,2026-09,2.0
TRU-006,Group,2026-04,1.0
TRU-006,Group,2026-05,1.0
TRU-006,Group,2026-06,1.0
TRU-006,Group,2026-07,1.0
TRU-006,Group,2026-08,2.0
TRU-006,Group,2026-09,2.0
TRU-007,A1,2026-04,0.0
TRU-007,A1,2026-05,0.0
TRU-007,A1,2026-06,0.0
TRU-007,A1,2026-07,0.0
TRU-007,A1,2026-08,1.0
TRU-007,A1,2026-09,1.0
TRU-007,A2,2026-04,0.0
TRU-007,A2,2026-05,0.0
TRU-007,A2,2026-06,0.0
TRU-007,A2,2026-07,0.0
TRU-007,A2,2026-08,0.0
TRU-007,A2,2026-09,0.0
TRU-007,Group,2026-04,0.0
TRU-007,Group,2026-05,0.0
TRU-007,Group,2026-06,0.0
TRU-007,Group,2026-07,0.0
TRU-007,Group,2026-08,1.0
TRU-007,Group,2026-09,1.0
GOV-008,A1,2026-04,86.0
GOV-008,A1,2026-05,86.0
GOV-008,A1,2026-06,86.0
GOV-008,A1,2026-07,86.0
GOV-008,A1,2026-08,86.0
GOV-008,A1,2026-09,86.0
GOV-008,A2,2026-04,89.66
GOV-008,A2,2026-05,89.66
GOV-008,A2,2026-06,89.66
GOV-008,A2,2026-07,91.38
GOV-008,A2,2026-08,89.66
GOV-008,A2,2026-09,89.66
GOV-008,Group,2026-04,87.96
GOV-008,Group,2026-05,87.96
GOV-008,Group,2026-06,87.96
GOV-008,Group,2026-07,88.89
GOV-008,Group,2026-08,87.96
GOV-008,Group,2026-09,87.96
GOV-009,A1,2026-04,27.5
GOV-009,A1,2026-05,28.0
GOV-009,A1,2026-06,28.33
GOV-009,A1,2026-07,28.0
GOV-009,A1,2026-08,28.36
GOV-009,A1,2026-09,28.57
GOV-009,A2,2026-04,37.0
GOV-009,A2,2026-05,37.0
GOV-009,A2,2026-06,37.57
GOV-009,A2,2026-07,37.38
GOV-009,A2,2026-08,37.5
GOV-009,A2,2026-09,37.75
GOV-009,Group,2026-04,33.2
GOV-009,Group,2026-05,32.0
GOV-009,Group,2026-06,33.31
GOV-009,Group,2026-07,32.41
GOV-009,Group,2026-08,32.71
GOV-009,Group,2026-09,32.81
TRU-001,A1,2026-04,82.14
TRU-001,A1,2026-05,82.14
TRU-001,A1,2026-06,82.14
TRU-001,A1,2026-07,82.14
TRU-001,A1,2026-08,82.14
TRU-001,A1,2026-09,82.14
TRU-001,A2,2026-04,85.71
TRU-001,A2,2026-05,85.71
TRU-001,A2,2026-06,85.71
TRU-001,A2,2026-07,85.71
TRU-001,A2,2026-08,85.71
TRU-001,A2,2026-09,85.71
TRU-001,Group,2026-04,83.93
TRU-001,Group,2026-05,83.93
TRU-001,Group,2026-06,83.93
TRU-001,Group,2026-07,83.93
TRU-001,Group,2026-08,83.93
TRU-001,Group,2026-09,83.93
TRU-002,A1,2026-04,5.0
TRU-002,A1,2026-05,5.0
TRU-002,A1,2026-06,5.0
TRU-002,A1,2026-07,5.0
TRU-002,A1,2026-08,5.0
TRU-002,A1,2026-09,5.0
TRU-002,A2,2026-04,4.0
TRU-002,A2,2026-05,4.0
TRU-002,A2,2026-06,4.0
TRU-002,A2,2026-07,4.0
TRU-002,A2,2026-08,4.0
TRU-002,A2,2026-09,4.0
TRU-002,Group,2026-04,9.0
TRU-002,Group,2026-05,9.0
TRU-002,Group,2026-06,9.0
TRU-002,Group,2026-07,9.0
TRU-002,Group,2026-08,9.0
TRU-002,Group,2026-09,9.0
TRU-005,A1,2026-04,92.86
TRU-005,A1,2026-05,92.86
TRU-005,A1,2026-06,92.86
TRU-005,A1,2026-07,92.86
TRU-005,A1,2026-08,92.86
TRU-005,A1,2026-09,92.86
TRU-005,A2,2026-04,92.86
TRU-005,A2,2026-05,92.86
TRU-005,A2,2026-06,92.86
TRU-005,A2,2026-07,92.86
TRU-005,A2,2026-08,92.86
TRU-005,A2,2026-09,92.86
TRU-005,Group,2026-04,92.86
TRU-005,Group,2026-05,92.86
TRU-005,Group,2026-06,92.86
TRU-005,Group,2026-07,92.86
TRU-005,Group,2026-08,92.86
TRU-005,Group,2026-09,92.86
TRU-008,A1,2026-04,99.41
TRU-008,A1,2026-05,99.39
TRU-008,A1,2026-06,99.19
TRU-008,A1,2026-07,99.05
TRU-008,A1,2026-08,99.42
TRU-008,A1,2026-09,98.93
TRU-008,A2,2026-04,99.48
TRU-008,A2,2026-05,99.46
TRU-008,A2,2026-06,99.26
TRU-008,A2,2026-07,98.9
TRU-008,A2,2026-08,99.25
TRU-008,A2,2026-09,99.11
TRU-008,Group,2026-04,99.45
TRU-008,Group,2026-05,99.42
TRU-008,Group,2026-06,99.23
TRU-008,Group,2026-07,98.97
TRU-008,Group,2026-08,99.33
TRU-008,Group,2026-09,99.02
TRU-009,A1,2026-04,95.25
TRU-009,A1,2026-05,94.75
TRU-009,A1,2026-06,94.5
TRU-009,A1,2026-07,95.0
TRU-009,A1,2026-08,95.5
TRU-009,A1,2026-09,94.25
TRU-009,A2,2026-04,98.33
TRU-009,A2,2026-05,97.86
TRU-009,A2,2026-06,98.33
TRU-009,A2,2026-07,98.81
TRU-009,A2,2026-08,98.1
TRU-009,A2,2026-09,97.62
TRU-009,Group,2026-04,96.83
TRU-009,Group,2026-05,96.34
TRU-009,Group,2026-06,96.46
TRU-009,Group,2026-07,96.95
TRU-009,Group,2026-08,96.83
TRU-009,Group,2026-09,95.98
TRU-010,A1,2026-04,1.05
TRU-010,A1,2026-05,0.26
TRU-010,A1,2026-06,0.28
TRU-010,A1,2026-07,0.39
TRU-010,A1,2026-08,0.34
TRU-010,A1,2026-09,0.23
TRU-010,A2,2026-04,0.79
TRU-010,A2,2026-05,0.91
TRU-010,A2,2026-06,0.6
TRU-010,A2,2026-07,0.59
TRU-010,A2,2026-08,0.85
TRU-010,A2,2026-09,0.52
TRU-010,Group,2026-04,0.92
TRU-010,Group,2026-05,0.32
TRU-010,Group,2026-06,0.44
TRU-010,Group,2026-07,0.1
TRU-010,Group,2026-08,0.24
TRU-010,Group,2026-09,0.38
TRU-003,A1,2026-04,-0.1
TRU-003,A1,2026-05,0.1
TRU-003,A1,2026-06,-0.28
TRU-003,A1,2026-07,-0.19
TRU-003,A1,2026-08,0.18
TRU-003,A1,2026-09,-0.17
TRU-003,A2,2026-04,0.29
TRU-003,A2,2026-05,-0.21
TRU-003,A2,2026-06,-0.09
TRU-003,A2,2026-07,0.2
TRU-003,A2,2026-08,-0.23
TRU-003,A2,2026-09,-0.27
TRU-003,Group,2026-04,0.09
TRU-003,Group,2026-05,-0.13
TRU-003,Group,2026-06,-0.2
TRU-003,Group,2026-07,-0.03
TRU-003,Group,2026-08,0.0
TRU-003,Group,2026-09,-0.22
TRU-011,A1,2026-04,0.29
TRU-011,A1,2026-05,0.21
TRU-011,A1,2026-06,0.28
TRU-011,A1,2026-07,0.2
TRU-011,A1,2026-08,0.23
TRU-011,A1,2026-09,0.27
TRU-011,A2,2026-04,0.29
TRU-011,A2,2026-05,0.21
TRU-011,A2,2026-06,0.28
TRU-011,A2,2026-07,0.2
TRU-011,A2,2026-08,0.23
TRU-011,A2,2026-09,0.27
TRU-011,Group,2026-04,0.29
TRU-011,Group,2026-05,0.21
TRU-011,Group,2026-06,0.28
TRU-011,Group,2026-07,0.2
TRU-011,Group,2026-08,0.23
TRU-011,Group,2026-09,0.27
EFF-002,A1,2026-04,0.0
EFF-002,A1,2026-05,0.0
EFF-002,A1,2026-06,0.0
EFF-002,A1,2026-07,0.0
EFF-002,A1,2026-08,1.0
EFF-002,A1,2026-09,1.0
EFF-002,A2,2026-04,0.0
EFF-002,A2,2026-05,0.0
EFF-002,A2,2026-06,0.0
EFF-002,A2,2026-07,0.0
EFF-002,A2,2026-08,0.0
EFF-002,A2,2026-09,0.0
EFF-002,Group,2026-04,0.0
EFF-002,Group,2026-05,0.0
EFF-002,Group,2026-06,0.0
EFF-002,Group,2026-07,0.0
EFF-002,Group,2026-08,1.0
EFF-002,Group,2026-09,1.0
EFF-006,A1,2026-04,0.0
EFF-006,A1,2026-05,0.0
EFF-006,A1,2026-06,0.0
EFF-006,A1,2026-07,0.0
EFF-006,A1,2026-08,0.0
EFF-006,A1,2026-09,0.0
EFF-006,A2,2026-04,0.0
EFF-006,A2,2026-05,0.0
EFF-006,A2,2026-06,0.0
EFF-006,A2,2026-07,0.0
EFF-006,A2,2026-08,0.0
EFF-006,A2,2026-09,1.0
EFF-006,Group,2026-04,0.0
EFF-006,Group,2026-05,0.0
EFF-006,Group,2026-06,0.0
EFF-006,Group,2026-07,0.0
EFF-006,Group,2026-08,0.0
EFF-006,Group,2026-09,1.0
EFF-007,A1,2026-04,0.0
EFF-007,A1,2026-05,0.0
EFF-007,A1,2026-06,0.0
EFF-007,A1,2026-07,0.0
EFF-007,A1,2026-08,0.0
EFF-007,A1,2026-09,0.0
EFF-007,A2,2026-04,0.0
EFF-007,A2,2026-05,0.0
EFF-007,A2,2026-06,0.0
EFF-007,A2,2026-07,0.0
EFF-007,A2,2026-08,0.0
EFF-007,A2,2026-09,0.0
EFF-007,Group,2026-04,0.0
EFF-007,Group,2026-05,0.0
EFF-007,Group,2026-06,0.0
EFF-007,Group,2026-07,0.0
EFF-007,Group,2026-08,0.0
EFF-007,Group,2026-09,0.0
EFF-008,A1,2026-04,2.97
EFF-008,A1,2026-05,2.9
EFF-008,A1,2026-06,2.93
EFF-008,A1,2026-07,3.0
EFF-008,A1,2026-08,3.05
EFF-008,A1,2026-09,2.78
EFF-008,A2,2026-04,2.15
EFF-008,A2,2026-05,1.93
EFF-008,A2,2026-06,1.95
EFF-008,A2,2026-07,2.13
EFF-008,A2,2026-08,1.98
EFF-008,A2,2026-09,2.06
EFF-008,Group,2026-04,2.56
EFF-008,Group,2026-05,2.41
EFF-008,Group,2026-06,2.44
EFF-008,Group,2026-07,2.56
EFF-008,Group,2026-08,2.46
EFF-008,Group,2026-09,2.45
EFF-009,A1,2026-04,4.0
EFF-009,A1,2026-05,3.0
EFF-009,A1,2026-06,4.0
EFF-009,A1,2026-07,3.0
EFF-009,A1,2026-08,3.0
EFF-009,A1,2026-09,3.0
EFF-009,A2,2026-04,8.0
EFF-009,A2,2026-05,7.0
EFF-009,A2,2026-06,7.0
EFF-009,A2,2026-07,8.0
EFF-009,A2,2026-08,8.0
EFF-009,A2,2026-09,8.0
EFF-009,Group,2026-04,12.0
EFF-009,Group,2026-05,10.0
EFF-009,Group,2026-06,11.0
EFF-009,Group,2026-07,11.0
EFF-009,Group,2026-08,11.0
EFF-009,Group,2026-09,11.0
EFF-010,A1,2026-04,0.0
EFF-010,A1,2026-05,0.0
EFF-010,A1,2026-06,1.0
EFF-010,A1,2026-07,2.0
EFF-010,A1,2026-08,3.0
EFF-010,A1,2026-09,3.0
EFF-010,A2,2026-04,0.0
EFF-010,A2,2026-05,1.0
EFF-010,A2,2026-06,1.0
EFF-010,A2,2026-07,2.0
EFF-010,A2,2026-08,1.0
EFF-010,A2,2026-09,1.0
EFF-010,Group,2026-04,0.0
EFF-010,Group,2026-05,1.0
EFF-010,Group,2026-06,2.0
EFF-010,Group,2026-07,4.0
EFF-010,Group,2026-08,4.0
EFF-010,Group,2026-09,4.0
EFF-011,A1,2026-04,0 of 0
EFF-011,A1,2026-05,0 of 0
EFF-011,A1,2026-06,1 of 1
EFF-011,A1,2026-07,2 of 2
EFF-011,A1,2026-08,3 of 3
EFF-011,A1,2026-09,4 of 4
EFF-011,A2,2026-04,1 of 1
EFF-011,A2,2026-05,2 of 2
EFF-011,A2,2026-06,1 of 2
EFF-011,A2,2026-07,2 of 3
EFF-011,A2,2026-08,3 of 4
EFF-011,A2,2026-09,4 of 5
EFF-011,Group,2026-04,1 of 1
EFF-011,Group,2026-05,2 of 2
EFF-011,Group,2026-06,2 of 3
EFF-011,Group,2026-07,4 of 5
EFF-011,Group,2026-08,6 of 7
EFF-011,Group,2026-09,8 of 9
SIG-004,A1,2026-04,0.39
SIG-004,A1,2026-05,0.19
SIG-004,A1,2026-06,-0.03
SIG-004,A1,2026-07,-0.14
SIG-004,A1,2026-08,2.19
SIG-004,A1,2026-09,1.94
SIG-004,A2,2026-04,-0.09
SIG-004,A2,2026-05,-0.22
SIG-004,A2,2026-06,0.34
SIG-004,A2,2026-07,0.25
SIG-004,A2,2026-08,0.38
SIG-004,A2,2026-09,0.21
SIG-004,Group,2026-04,0.16
SIG-004,Group,2026-05,-0.01
SIG-004,Group,2026-06,0.13
SIG-004,Group,2026-07,0.03
SIG-004,Group,2026-08,1.41
SIG-004,Group,2026-09,1.12
SIG-005,A1,2026-04,0.0
SIG-005,A1,2026-05,0.0
SIG-005,A1,2026-06,0.0
SIG-005,A1,2026-07,0.0
SIG-005,A1,2026-08,2.0
SIG-005,A1,2026-09,2.0
SIG-005,A2,2026-04,0.0
SIG-005,A2,2026-05,1.0
SIG-005,A2,2026-06,0.0
SIG-005,A2,2026-07,1.0
SIG-005,A2,2026-08,1.0
SIG-005,A2,2026-09,1.0
SIG-005,Group,2026-04,0.0
SIG-005,Group,2026-05,1.0
SIG-005,Group,2026-06,0.0
SIG-005,Group,2026-07,1.0
SIG-005,Group,2026-08,3.0
SIG-005,Group,2026-09,3.0
SIG-006,A1,2026-04,Not triggered
SIG-006,A1,2026-05,Not triggered
SIG-006,A1,2026-06,Not triggered
SIG-006,A1,2026-07,Not triggered
SIG-006,A1,2026-08,Not triggered
SIG-006,A1,2026-09,Not triggered
SIG-006,A2,2026-04,Not triggered
SIG-006,A2,2026-05,Not triggered
SIG-006,A2,2026-06,Not triggered
SIG-006,A2,2026-07,Not triggered
SIG-006,A2,2026-08,Not triggered
SIG-006,A2,2026-09,Not triggered
SIG-006,Group,2026-04,Not triggered
SIG-006,Group,2026-05,Not triggered
SIG-006,Group,2026-06,Not triggered
SIG-006,Group,2026-07,Not triggered
SIG-006,Group,2026-08,Not triggered
SIG-006,Group,2026-09,Not triggered
SIG-013,A1,2026-04,Low (-0.3% vs plan price)
SIG-013,A1,2026-05,Low (-0.5% vs plan price)
SIG-013,A1,2026-06,Low (0.1% vs plan price)
SIG-013,A1,2026-07,Low (-0.5% vs plan price)
SIG-013,A1,2026-08,Low (0.1% vs plan price)
SIG-013,A1,2026-09,Low (-0.9% vs plan price)
SIG-013,A2,2026-04,Low (0.1% vs plan price)
SIG-013,A2,2026-05,Low (0.6% vs plan price)
SIG-013,A2,2026-06,Low (0.6% vs plan price)
SIG-013,A2,2026-07,Low (0.1% vs plan price)
SIG-013,A2,2026-08,Low (-0.7% vs plan price)
SIG-013,A2,2026-09,Low (0% vs plan price)
SIG-013,Plant01,2026-04,Low (0.3% vs plan price)
SIG-013,Plant01,2026-05,Low (1.5% vs plan price)
SIG-013,Plant01,2026-06,Low (1.4% vs plan price)
SIG-013,Plant01,2026-07,Low (1.2% vs plan price)
SIG-013,Plant01,2026-08,Low (1.4% vs plan price)
SIG-013,Plant01,2026-09,Low (0.2% vs plan price)
SIG-013,Plant02,2026-04,Medium (-1.9% vs plan price)
SIG-013,Plant02,2026-05,Medium (-2.2% vs plan price)
SIG-013,Plant02,2026-06,Medium (-2.9% vs plan price)
SIG-013,Plant02,2026-07,Medium (-1.3% vs plan price)
SIG-013,Plant02,2026-08,Medium (-1.5% vs plan price)
SIG-013,Plant02,2026-09,Medium (-2.3% vs plan price)
SIG-013,Plant03,2026-04,Low (0.5% vs plan price)
SIG-013,Plant03,2026-05,Low (-0.6% vs plan price)
SIG-013,Plant03,2026-06,Low (1.5% vs plan price)
SIG-013,Plant03,2026-07,Low (-1% vs plan price)
SIG-013,Plant03,2026-08,Low (0.2% vs plan price)
SIG-013,Plant03,2026-09,Low (-0.5% vs plan price)
SIG-013,Plant04,2026-04,Low (-0.5% vs plan price)
SIG-013,Plant04,2026-05,Low (-0.3% vs plan price)
SIG-013,Plant04,2026-06,Low (1% vs plan price)
SIG-013,Plant04,2026-07,Low (0.2% vs plan price)
SIG-013,Plant04,2026-08,Low (-0.6% vs plan price)
SIG-013,Plant04,2026-09,Low (-0.7% vs plan price)
SIG-013,Plant05,2026-04,Low (-0.6% vs plan price)
SIG-013,Plant05,2026-05,Low (1.5% vs plan price)
SIG-013,Plant05,2026-06,Low (0.4% vs plan price)
SIG-013,Plant05,2026-07,Low (0.7% vs plan price)
SIG-013,Plant05,2026-08,Low (-0.9% vs plan price)
SIG-013,Plant05,2026-09,Low (0.2% vs plan price)
SIG-013,Plant06,2026-04,Low (1.3% vs plan price)
SIG-013,Plant06,2026-05,Low (0.1% vs plan price)
SIG-013,Plant06,2026-06,Low (0.4% vs plan price)
SIG-013,Plant06,2026-07,Low (-0.8% vs plan price)
SIG-013,Plant06,2026-08,Low (-0.4% vs plan price)
SIG-013,Plant06,2026-09,Low (0.5% vs plan price)
SIG-013,Group,2026-04,Low (-0.1% vs plan price)
SIG-013,Group,2026-05,Low (0% vs plan price)
SIG-013,Group,2026-06,Low (0.3% vs plan price)
SIG-013,Group,2026-07,Low (-0.2% vs plan price)
SIG-013,Group,2026-08,Low (-0.3% vs plan price)
SIG-013,Group,2026-09,Low (-0.4% vs plan price)
PRD-001,A1,2026-04,17.0
PRD-001,A1,2026-05,12.0
PRD-001,A1,2026-06,18.0
PRD-001,A1,2026-07,12.0
PRD-001,A1,2026-08,10.0
PRD-001,A1,2026-09,4.0
PRD-001,A2,2026-04,99.0
PRD-001,A2,2026-05,99.0
PRD-001,A2,2026-06,99.0
PRD-001,A2,2026-07,99.0
PRD-001,A2,2026-08,99.0
PRD-001,A2,2026-09,99.0
PRD-001,Plant01,2026-04,99.0
PRD-001,Plant01,2026-05,99.0
PRD-001,Plant01,2026-06,99.0
PRD-001,Plant01,2026-07,99.0
PRD-001,Plant01,2026-08,99.0
PRD-001,Plant01,2026-09,99.0
PRD-001,Plant02,2026-04,17.0
PRD-001,Plant02,2026-05,12.0
PRD-001,Plant02,2026-06,18.0
PRD-001,Plant02,2026-07,12.0
PRD-001,Plant02,2026-08,10.0
PRD-001,Plant02,2026-09,4.0
PRD-001,Plant03,2026-04,99.0
PRD-001,Plant03,2026-05,99.0
PRD-001,Plant03,2026-06,99.0
PRD-001,Plant03,2026-07,99.0
PRD-001,Plant03,2026-08,99.0
PRD-001,Plant03,2026-09,99.0
PRD-001,Plant04,2026-04,99.0
PRD-001,Plant04,2026-05,99.0
PRD-001,Plant04,2026-06,99.0
PRD-001,Plant04,2026-07,99.0
PRD-001,Plant04,2026-08,99.0
PRD-001,Plant04,2026-09,99.0
PRD-001,Plant05,2026-04,99.0
PRD-001,Plant05,2026-05,99.0
PRD-001,Plant05,2026-06,99.0
PRD-001,Plant05,2026-07,99.0
PRD-001,Plant05,2026-08,99.0
PRD-001,Plant05,2026-09,99.0
PRD-001,Plant06,2026-04,99.0
PRD-001,Plant06,2026-05,99.0
PRD-001,Plant06,2026-06,99.0
PRD-001,Plant06,2026-07,99.0
PRD-001,Plant06,2026-08,99.0
PRD-001,Plant06,2026-09,99.0
PRD-001,Group,2026-04,17.0
PRD-001,Group,2026-05,12.0
PRD-001,Group,2026-06,18.0
PRD-001,Group,2026-07,12.0
PRD-001,Group,2026-08,10.0
PRD-001,Group,2026-09,4.0
PRD-002,A1,2026-04,79.31
PRD-002,A1,2026-05,69.56
PRD-002,A1,2026-06,77.23
PRD-002,A1,2026-07,77.26
PRD-002,A1,2026-08,72.77
PRD-002,A1,2026-09,79.36
PRD-002,A2,2026-04,37.76
PRD-002,A2,2026-05,41.4
PRD-002,A2,2026-06,41.65
PRD-002,A2,2026-07,41.77
PRD-002,A2,2026-08,40.91
PRD-002,A2,2026-09,45.13
PRD-002,Plant01,2026-04,50.06
PRD-002,Plant01,2026-05,35.3
PRD-002,Plant01,2026-06,43.26
PRD-002,Plant01,2026-07,51.26
PRD-002,Plant01,2026-08,45.59
PRD-002,Plant01,2026-09,38.81
PRD-002,Plant02,2026-04,96.92
PRD-002,Plant02,2026-05,92.29
PRD-002,Plant02,2026-06,95.41
PRD-002,Plant02,2026-07,91.15
PRD-002,Plant02,2026-08,94.41
PRD-002,Plant02,2026-09,98.27
PRD-002,Plant03,2026-04,41.86
PRD-002,Plant03,2026-05,42.28
PRD-002,Plant03,2026-06,42.93
PRD-002,Plant03,2026-07,46.74
PRD-002,Plant03,2026-08,43.07
PRD-002,Plant03,2026-09,43.19
PRD-002,Plant04,2026-04,49.71
PRD-002,Plant04,2026-05,40.01
PRD-002,Plant04,2026-06,36.16
PRD-002,Plant04,2026-07,48.68
PRD-002,Plant04,2026-08,39.82
PRD-002,Plant04,2026-09,52.26
PRD-002,Plant05,2026-04,40.92
PRD-002,Plant05,2026-05,46.61
PRD-002,Plant05,2026-06,50.51
PRD-002,Plant05,2026-07,50.12
PRD-002,Plant05,2026-08,50.72
PRD-002,Plant05,2026-09,46.86
PRD-002,Plant06,2026-04,39.69
PRD-002,Plant06,2026-05,47.69
PRD-002,Plant06,2026-06,46.42
PRD-002,Plant06,2026-07,37.02
PRD-002,Plant06,2026-08,40.82
PRD-002,Plant06,2026-09,43.2
PRD-002,Group,2026-04,64.9
PRD-002,Group,2026-05,59.89
PRD-002,Group,2026-06,65.54
PRD-002,Group,2026-07,65.82
PRD-002,Group,2026-08,61.08
PRD-002,Group,2026-09,69.69
PRD-003,A1,2026-04,-14.54
PRD-003,A1,2026-05,-6.48
PRD-003,A1,2026-06,-5.68
PRD-003,A1,2026-07,-10.03
PRD-003,A1,2026-08,-30.97
PRD-003,A1,2026-09,-48.53
PRD-003,A2,2026-04,-6.58
PRD-003,A2,2026-05,-14.28
PRD-003,A2,2026-06,-6.33
PRD-003,A2,2026-07,-3.95
PRD-003,A2,2026-08,-7.95
PRD-003,A2,2026-09,-7.65
PRD-003,Group,2026-04,-21.12
PRD-003,Group,2026-05,-20.76
PRD-003,Group,2026-06,-12.01
PRD-003,Group,2026-07,-13.98
PRD-003,Group,2026-08,-38.92
PRD-003,Group,2026-09,-56.18
PRD-004,A1,2026-04,None within 90 d
PRD-004,A1,2026-05,None within 90 d
PRD-004,A1,2026-06,None within 90 d
PRD-004,A1,2026-07,None within 90 d
PRD-004,A1,2026-08,None within 90 d
PRD-004,A1,2026-09,None within 90 d
PRD-004,A2,2026-04,None within 90 d
PRD-004,A2,2026-05,None within 90 d
PRD-004,A2,2026-06,None within 90 d
PRD-004,A2,2026-07,None within 90 d
PRD-004,A2,2026-08,None within 90 d
PRD-004,A2,2026-09,None within 90 d
PRD-004,Group,2026-04,None within 90 d
PRD-004,Group,2026-05,None within 90 d
PRD-004,Group,2026-06,None within 90 d
PRD-004,Group,2026-07,None within 90 d
PRD-004,Group,2026-08,None within 90 d
PRD-004,Group,2026-09,None within 90 d
PRD-005,A1,2026-04,Not forecast
PRD-005,A1,2026-05,Breach forecast
PRD-005,A1,2026-06,Not forecast
PRD-005,A1,2026-07,Not forecast
PRD-005,A1,2026-08,Not forecast
PRD-005,A1,2026-09,Not forecast
PRD-005,A2,2026-04,Not forecast
PRD-005,A2,2026-05,Not forecast
PRD-005,A2,2026-06,Not forecast
PRD-005,A2,2026-07,Not forecast
PRD-005,A2,2026-08,Not forecast
PRD-005,A2,2026-09,Not forecast
PRD-005,Group,2026-04,Not forecast
PRD-005,Group,2026-05,Not forecast
PRD-005,Group,2026-06,Not forecast
PRD-005,Group,2026-07,Not forecast
PRD-005,Group,2026-08,Not forecast
PRD-005,Group,2026-09,Not forecast
PRD-006,A1,2026-04,11.72
PRD-006,A1,2026-05,15.57
PRD-006,A1,2026-06,15.62
PRD-006,A1,2026-07,23.73
PRD-006,A1,2026-08,16.57
PRD-006,A1,2026-09,22.3
PRD-006,A2,2026-04,7.49
PRD-006,A2,2026-05,12.45
PRD-006,A2,2026-06,7.66
PRD-006,A2,2026-07,9.04
PRD-006,A2,2026-08,11.77
PRD-006,A2,2026-09,5.71
PRD-006,Plant01,2026-04,1.62
PRD-006,Plant01,2026-05,2.91
PRD-006,Plant01,2026-06,2.4
PRD-006,Plant01,2026-07,3.86
PRD-006,Plant01,2026-08,2.7
PRD-006,Plant01,2026-09,4.17
PRD-006,Plant02,2026-04,5.36
PRD-006,Plant02,2026-05,8.04
PRD-006,Plant02,2026-06,6.88
PRD-006,Plant02,2026-07,13.21
PRD-006,Plant02,2026-08,8.91
PRD-006,Plant02,2026-09,15.61
PRD-006,Plant03,2026-04,4.74
PRD-006,Plant03,2026-05,4.62
PRD-006,Plant03,2026-06,6.35
PRD-006,Plant03,2026-07,6.66
PRD-006,Plant03,2026-08,4.96
PRD-006,Plant03,2026-09,2.51
PRD-006,Plant04,2026-04,1.76
PRD-006,Plant04,2026-05,5.19
PRD-006,Plant04,2026-06,3.74
PRD-006,Plant04,2026-07,3.15
PRD-006,Plant04,2026-08,1.13
PRD-006,Plant04,2026-09,1.42
PRD-006,Plant05,2026-04,3.97
PRD-006,Plant05,2026-05,3.74
PRD-006,Plant05,2026-06,2.89
PRD-006,Plant05,2026-07,2.62
PRD-006,Plant05,2026-08,6.47
PRD-006,Plant05,2026-09,2.27
PRD-006,Plant06,2026-04,1.75
PRD-006,Plant06,2026-05,3.51
PRD-006,Plant06,2026-06,1.03
PRD-006,Plant06,2026-07,3.28
PRD-006,Plant06,2026-08,4.17
PRD-006,Plant06,2026-09,2.02
PRD-006,Group,2026-04,19.21
PRD-006,Group,2026-05,28.02
PRD-006,Group,2026-06,23.28
PRD-006,Group,2026-07,32.77
PRD-006,Group,2026-08,28.34
PRD-006,Group,2026-09,28.01
PRD-007,A1,2026-04,0.38
PRD-007,A1,2026-05,0.02
PRD-007,A1,2026-06,0.26
PRD-007,A1,2026-07,1.6
PRD-007,A1,2026-08,0.07
PRD-007,A1,2026-09,0.59
PRD-007,A2,2026-04,0.01
PRD-007,A2,2026-05,0.03
PRD-007,A2,2026-06,0.0
PRD-007,A2,2026-07,0.0
PRD-007,A2,2026-08,0.02
PRD-007,A2,2026-09,0.01
PRD-007,Plant01,2026-04,1.12
PRD-007,Plant01,2026-05,1.3
PRD-007,Plant01,2026-06,0.53
PRD-007,Plant01,2026-07,5.33
PRD-007,Plant01,2026-08,0.94
PRD-007,Plant01,2026-09,2.06
PRD-007,Plant02,2026-04,39.37
PRD-007,Plant02,2026-05,10.51
PRD-007,Plant02,2026-06,35.21
PRD-007,Plant02,2026-07,24.33
PRD-007,Plant02,2026-08,30.68
PRD-007,Plant02,2026-09,31.38
PRD-007,Plant03,2026-04,1.65
PRD-007,Plant03,2026-05,0.4
PRD-007,Plant03,2026-06,1.87
PRD-007,Plant03,2026-07,5.94
PRD-007,Plant03,2026-08,0.58
PRD-007,Plant03,2026-09,3.14
PRD-007,Plant04,2026-04,2.45
PRD-007,Plant04,2026-05,1.09
PRD-007,Plant04,2026-06,0.39
PRD-007,Plant04,2026-07,2.54
PRD-007,Plant04,2026-08,1.64
PRD-007,Plant04,2026-09,2.77
PRD-007,Plant05,2026-04,1.65
PRD-007,Plant05,2026-05,1.91
PRD-007,Plant05,2026-06,0.83
PRD-007,Plant05,2026-07,0.31
PRD-007,Plant05,2026-08,2.46
PRD-007,Plant05,2026-09,0.63
PRD-007,Plant06,2026-04,0.98
PRD-007,Plant06,2026-05,5.84
PRD-007,Plant06,2026-06,0.67
PRD-007,Plant06,2026-07,0.9
PRD-007,Plant06,2026-08,1.1
PRD-007,Plant06,2026-09,1.51
PRD-007,Group,2026-04,0.0
PRD-007,Group,2026-05,0.0
PRD-007,Group,2026-06,0.0
PRD-007,Group,2026-07,0.0
PRD-007,Group,2026-08,0.0
PRD-007,Group,2026-09,0.0
CST-005,A1,2026-04,3.58
CST-005,A1,2026-05,7.35
CST-005,A1,2026-06,10.5
CST-005,A1,2026-07,13.99
CST-005,A1,2026-08,17.67
CST-005,A1,2026-09,21.44
CST-005,A2,2026-04,3.42
CST-005,A2,2026-05,7.86
CST-005,A2,2026-06,11.18
CST-005,A2,2026-07,15.0
CST-005,A2,2026-08,19.19
CST-005,A2,2026-09,23.14
CST-005,Plant01,2026-04,1.09
CST-005,Plant01,2026-05,2.56
CST-005,Plant01,2026-06,3.66
CST-005,Plant01,2026-07,4.81
CST-005,Plant01,2026-08,5.87
CST-005,Plant01,2026-09,7.25
CST-005,Plant02,2026-04,1.11
CST-005,Plant02,2026-05,2.32
CST-005,Plant02,2026-06,3.42
CST-005,Plant02,2026-07,4.86
CST-005,Plant02,2026-08,6.26
CST-005,Plant02,2026-09,7.2
CST-005,Plant03,2026-04,1.38
CST-005,Plant03,2026-05,2.47
CST-005,Plant03,2026-06,3.42
CST-005,Plant03,2026-07,4.33
CST-005,Plant03,2026-08,5.53
CST-005,Plant03,2026-09,6.99
CST-005,Plant04,2026-04,1.11
CST-005,Plant04,2026-05,2.56
CST-005,Plant04,2026-06,3.48
CST-005,Plant04,2026-07,4.82
CST-005,Plant04,2026-08,6.05
CST-005,Plant04,2026-09,7.18
CST-005,Plant05,2026-04,1.26
CST-005,Plant05,2026-05,2.78
CST-005,Plant05,2026-06,4.24
CST-005,Plant05,2026-07,5.65
CST-005,Plant05,2026-08,7.12
CST-005,Plant05,2026-09,8.37
CST-005,Plant06,2026-04,1.04
CST-005,Plant06,2026-05,2.52
CST-005,Plant06,2026-06,3.47
CST-005,Plant06,2026-07,4.53
CST-005,Plant06,2026-08,6.02
CST-005,Plant06,2026-09,7.59
CST-005,Group,2026-04,7.0
CST-005,Group,2026-05,15.21
CST-005,Group,2026-06,21.69
CST-005,Group,2026-07,28.99
CST-005,Group,2026-08,36.86
CST-005,Group,2026-09,44.58
PRD-008,A1,2026-04,-48.35
PRD-008,A1,2026-05,-227.34
PRD-008,A1,2026-06,-145.95
PRD-008,A1,2026-07,-115.49
PRD-008,A1,2026-08,-90.51
PRD-008,A1,2026-09,-101.29
PRD-008,A2,2026-04,-15.89
PRD-008,A2,2026-05,-16.87
PRD-008,A2,2026-06,-13.88
PRD-008,A2,2026-07,-13.23
PRD-008,A2,2026-08,-16.85
PRD-008,A2,2026-09,-18.8
PRD-008,Group,2026-04,-64.24
PRD-008,Group,2026-05,-244.21
PRD-008,Group,2026-06,-159.83
PRD-008,Group,2026-07,-128.72
PRD-008,Group,2026-08,-107.36
PRD-008,Group,2026-09,-120.09
PRD-009,A1,2026-04,12.48
PRD-009,A1,2026-05,7.35
PRD-009,A1,2026-06,7.92
PRD-009,A1,2026-07,9.33
PRD-009,A1,2026-08,9.4
PRD-009,A1,2026-09,10.48
PRD-009,A2,2026-04,13.49
PRD-009,A2,2026-05,15.31
PRD-009,A2,2026-06,12.77
PRD-009,A2,2026-07,11.84
PRD-009,A2,2026-08,11.0
PRD-009,A2,2026-09,12.12
PRD-009,Group,2026-04,12.96
PRD-009,Group,2026-05,11.14
PRD-009,Group,2026-06,10.23
PRD-009,Group,2026-07,10.52
PRD-009,Group,2026-08,10.16
PRD-009,Group,2026-09,11.26
PRD-010,A1,2026-04,0.893
PRD-010,A1,2026-05,1.728
PRD-010,A1,2026-06,2.556
PRD-010,A1,2026-07,3.459
PRD-010,A1,2026-08,4.328
PRD-010,A1,2026-09,5.172
PRD-010,A2,2026-04,0.894
PRD-010,A2,2026-05,1.745
PRD-010,A2,2026-06,2.616
PRD-010,A2,2026-07,3.53
PRD-010,A2,2026-08,4.397
PRD-010,A2,2026-09,5.326
PRD-010,Group,2026-04,0.893
PRD-010,Group,2026-05,1.736
PRD-010,Group,2026-06,2.585
PRD-010,Group,2026-07,3.494
PRD-010,Group,2026-08,4.362
PRD-010,Group,2026-09,5.247
PRD-011,A1,2026-04,239.7
PRD-011,A1,2026-05,224.3
PRD-011,A1,2026-06,224.1
PRD-011,A1,2026-07,240.4
PRD-011,A1,2026-08,232.6
PRD-011,A1,2026-09,235.0
PRD-011,A2,2026-04,239.1
PRD-011,A2,2026-05,224.6
PRD-011,A2,2026-06,230.5
PRD-011,A2,2026-07,244.7
PRD-011,A2,2026-08,231.9
PRD-011,A2,2026-09,240.6
PRD-011,Group,2026-04,239.4
PRD-011,Group,2026-05,224.4
PRD-011,Group,2026-06,227.3
PRD-011,Group,2026-07,242.5
PRD-011,Group,2026-08,232.3
PRD-011,Group,2026-09,237.7
PRD-012,A1,2026-04,80.43
PRD-012,A1,2026-05,80.43
PRD-012,A1,2026-06,80.43
PRD-012,A1,2026-07,80.43
PRD-012,A1,2026-08,80.43
PRD-012,A1,2026-09,80.43
PRD-012,A2,2026-04,44.32
PRD-012,A2,2026-05,44.32
PRD-012,A2,2026-06,44.32
PRD-012,A2,2026-07,44.32
PRD-012,A2,2026-08,44.32
PRD-012,A2,2026-09,44.32
PRD-012,Group,2026-04,70.26
PRD-012,Group,2026-05,58.62
PRD-012,Group,2026-06,70.24
PRD-012,Group,2026-07,71.99
PRD-012,Group,2026-08,70.88
PRD-012,Group,2026-09,69.39
REG-011,A1,2026-04,999.0
REG-011,A1,2026-05,999.0
REG-011,A1,2026-06,999.0
REG-011,A1,2026-07,999.0
REG-011,A1,2026-08,999.0
REG-011,A1,2026-09,38.0
REG-011,A2,2026-04,999.0
REG-011,A2,2026-05,999.0
REG-011,A2,2026-06,999.0
REG-011,A2,2026-07,999.0
REG-011,A2,2026-08,999.0
REG-011,A2,2026-09,999.0
REG-011,Group,2026-04,999.0
REG-011,Group,2026-05,999.0
REG-011,Group,2026-06,999.0
REG-011,Group,2026-07,999.0
REG-011,Group,2026-08,999.0
REG-011,Group,2026-09,38.0
SIG-010,A1,2026-04,0.0
SIG-010,A1,2026-05,0.0
SIG-010,A1,2026-06,0.0
SIG-010,A1,2026-07,0.0
SIG-010,A1,2026-08,1.0
SIG-010,A1,2026-09,1.0
SIG-010,A2,2026-04,0.0
SIG-010,A2,2026-05,0.0
SIG-010,A2,2026-06,0.0
SIG-010,A2,2026-07,0.0
SIG-010,A2,2026-08,0.0
SIG-010,A2,2026-09,0.0
SIG-010,Group,2026-04,0.0
SIG-010,Group,2026-05,0.0
SIG-010,Group,2026-06,0.0
SIG-010,Group,2026-07,0.0
SIG-010,Group,2026-08,1.0
SIG-010,Group,2026-09,1.0
SIG-014,A1,2026-04,0.0
SIG-014,A1,2026-05,1.2
SIG-014,A1,2026-06,-0.59
SIG-014,A1,2026-07,1.69
SIG-014,A1,2026-08,0.78
SIG-014,A1,2026-09,2.13
SIG-014,A2,2026-04,0.0
SIG-014,A2,2026-05,1.2
SIG-014,A2,2026-06,-0.59
SIG-014,A2,2026-07,1.69
SIG-014,A2,2026-08,0.78
SIG-014,A2,2026-09,2.13
SIG-014,Group,2026-04,0.0
SIG-014,Group,2026-05,1.2
SIG-014,Group,2026-06,-0.59
SIG-014,Group,2026-07,1.69
SIG-014,Group,2026-08,0.78
SIG-014,Group,2026-09,2.13
SIG-016,A1,2026-04,0.0
SIG-016,A1,2026-05,0.0
SIG-016,A1,2026-06,0.0
SIG-016,A1,2026-07,0.0
SIG-016,A1,2026-08,0.0
SIG-016,A1,2026-09,1.0
SIG-016,A2,2026-04,0.0
SIG-016,A2,2026-05,0.0
SIG-016,A2,2026-06,0.0
SIG-016,A2,2026-07,0.0
SIG-016,A2,2026-08,0.0
SIG-016,A2,2026-09,0.0
SIG-016,Group,2026-04,0.0
SIG-016,Group,2026-05,0.0
SIG-016,Group,2026-06,0.0
SIG-016,Group,2026-07,0.0
SIG-016,Group,2026-08,0.0
SIG-016,Group,2026-09,1.0
SIG-017,A1,2026-04,0.0
SIG-017,A1,2026-05,21.74
SIG-017,A1,2026-06,-9.94
SIG-017,A1,2026-07,-2.18
SIG-017,A1,2026-08,22.71
SIG-017,A1,2026-09,-27.67
SIG-017,A2,2026-04,0.0
SIG-017,A2,2026-05,-6.2
SIG-017,A2,2026-06,18.54
SIG-017,A2,2026-07,7.09
SIG-017,A2,2026-08,-16.86
SIG-017,A2,2026-09,-5.67
SIG-017,Plant01,2026-04,0.0
SIG-017,Plant01,2026-05,37.04
SIG-017,Plant01,2026-06,-21.16
SIG-017,Plant01,2026-07,-0.13
SIG-017,Plant01,2026-08,15.79
SIG-017,Plant01,2026-09,-31.4
SIG-017,Plant02,2026-04,0.0
SIG-017,Plant02,2026-05,45.8
SIG-017,Plant02,2026-06,-22.42
SIG-017,Plant02,2026-07,22.57
SIG-017,Plant02,2026-08,8.57
SIG-017,Plant02,2026-09,-28.26
SIG-017,Plant03,2026-04,0.0
SIG-017,Plant03,2026-05,-4.66
SIG-017,Plant03,2026-06,13.56
SIG-017,Plant03,2026-07,-19.78
SIG-017,Plant03,2026-08,42.99
SIG-017,Plant03,2026-09,-25.67
SIG-017,Plant04,2026-04,0.0
SIG-017,Plant04,2026-05,4.58
SIG-017,Plant04,2026-06,21.37
SIG-017,Plant04,2026-07,1.25
SIG-017,Plant04,2026-08,-20.58
SIG-017,Plant04,2026-09,21.71
SIG-017,Plant05,2026-04,0.0
SIG-017,Plant05,2026-05,-26.06
SIG-017,Plant05,2026-06,39.64
SIG-017,Plant05,2026-07,-6.44
SIG-017,Plant05,2026-08,-21.88
SIG-017,Plant05,2026-09,-7.52
SIG-017,Plant06,2026-04,0.0
SIG-017,Plant06,2026-05,21.97
SIG-017,Plant06,2026-06,-8.44
SIG-017,Plant06,2026-07,38.19
SIG-017,Plant06,2026-08,-7.96
SIG-017,Plant06,2026-09,-23.98
SIG-017,Group,2026-04,0.0
SIG-017,Group,2026-05,7.08
SIG-017,Group,2026-06,3.23
SIG-017,Group,2026-07,2.77
SIG-017,Group,2026-08,0.81
SIG-017,Group,2026-09,-17.66
SIG-018,A1,2026-04,0.0
SIG-018,A1,2026-05,-4.54
SIG-018,A1,2026-06,-2.06
SIG-018,A1,2026-07,-10.71
SIG-018,A1,2026-08,22.05
SIG-018,A1,2026-09,-10.59
SIG-018,A2,2026-04,0.0
SIG-018,A2,2026-05,3.96
SIG-018,A2,2026-06,8.35
SIG-018,A2,2026-07,-10.1
SIG-018,A2,2026-08,-2.39
SIG-018,A2,2026-09,-3.1
SIG-018,Plant01,2026-04,0.0
SIG-018,Plant01,2026-05,22.65
SIG-018,Plant01,2026-06,-3.31
SIG-018,Plant01,2026-07,-33.97
SIG-018,Plant01,2026-08,34.44
SIG-018,Plant01,2026-09,-10.13
SIG-018,Plant02,2026-04,0.0
SIG-018,Plant02,2026-05,-6.41
SIG-018,Plant02,2026-06,0.1
SIG-018,Plant02,2026-07,15.68
SIG-018,Plant02,2026-08,-9.84
SIG-018,Plant02,2026-09,8.57
SIG-018,Plant03,2026-04,0.0
SIG-018,Plant03,2026-05,-18.76
SIG-018,Plant03,2026-06,-2.14
SIG-018,Plant03,2026-07,-14.16
SIG-018,Plant03,2026-08,51.08
SIG-018,Plant03,2026-09,-23.81
SIG-018,Plant04,2026-04,0.0
SIG-018,Plant04,2026-05,5.55
SIG-018,Plant04,2026-06,6.91
SIG-018,Plant04,2026-07,0.23
SIG-018,Plant04,2026-08,3.37
SIG-018,Plant04,2026-09,8.48
SIG-018,Plant05,2026-04,0.0
SIG-018,Plant05,2026-05,1.93
SIG-018,Plant05,2026-06,10.77
SIG-018,Plant05,2026-07,-8.23
SIG-018,Plant05,2026-08,-19.11
SIG-018,Plant05,2026-09,5.36
SIG-018,Plant06,2026-04,0.0
SIG-018,Plant06,2026-05,6.32
SIG-018,Plant06,2026-06,5.72
SIG-018,Plant06,2026-07,-20.04
SIG-018,Plant06,2026-08,18.95
SIG-018,Plant06,2026-09,-21.03
SIG-018,Group,2026-04,0.0
SIG-018,Group,2026-05,-0.53
SIG-018,Group,2026-06,3.12
SIG-018,Group,2026-07,-10.39
SIG-018,Group,2026-08,9.31
SIG-018,Group,2026-09,-7.14
SIG-001,A1,2026-04,62.8
SIG-001,A1,2026-05,88.0
SIG-001,A1,2026-06,85.7
SIG-001,A1,2026-07,127.1
SIG-001,A1,2026-08,96.2
SIG-001,A1,2026-09,120.7
SIG-001,A2,2026-04,41.1
SIG-001,A2,2026-05,79.9
SIG-001,A2,2026-06,56.3
SIG-001,A2,2026-07,58.2
SIG-001,A2,2026-08,67.8
SIG-001,A2,2026-09,33.7
SIG-001,Plant01,2026-04,13.3
SIG-001,Plant01,2026-05,19.6
SIG-001,Plant01,2026-06,18.6
SIG-001,Plant01,2026-07,27.2
SIG-001,Plant01,2026-08,19.1
SIG-001,Plant01,2026-09,30.2
SIG-001,Plant02,2026-04,31.0
SIG-001,Plant02,2026-05,45.8
SIG-001,Plant02,2026-06,37.1
SIG-001,Plant02,2026-07,69.3
SIG-001,Plant02,2026-08,53.5
SIG-001,Plant02,2026-09,78.2
SIG-001,Plant03,2026-04,18.5
SIG-001,Plant03,2026-05,22.6
SIG-001,Plant03,2026-06,30.0
SIG-001,Plant03,2026-07,30.6
SIG-001,Plant03,2026-08,23.6
SIG-001,Plant03,2026-09,12.3
SIG-001,Plant04,2026-04,13.3
SIG-001,Plant04,2026-05,40.9
SIG-001,Plant04,2026-06,33.6
SIG-001,Plant04,2026-07,22.0
SIG-001,Plant04,2026-08,9.4
SIG-001,Plant04,2026-09,10.1
SIG-001,Plant05,2026-04,17.0
SIG-001,Plant05,2026-05,18.2
SIG-001,Plant05,2026-06,15.1
SIG-001,Plant05,2026-07,13.1
SIG-001,Plant05,2026-08,34.9
SIG-001,Plant05,2026-09,10.2
SIG-001,Plant06,2026-04,10.8
SIG-001,Plant06,2026-05,20.8
SIG-001,Plant06,2026-06,7.6
SIG-001,Plant06,2026-07,23.1
SIG-001,Plant06,2026-08,23.5
SIG-001,Plant06,2026-09,13.4
SIG-001,Group,2026-04,103.9
SIG-001,Group,2026-05,167.9
SIG-001,Group,2026-06,142.0
SIG-001,Group,2026-07,185.3
SIG-001,Group,2026-08,164.0
SIG-001,Group,2026-09,154.4
SIG-002,A1,2026-04,89.68
SIG-002,A1,2026-05,91.9
SIG-002,A1,2026-06,93.25
SIG-002,A1,2026-07,89.98
SIG-002,A1,2026-08,91.19
SIG-002,A1,2026-09,91.46
SIG-002,A2,2026-04,91.38
SIG-002,A2,2026-05,92.82
SIG-002,A2,2026-06,89.73
SIG-002,A2,2026-07,93.0
SIG-002,A2,2026-08,91.0
SIG-002,A2,2026-09,92.42
SIG-002,Plant01,2026-04,91.1
SIG-002,Plant01,2026-05,93.76
SIG-002,Plant01,2026-06,94.05
SIG-002,Plant01,2026-07,88.37
SIG-002,Plant01,2026-08,92.45
SIG-002,Plant01,2026-09,91.48
SIG-002,Plant02,2026-04,88.81
SIG-002,Plant02,2026-05,94.32
SIG-002,Plant02,2026-06,94.47
SIG-002,Plant02,2026-07,90.46
SIG-002,Plant02,2026-08,88.57
SIG-002,Plant02,2026-09,93.11
SIG-002,Plant03,2026-04,89.42
SIG-002,Plant03,2026-05,88.95
SIG-002,Plant03,2026-06,91.91
SIG-002,Plant03,2026-07,90.62
SIG-002,Plant03,2026-08,92.09
SIG-002,Plant03,2026-09,90.37
SIG-002,Plant04,2026-04,92.81
SIG-002,Plant04,2026-05,91.73
SIG-002,Plant04,2026-06,90.68
SIG-002,Plant04,2026-07,94.68
SIG-002,Plant04,2026-08,91.58
SIG-002,Plant04,2026-09,90.59
SIG-002,Plant05,2026-04,89.32
SIG-002,Plant05,2026-05,92.24
SIG-002,Plant05,2026-06,89.33
SIG-002,Plant05,2026-07,94.4
SIG-002,Plant05,2026-08,89.39
SIG-002,Plant05,2026-09,93.25
SIG-002,Plant06,2026-04,93.01
SIG-002,Plant06,2026-05,94.56
SIG-002,Plant06,2026-06,89.53
SIG-002,Plant06,2026-07,89.96
SIG-002,Plant06,2026-08,92.64
SIG-002,Plant06,2026-09,92.87
SIG-002,Group,2026-04,90.5
SIG-002,Group,2026-05,92.35
SIG-002,Group,2026-06,91.47
SIG-002,Group,2026-07,91.45
SIG-002,Group,2026-08,91.09
SIG-002,Group,2026-09,91.93
SIG-003,A1,2026-04,86.95
SIG-003,A1,2026-05,85.7
SIG-003,A1,2026-06,87.19
SIG-003,A1,2026-07,87.53
SIG-003,A1,2026-08,86.96
SIG-003,A1,2026-09,87.47
SIG-003,A2,2026-04,87.03
SIG-003,A2,2026-05,86.53
SIG-003,A2,2026-06,89.22
SIG-003,A2,2026-07,86.73
SIG-003,A2,2026-08,90.09
SIG-003,A2,2026-09,87.23
SIG-003,Plant01,2026-04,89.65
SIG-003,Plant01,2026-05,84.57
SIG-003,Plant01,2026-06,86.69
SIG-003,Plant01,2026-07,91.43
SIG-003,Plant01,2026-08,88.72
SIG-003,Plant01,2026-09,91.69
SIG-003,Plant02,2026-04,82.33
SIG-003,Plant02,2026-05,86.62
SIG-003,Plant02,2026-06,82.16
SIG-003,Plant02,2026-07,87.09
SIG-003,Plant02,2026-08,82.15
SIG-003,Plant02,2026-09,86.55
SIG-003,Plant03,2026-04,88.88
SIG-003,Plant03,2026-05,85.78
SIG-003,Plant03,2026-06,91.32
SIG-003,Plant03,2026-07,85.49
SIG-003,Plant03,2026-08,89.14
SIG-003,Plant03,2026-09,85.7
SIG-003,Plant04,2026-04,88.48
SIG-003,Plant04,2026-05,87.77
SIG-003,Plant04,2026-06,90.88
SIG-003,Plant04,2026-07,85.62
SIG-003,Plant04,2026-08,89.14
SIG-003,Plant04,2026-09,88.37
SIG-003,Plant05,2026-04,87.65
SIG-003,Plant05,2026-05,85.41
SIG-003,Plant05,2026-06,90.56
SIG-003,Plant05,2026-07,89.15
SIG-003,Plant05,2026-08,90.45
SIG-003,Plant05,2026-09,88.33
SIG-003,Plant06,2026-04,85.27
SIG-003,Plant06,2026-05,86.93
SIG-003,Plant06,2026-06,86.32
SIG-003,Plant06,2026-07,84.34
SIG-003,Plant06,2026-08,90.37
SIG-003,Plant06,2026-09,84.57
SIG-003,Group,2026-04,86.99
SIG-003,Group,2026-05,86.1
SIG-003,Group,2026-06,88.15
SIG-003,Group,2026-07,87.16
SIG-003,Group,2026-08,88.51
SIG-003,Group,2026-09,87.35
SIG-015,A1,2026-04,111.15
SIG-015,A1,2026-05,124.42
SIG-015,A1,2026-06,112.48
SIG-015,A1,2026-07,122.91
SIG-015,A1,2026-08,131.19
SIG-015,A1,2026-09,123.27
SIG-015,A2,2026-04,79.64
SIG-015,A2,2026-05,83.08
SIG-015,A2,2026-06,75.8
SIG-015,A2,2026-07,104.88
SIG-015,A2,2026-08,94.34
SIG-015,A2,2026-09,98.46
SIG-015,Group,2026-04,190.79
SIG-015,Group,2026-05,207.5
SIG-015,Group,2026-06,188.28
SIG-015,Group,2026-07,227.78
SIG-015,Group,2026-08,225.53
SIG-015,Group,2026-09,221.72
SIG-019,A1,2026-04,2.0
SIG-019,A1,2026-05,1.0
SIG-019,A1,2026-06,0.0
SIG-019,A1,2026-07,0.0
SIG-019,A1,2026-08,0.0
SIG-019,A1,2026-09,2.0
SIG-019,A2,2026-04,0.0
SIG-019,A2,2026-05,0.0
SIG-019,A2,2026-06,2.0
SIG-019,A2,2026-07,2.0
SIG-019,A2,2026-08,0.0
SIG-019,A2,2026-09,1.0
SIG-019,Plant01,2026-04,1.0
SIG-019,Plant01,2026-05,0.0
SIG-019,Plant01,2026-06,0.0
SIG-019,Plant01,2026-07,0.0
SIG-019,Plant01,2026-08,0.0
SIG-019,Plant01,2026-09,1.0
SIG-019,Plant02,2026-04,1.0
SIG-019,Plant02,2026-05,1.0
SIG-019,Plant02,2026-06,0.0
SIG-019,Plant02,2026-07,0.0
SIG-019,Plant02,2026-08,0.0
SIG-019,Plant02,2026-09,0.0
SIG-019,Plant03,2026-04,0.0
SIG-019,Plant03,2026-05,0.0
SIG-019,Plant03,2026-06,0.0
SIG-019,Plant03,2026-07,0.0
SIG-019,Plant03,2026-08,0.0
SIG-019,Plant03,2026-09,1.0
SIG-019,Plant04,2026-04,0.0
SIG-019,Plant04,2026-05,0.0
SIG-019,Plant04,2026-06,0.0
SIG-019,Plant04,2026-07,1.0
SIG-019,Plant04,2026-08,0.0
SIG-019,Plant04,2026-09,0.0
SIG-019,Plant05,2026-04,0.0
SIG-019,Plant05,2026-05,0.0
SIG-019,Plant05,2026-06,1.0
SIG-019,Plant05,2026-07,1.0
SIG-019,Plant05,2026-08,0.0
SIG-019,Plant05,2026-09,0.0
SIG-019,Plant06,2026-04,0.0
SIG-019,Plant06,2026-05,0.0
SIG-019,Plant06,2026-06,1.0
SIG-019,Plant06,2026-07,0.0
SIG-019,Plant06,2026-08,0.0
SIG-019,Plant06,2026-09,1.0
SIG-019,Group,2026-04,2.0
SIG-019,Group,2026-05,1.0
SIG-019,Group,2026-06,2.0
SIG-019,Group,2026-07,2.0
SIG-019,Group,2026-08,0.0
SIG-019,Group,2026-09,3.0
SIG-020,A1,2026-04,2.0
SIG-020,A1,2026-05,1.0
SIG-020,A1,2026-06,2.0
SIG-020,A1,2026-07,1.0
SIG-020,A1,2026-08,1.0
SIG-020,A1,2026-09,1.0
SIG-020,A2,2026-04,1.0
SIG-020,A2,2026-05,0.0
SIG-020,A2,2026-06,1.0
SIG-020,A2,2026-07,1.0
SIG-020,A2,2026-08,1.0
SIG-020,A2,2026-09,0.0
SIG-020,Plant01,2026-04,0.0
SIG-020,Plant01,2026-05,0.0
SIG-020,Plant01,2026-06,0.0
SIG-020,Plant01,2026-07,0.0
SIG-020,Plant01,2026-08,0.0
SIG-020,Plant01,2026-09,0.0
SIG-020,Plant02,2026-04,1.0
SIG-020,Plant02,2026-05,1.0
SIG-020,Plant02,2026-06,1.0
SIG-020,Plant02,2026-07,1.0
SIG-020,Plant02,2026-08,1.0
SIG-020,Plant02,2026-09,1.0
SIG-020,Plant03,2026-04,1.0
SIG-020,Plant03,2026-05,0.0
SIG-020,Plant03,2026-06,1.0
SIG-020,Plant03,2026-07,0.0
SIG-020,Plant03,2026-08,0.0
SIG-020,Plant03,2026-09,0.0
SIG-020,Plant04,2026-04,0.0
SIG-020,Plant04,2026-05,0.0
SIG-020,Plant04,2026-06,0.0
SIG-020,Plant04,2026-07,0.0
SIG-020,Plant04,2026-08,0.0
SIG-020,Plant04,2026-09,0.0
SIG-020,Plant05,2026-04,1.0
SIG-020,Plant05,2026-05,0.0
SIG-020,Plant05,2026-06,1.0
SIG-020,Plant05,2026-07,0.0
SIG-020,Plant05,2026-08,0.0
SIG-020,Plant05,2026-09,0.0
SIG-020,Plant06,2026-04,0.0
SIG-020,Plant06,2026-05,0.0
SIG-020,Plant06,2026-06,0.0
SIG-020,Plant06,2026-07,1.0
SIG-020,Plant06,2026-08,1.0
SIG-020,Plant06,2026-09,0.0
SIG-020,Group,2026-04,3.0
SIG-020,Group,2026-05,1.0
SIG-020,Group,2026-06,3.0
SIG-020,Group,2026-07,2.0
SIG-020,Group,2026-08,2.0
SIG-020,Group,2026-09,1.0
RSK-001,A1,2026-04,0.0
RSK-001,A1,2026-05,0.0
RSK-001,A1,2026-06,0.0
RSK-001,A1,2026-07,0.0
RSK-001,A1,2026-08,1.0
RSK-001,A1,2026-09,1.0
RSK-001,A2,2026-04,0.0
RSK-001,A2,2026-05,0.0
RSK-001,A2,2026-06,0.0
RSK-001,A2,2026-07,0.0
RSK-001,A2,2026-08,0.0
RSK-001,A2,2026-09,0.0
RSK-001,Group,2026-04,0.0
RSK-001,Group,2026-05,0.0
RSK-001,Group,2026-06,0.0
RSK-001,Group,2026-07,0.0
RSK-001,Group,2026-08,1.0
RSK-001,Group,2026-09,1.0
RSK-002,A1,2026-04,1.0
RSK-002,A1,2026-05,0.0
RSK-002,A1,2026-06,0.0
RSK-002,A1,2026-07,1.0
RSK-002,A1,2026-08,1.0
RSK-002,A1,2026-09,1.0
RSK-002,A2,2026-04,0.0
RSK-002,A2,2026-05,1.0
RSK-002,A2,2026-06,0.0
RSK-002,A2,2026-07,1.0
RSK-002,A2,2026-08,0.0
RSK-002,A2,2026-09,2.0
RSK-002,Plant01,2026-04,1.0
RSK-002,Plant01,2026-05,0.0
RSK-002,Plant01,2026-06,0.0
RSK-002,Plant01,2026-07,0.0
RSK-002,Plant01,2026-08,0.0
RSK-002,Plant01,2026-09,1.0
RSK-002,Plant02,2026-04,0.0
RSK-002,Plant02,2026-05,0.0
RSK-002,Plant02,2026-06,0.0
RSK-002,Plant02,2026-07,1.0
RSK-002,Plant02,2026-08,1.0
RSK-002,Plant02,2026-09,0.0
RSK-002,Plant03,2026-04,0.0
RSK-002,Plant03,2026-05,0.0
RSK-002,Plant03,2026-06,0.0
RSK-002,Plant03,2026-07,0.0
RSK-002,Plant03,2026-08,0.0
RSK-002,Plant03,2026-09,0.0
RSK-002,Plant04,2026-04,0.0
RSK-002,Plant04,2026-05,0.0
RSK-002,Plant04,2026-06,0.0
RSK-002,Plant04,2026-07,1.0
RSK-002,Plant04,2026-08,0.0
RSK-002,Plant04,2026-09,0.0
RSK-002,Plant05,2026-04,0.0
RSK-002,Plant05,2026-05,0.0
RSK-002,Plant05,2026-06,0.0
RSK-002,Plant05,2026-07,0.0
RSK-002,Plant05,2026-08,0.0
RSK-002,Plant05,2026-09,1.0
RSK-002,Plant06,2026-04,0.0
RSK-002,Plant06,2026-05,1.0
RSK-002,Plant06,2026-06,0.0
RSK-002,Plant06,2026-07,0.0
RSK-002,Plant06,2026-08,0.0
RSK-002,Plant06,2026-09,1.0
RSK-002,Group,2026-04,1.0
RSK-002,Group,2026-05,1.0
RSK-002,Group,2026-06,0.0
RSK-002,Group,2026-07,2.0
RSK-002,Group,2026-08,1.0
RSK-002,Group,2026-09,3.0
STR-001,A1,2026-04,38.0
STR-001,A1,2026-05,42.2
STR-001,A1,2026-06,46.4
STR-001,A1,2026-07,50.6
STR-001,A1,2026-08,54.8
STR-001,A1,2026-09,59.0
STR-001,A2,2026-04,38.0
STR-001,A2,2026-05,43.0
STR-001,A2,2026-06,48.0
STR-001,A2,2026-07,53.0
STR-001,A2,2026-08,58.0
STR-001,A2,2026-09,63.0
STR-001,Group,2026-04,38.0
STR-001,Group,2026-05,42.57
STR-001,Group,2026-06,47.14
STR-001,Group,2026-07,51.71
STR-001,Group,2026-08,56.28
STR-001,Group,2026-09,60.85
